{
"type": "FeatureCollection",
"name": "kharghar_roads",
"crs": { "type": "name", "properties": { "name": "urn:ogc:def:crs:OGC:1.3:CRS84" } },
"features": [
{ "type": "Feature", "properties": { "name": "Kopra Flyover", "highway": "motorway" }, "geometry": { "type": "LineString", "coordinates": [ [ 73.0727161, 19.0367268 ], [ 73.0722613, 19.0363483 ] ] } },
{ "type": "Feature", "properties": { "name": "Utsav Chowk", "highway": "primary" }, "geometry": { "type": "LineString", "coordinates": [ [ 73.0619835, 19.036007 ], [ 73.0619457, 19.0359628 ], [ 73.0618995, 19.0359265 ], [ 73.0618467, 19.0358994 ], [ 73.0617893, 19.0358826 ], [ 73.0617296, 19.0358767 ], [ 73.0616698, 19.0358819 ], [ 73.0616122, 19.035898 ], [ 73.0615591, 19.0359244 ], [ 73.0615124, 19.0359602 ], [ 73.061474, 19.0360038 ], [ 73.0614453, 19.0360537 ], [ 73.0614275, 19.0361079 ], [ 73.0614212, 19.0361644 ], [ 73.0614267, 19.036221 ], [ 73.0614438, 19.0362754 ], [ 73.0614717, 19.0363257 ], [ 73.0615095, 19.0363698 ], [ 73.0615557, 19.0364061 ], [ 73.0616085, 19.0364332 ], [ 73.0616659, 19.03645 ], [ 73.0617256, 19.036456 ], [ 73.0617854, 19.0364508 ], [ 73.061843, 19.0364346 ], [ 73.0618962, 19.0364082 ], [ 73.0619429, 19.0363725 ], [ 73.0619813, 19.0363288 ], [ 73.0620099, 19.0362789 ], [ 73.0620277, 19.0362247 ], [ 73.062034, 19.0361682 ], [ 73.0620285, 19.0361117 ], [ 73.0620115, 19.0360572 ], [ 73.0619835, 19.036007 ] ] } },
{ "type": "Feature", "properties": { "name": null, "highway": "unclassified" }, "geometry": { "type": "LineString", "coordinates": [ [ 73.0572569, 19.0373007 ], [ 73.057298, 19.0372745 ], [ 73.0586419, 19.0371159 ], [ 73.0588541, 19.0370909 ], [ 73.0593976, 19.0370267 ], [ 73.0598238, 19.0369723 ], [ 73.0599791, 19.0369581 ], [ 73.0606071, 19.036884 ], [ 73.0606734, 19.0368716 ], [ 73.0607316, 19.0368522 ], [ 73.060778, 19.0368247 ], [ 73.0612587, 19.0365079 ], [ 73.0614717, 19.0363257 ] ] } },
{ "type": "Feature", "properties": { "name": "Raintree Marg", "highway": "primary" }, "geometry": { "type": "LineString", "coordinates": [ [ 73.0617256, 19.036456 ], [ 73.0618292, 19.0364948 ], [ 73.0618771, 19.0365196 ], [ 73.0619223, 19.0365531 ], [ 73.0619567, 19.0365898 ], [ 73.0620372, 19.036638 ], [ 73.0627999, 19.0377609 ], [ 73.0630239, 19.0380721 ] ] } },
{ "type": "Feature", "properties": { "name": null, "highway": "secondary" }, "geometry": { "type": "LineString", "coordinates": [ [ 73.0783211, 19.0690485 ], [ 73.0783148, 19.0690096 ], [ 73.0783006, 19.0689727 ], [ 73.078279, 19.068939 ], [ 73.0782508, 19.06891 ], [ 73.0782172, 19.0688867 ], [ 73.0781795, 19.0688701 ], [ 73.0781391, 19.0688607 ], [ 73.0780975, 19.068859 ], [ 73.0780563, 19.068865 ], [ 73.0780172, 19.0688784 ], [ 73.0779816, 19.0688989 ], [ 73.0779509, 19.0689254 ], [ 73.0779262, 19.0689572 ], [ 73.0779086, 19.0689929 ], [ 73.0778987, 19.0690311 ], [ 73.0778969, 19.0690704 ], [ 73.0779032, 19.0691093 ], [ 73.0779175, 19.0691463 ], [ 73.0779391, 19.0691799 ], [ 73.0779672, 19.069209 ], [ 73.0780008, 19.0692322 ], [ 73.0780385, 19.0692489 ], [ 73.078079, 19.0692582 ], [ 73.0781206, 19.0692599 ], [ 73.0781617, 19.069254 ], [ 73.0782009, 19.0692405 ], [ 73.0782365, 19.0692201 ], [ 73.0782672, 19.0691935 ], [ 73.0782918, 19.0691618 ], [ 73.0783094, 19.0691261 ], [ 73.0783193, 19.0690879 ], [ 73.0783211, 19.0690485 ] ] } },
{ "type": "Feature", "properties": { "name": null, "highway": "tertiary" }, "geometry": { "type": "LineString", "coordinates": [ [ 73.0845345, 19.0674964 ], [ 73.084421, 19.0675078 ], [ 73.0843161, 19.0675184 ], [ 73.083373, 19.0676138 ], [ 73.0832773, 19.0676259 ], [ 73.0831974, 19.0676397 ], [ 73.0831166, 19.0676606 ], [ 73.0830274, 19.0676865 ], [ 73.0829363, 19.0677179 ], [ 73.0821959, 19.0679767 ], [ 73.0818072, 19.0681126 ], [ 73.0811367, 19.068347 ], [ 73.0805761, 19.0685425 ], [ 73.0800577, 19.0687233 ], [ 73.0796525, 19.0688635 ], [ 73.0795603, 19.0688943 ], [ 73.0794661, 19.0689181 ], [ 73.0793224, 19.068938 ], [ 73.0791896, 19.0689503 ], [ 73.0786256, 19.0689842 ], [ 73.0784309, 19.0689959 ], [ 73.0784024, 19.068996 ], [ 73.0783676, 19.0689901 ], [ 73.0783349, 19.0689787 ], [ 73.078279, 19.068939 ] ] } },
{ "type": "Feature", "properties": { "name": "Kutak Bandhan", "highway": "secondary" }, "geometry": { "type": "LineString", "coordinates": [ [ 73.0780008, 19.0692322 ], [ 73.0780335, 19.0692779 ], [ 73.0780488, 19.0693005 ], [ 73.0780638, 19.0693282 ], [ 73.0780751, 19.0693546 ], [ 73.0780844, 19.0693855 ], [ 73.0783146, 19.0704236 ], [ 73.0784478, 19.0710295 ], [ 73.0785544, 19.071471 ], [ 73.0786519, 19.0718763 ], [ 73.0787463, 19.0722686 ], [ 73.0789795, 19.0732271 ], [ 73.0790095, 19.073373 ], [ 73.079109, 19.0734631 ] ] } },
{ "type": "Feature", "properties": { "name": "Pravesh Marg", "highway": "primary" }, "geometry": { "type": "LineString", "coordinates": [ [ 73.0620285, 19.0361117 ], [ 73.0621116, 19.0360312 ], [ 73.0621646, 19.0359741 ], [ 73.0622236, 19.0359214 ], [ 73.0622425, 19.0359086 ], [ 73.0636164, 19.03497 ], [ 73.0636934, 19.0349174 ], [ 73.0638392, 19.0348178 ], [ 73.0642752, 19.03452 ], [ 73.0643689, 19.0344494 ], [ 73.0644273, 19.0343929 ], [ 73.0644749, 19.0343359 ], [ 73.0645934, 19.0341715 ], [ 73.0647955, 19.0338886 ], [ 73.0652667, 19.0332424 ], [ 73.0656504, 19.0327162 ], [ 73.0656975, 19.0326515 ], [ 73.0657548, 19.0325748 ], [ 73.0658401, 19.0324978 ], [ 73.0660077, 19.0324063 ], [ 73.0662152, 19.0321405 ] ] } },
{ "type": "Feature", "properties": { "name": "Sector 19th Road", "highway": "secondary" }, "geometry": { "type": "LineString", "coordinates": [ [ 73.0816159, 19.0447881 ], [ 73.0814923, 19.0448 ], [ 73.081374, 19.0448142 ], [ 73.0804445, 19.0449251 ], [ 73.0800644, 19.0449688 ], [ 73.0797806, 19.0449976 ], [ 73.0795959, 19.0450107 ], [ 73.0793269, 19.0450382 ], [ 73.0792622, 19.0450488 ], [ 73.0792026, 19.0450643 ], [ 73.0791949, 19.0450675 ], [ 73.0791487, 19.0450862 ], [ 73.0791069, 19.0451079 ], [ 73.0790362, 19.0451665 ], [ 73.0786109, 19.0454809 ], [ 73.0773956, 19.0463793 ], [ 73.0773105, 19.0464339 ], [ 73.0771959, 19.0465012 ], [ 73.0771194, 19.0465077 ], [ 73.0770066, 19.0465274 ], [ 73.0768532, 19.0465444 ], [ 73.0762383, 19.0466054 ], [ 73.0752774, 19.0467007 ] ] } },
{ "type": "Feature", "properties": { "name": "Jalvayu Vihar Marg", "highway": "secondary" }, "geometry": { "type": "LineString", "coordinates": [ [ 73.0702287, 19.05003 ], [ 73.0704348, 19.0516034 ] ] } },
{ "type": "Feature", "properties": { "name": "Apeejay Road", "highway": "secondary" }, "geometry": { "type": "LineString", "coordinates": [ [ 73.069762, 19.0472237 ], [ 73.069622, 19.0472422 ], [ 73.0680112, 19.0474627 ], [ 73.0670647, 19.0475797 ], [ 73.0666088, 19.0476361 ], [ 73.0662453, 19.047681 ], [ 73.0654504, 19.0477799 ], [ 73.0651237, 19.0478216 ], [ 73.0646247, 19.0478818 ], [ 73.0645116, 19.0478958 ] ] } },
{ "type": "Feature", "properties": { "name": "Green Heritage Circle", "highway": "primary" }, "geometry": { "type": "LineString", "coordinates": [ [ 73.070945, 19.053371 ], [ 73.0709339, 19.0533309 ], [ 73.0709147, 19.0532936 ], [ 73.0708881, 19.0532606 ], [ 73.0708553, 19.0532331 ], [ 73.0708174, 19.0532122 ], [ 73.070776, 19.0531986 ], [ 73.0707325, 19.053193 ], [ 73.0706887, 19.0531955 ], [ 73.0706463, 19.053206 ], [ 73.0706162, 19.0532198 ], [ 73.0706068, 19.0532241 ], [ 73.0705965, 19.0532315 ], [ 73.0705719, 19.0532492 ], [ 73.0705428, 19.0532802 ], [ 73.0705206, 19.053316 ], [ 73.0705063, 19.0533552 ], [ 73.0705003, 19.0533963 ], [ 73.070503, 19.0534377 ], [ 73.0705141, 19.0534778 ], [ 73.0705333, 19.0535151 ], [ 73.0705598, 19.0535481 ], [ 73.0705926, 19.0535757 ], [ 73.0706305, 19.0535966 ], [ 73.070672, 19.0536101 ], [ 73.0707155, 19.0536158 ], [ 73.0707592, 19.0536133 ], [ 73.0708017, 19.0536027 ], [ 73.0708411, 19.0535846 ], [ 73.0708761, 19.0535595 ], [ 73.0709052, 19.0535285 ], [ 73.0709273, 19.0534927 ], [ 73.0709417, 19.0534535 ], [ 73.0709476, 19.0534124 ], [ 73.070945, 19.053371 ] ] } },
{ "type": "Feature", "properties": { "name": "Central Park Road", "highway": "primary" }, "geometry": { "type": "LineString", "coordinates": [ [ 73.0705965, 19.0532315 ], [ 73.070513, 19.0532274 ], [ 73.070443, 19.0532208 ], [ 73.0703621, 19.0532093 ], [ 73.0702812, 19.0531912 ], [ 73.0701102, 19.0531415 ], [ 73.0683064, 19.05262 ], [ 73.0663281, 19.0520422 ], [ 73.0653388, 19.0517532 ], [ 73.065224, 19.0517226 ], [ 73.065128, 19.0517058 ], [ 73.0650841, 19.0517017 ], [ 73.0649703, 19.0516911 ] ] } },
{ "type": "Feature", "properties": { "name": "Central Park Road", "highway": "secondary" }, "geometry": { "type": "LineString", "coordinates": [ [ 73.0705926, 19.0535757 ], [ 73.0706584, 19.0536696 ], [ 73.0706861, 19.053723 ], [ 73.0707038, 19.0537786 ], [ 73.0707219, 19.0538649 ], [ 73.0709118, 19.0554201 ], [ 73.0709164, 19.055474 ], [ 73.0711941, 19.0577723 ], [ 73.0711987, 19.0578305 ], [ 73.0711943, 19.057885 ], [ 73.0711877, 19.0579436 ], [ 73.0711643, 19.0580213 ] ] } },
{ "type": "Feature", "properties": { "name": null, "highway": "residential" }, "geometry": { "type": "LineString", "coordinates": [ [ 73.0639746, 19.0438676 ], [ 73.0638615, 19.0438814 ], [ 73.0633014, 19.0439494 ], [ 73.0631402, 19.0439678 ], [ 73.0628323, 19.0440068 ], [ 73.0625085, 19.0440502 ], [ 73.0620555, 19.044107 ], [ 73.0620148, 19.0441121 ], [ 73.0616012, 19.0441639 ], [ 73.0614151, 19.0441872 ], [ 73.0612757, 19.0440624 ], [ 73.0611362, 19.0439376 ], [ 73.0610394, 19.043851 ], [ 73.0609285, 19.0437517 ] ] } },
{ "type": "Feature", "properties": { "name": null, "highway": "primary" }, "geometry": { "type": "LineString", "coordinates": [ [ 73.0832809, 19.0728327 ], [ 73.0837078, 19.073163 ], [ 73.0837415, 19.073186 ], [ 73.0844933, 19.0737621 ], [ 73.0845461, 19.0738052 ], [ 73.0846957, 19.0739273 ], [ 73.0849555, 19.0741282 ], [ 73.0865928, 19.0753939 ], [ 73.0875084, 19.0761027 ], [ 73.0876383, 19.0761966 ], [ 73.087759, 19.0762643 ], [ 73.0878792, 19.0763088 ], [ 73.0879528, 19.0763268 ] ] } },
{ "type": "Feature", "properties": { "name": "Raintree Marg", "highway": "primary" }, "geometry": { "type": "LineString", "coordinates": [ [ 73.0617296, 19.0358767 ], [ 73.0616319, 19.0358625 ], [ 73.0615923, 19.0358426 ], [ 73.0615471, 19.0358038 ], [ 73.0614568, 19.0356706 ], [ 73.0613712, 19.0355473 ], [ 73.0612703, 19.0354001 ], [ 73.0593622, 19.0326641 ], [ 73.0592798, 19.0325459 ], [ 73.0590366, 19.0321972 ], [ 73.0585397, 19.0314847 ], [ 73.0584349, 19.0313486 ], [ 73.0580287, 19.0307519 ], [ 73.0578979, 19.0305303 ], [ 73.057837, 19.0303694 ], [ 73.0577784, 19.0301586 ], [ 73.0576871, 19.029712 ], [ 73.057571, 19.0291442 ], [ 73.0575313, 19.0289501 ], [ 73.0574688, 19.0286445 ], [ 73.0572204, 19.0274296 ], [ 73.0571278, 19.0269974 ], [ 73.0571094, 19.0269186 ], [ 73.0570353, 19.0266645 ] ] } },
{ "type": "Feature", "properties": { "name": "Gurudwara Road", "highway": "tertiary" }, "geometry": { "type": "LineString", "coordinates": [ [ 73.0711133, 19.0581257 ], [ 73.0710852, 19.0581751 ], [ 73.0710498, 19.0582117 ], [ 73.0709951, 19.0582534 ], [ 73.0685756, 19.0596309 ], [ 73.0670363, 19.0605072 ], [ 73.0654519, 19.0614093 ] ] } },
{ "type": "Feature", "properties": { "name": "Vasantdada Patil Marg", "highway": "tertiary" }, "geometry": { "type": "LineString", "coordinates": [ [ 73.0460842, 19.0269963 ], [ 73.0462947, 19.0272129 ], [ 73.0457722, 19.0281906 ], [ 73.0456674, 19.0283868 ], [ 73.0453573, 19.028977 ], [ 73.0452738, 19.0291166 ], [ 73.0452158, 19.0291991 ], [ 73.0451321, 19.0292902 ], [ 73.045028, 19.029383 ], [ 73.0448976, 19.0294801 ], [ 73.0447566, 19.0295611 ], [ 73.0446315, 19.0296246 ], [ 73.044456, 19.029695 ], [ 73.0436926, 19.0300015 ], [ 73.043349, 19.0301037 ], [ 73.0433393, 19.0305587 ] ] } },
{ "type": "Feature", "properties": { "name": "Kalamboli Link Road", "highway": "secondary" }, "geometry": { "type": "LineString", "coordinates": [ [ 73.1038826, 19.0442471 ], [ 73.1037894, 19.0442349 ], [ 73.1034018, 19.0441842 ], [ 73.1028104, 19.0441208 ], [ 73.1027516, 19.0441116 ], [ 73.1022934, 19.0440939 ], [ 73.1021793, 19.044094 ], [ 73.1016807, 19.0440991 ], [ 73.1014127, 19.0441173 ], [ 73.0997052, 19.044233 ], [ 73.0994754, 19.0442382 ], [ 73.0992268, 19.0442304 ], [ 73.0990054, 19.0442151 ], [ 73.0987447, 19.0441815 ], [ 73.0985052, 19.0441445 ], [ 73.0982917, 19.0441011 ], [ 73.0981407, 19.0440601 ], [ 73.0976598, 19.0438962 ], [ 73.0974304, 19.0438024 ], [ 73.0972022, 19.0436973 ], [ 73.0971312, 19.043659 ], [ 73.0970519, 19.0436163 ], [ 73.096793, 19.0434568 ], [ 73.0963801, 19.0431951 ], [ 73.0951235, 19.0423885 ], [ 73.0950449, 19.042338 ], [ 73.0931688, 19.0411346 ], [ 73.0922055, 19.0405147 ], [ 73.0912763, 19.0399167 ], [ 73.0904827, 19.0394093 ], [ 73.0902638, 19.0392699 ], [ 73.0900455, 19.0391162 ], [ 73.0895514, 19.0387461 ], [ 73.0894555, 19.0386664 ], [ 73.0893506, 19.0385672 ], [ 73.0892301, 19.038447 ], [ 73.0890762, 19.0382794 ], [ 73.0887915, 19.0379354 ], [ 73.0886331, 19.0377427 ], [ 73.0884733, 19.0375375 ], [ 73.0883087, 19.0373184 ], [ 73.0881476, 19.0370773 ], [ 73.0879827, 19.0368149 ], [ 73.0878195, 19.036555 ], [ 73.0863911, 19.0339852 ] ] } },
{ "type": "Feature", "properties": { "name": "Kalamboli Link Road", "highway": "secondary" }, "geometry": { "type": "LineString", "coordinates": [ [ 73.0853614, 19.0324991 ], [ 73.0855857, 19.0327842 ], [ 73.085731, 19.033029 ], [ 73.0859066, 19.0333247 ], [ 73.0860886, 19.0336313 ] ] } },
{ "type": "Feature", "properties": { "name": null, "highway": "service" }, "geometry": { "type": "LineString", "coordinates": [ [ 73.0866308, 19.0327328 ], [ 73.0867103, 19.0328169 ], [ 73.086759, 19.0328675 ], [ 73.0868192, 19.0329135 ], [ 73.0868535, 19.0329196 ], [ 73.0868915, 19.0329087 ], [ 73.0869192, 19.0328933 ], [ 73.0869319, 19.0328772 ], [ 73.0869344, 19.0328117 ], [ 73.0869345, 19.0327707 ], [ 73.086933, 19.0327282 ], [ 73.0869214, 19.032598 ] ] } },
{ "type": "Feature", "properties": { "name": null, "highway": "track" }, "geometry": { "type": "LineString", "coordinates": [ [ 73.0740346, 19.0235044 ], [ 73.0744322, 19.0238982 ], [ 73.0846664, 19.0329073 ] ] } },
{ "type": "Feature", "properties": { "name": "Sector 18th Road", "highway": "residential" }, "geometry": { "type": "LineString", "coordinates": [ [ 73.0798798, 19.0472605 ], [ 73.0805844, 19.0471828 ], [ 73.0809721, 19.0471421 ], [ 73.0811153, 19.0471271 ], [ 73.0812547, 19.0471125 ], [ 73.0812949, 19.0471067 ], [ 73.0816627, 19.0470696 ] ] } },
{ "type": "Feature", "properties": { "name": "Kopra Flyover", "highway": "motorway" }, "geometry": { "type": "LineString", "coordinates": [ [ 73.0746733, 19.0380669 ], [ 73.0744811, 19.037957 ], [ 73.0743208, 19.0378471 ], [ 73.0727161, 19.0367268 ] ] } },
{ "type": "Feature", "properties": { "name": "Kopra Flyover", "highway": "motorway" }, "geometry": { "type": "LineString", "coordinates": [ [ 73.0726485, 19.0368137 ], [ 73.0742543, 19.0379346 ], [ 73.07442, 19.038048 ], [ 73.0746143, 19.0381591 ] ] } },
{ "type": "Feature", "properties": { "name": null, "highway": "residential" }, "geometry": { "type": "LineString", "coordinates": [ [ 73.0650266, 19.0367291 ], [ 73.0651303, 19.0366851 ], [ 73.0665883, 19.036066 ], [ 73.0671348, 19.035832 ], [ 73.0672282, 19.0357942 ], [ 73.0677864, 19.0355572 ], [ 73.0682678, 19.0353528 ], [ 73.069123, 19.0349897 ] ] } },
{ "type": "Feature", "properties": { "name": "Raghunath Road", "highway": "secondary" }, "geometry": { "type": "LineString", "coordinates": [ [ 73.0725687, 19.0439792 ], [ 73.0725726, 19.0440107 ], [ 73.07266, 19.0447593 ], [ 73.0726832, 19.0449693 ], [ 73.0727549, 19.0456195 ], [ 73.0728001, 19.0459867 ], [ 73.0728086, 19.0460495 ], [ 73.0729277, 19.0469338 ] ] } },
{ "type": "Feature", "properties": { "name": null, "highway": "residential" }, "geometry": { "type": "LineString", "coordinates": [ [ 73.0665883, 19.036066 ], [ 73.0662905, 19.035428 ], [ 73.0662356, 19.0353495 ], [ 73.0662038, 19.0353089 ], [ 73.0661702, 19.0352659 ], [ 73.0660818, 19.035194 ], [ 73.065679, 19.0349173 ], [ 73.0656767, 19.0349157 ], [ 73.065358, 19.0346967 ], [ 73.0647856, 19.0343035 ], [ 73.0645934, 19.0341715 ] ] } },
{ "type": "Feature", "properties": { "name": null, "highway": "tertiary" }, "geometry": { "type": "LineString", "coordinates": [ [ 73.0577262, 19.0270995 ], [ 73.0577555, 19.0270654 ] ] } },
{ "type": "Feature", "properties": { "name": "Kharghar Flyover", "highway": "motorway" }, "geometry": { "type": "LineString", "coordinates": [ [ 73.0688819, 19.0342456 ], [ 73.0693887, 19.0346358 ] ] } },
{ "type": "Feature", "properties": { "name": "Kharghar Flyover", "highway": "motorway" }, "geometry": { "type": "LineString", "coordinates": [ [ 73.0635708, 19.0304752 ], [ 73.0628352, 19.0299039 ] ] } },
{ "type": "Feature", "properties": { "name": null, "highway": "motorway_link" }, "geometry": { "type": "LineString", "coordinates": [ [ 73.072133, 19.0365156 ], [ 73.072581, 19.0369006 ], [ 73.073103, 19.037265 ], [ 73.073603, 19.037614 ] ] } },
{ "type": "Feature", "properties": { "name": null, "highway": "motorway_link" }, "geometry": { "type": "LineString", "coordinates": [ [ 73.0695169, 19.0344685 ], [ 73.0690157, 19.034071 ], [ 73.0662152, 19.0321405 ], [ 73.065964, 19.0319679 ], [ 73.0646173, 19.0310532 ], [ 73.0636377, 19.0303879 ], [ 73.0628352, 19.0299039 ] ] } },
{ "type": "Feature", "properties": { "name": "Kharghar Flyover", "highway": "motorway" }, "geometry": { "type": "LineString", "coordinates": [ [ 73.0689488, 19.0341583 ], [ 73.0674155, 19.0331082 ] ] } },
{ "type": "Feature", "properties": { "name": null, "highway": "motorway_link" }, "geometry": { "type": "LineString", "coordinates": [ [ 73.0627074, 19.0300714 ], [ 73.063437, 19.0306498 ], [ 73.0657552, 19.0322407 ], [ 73.0660077, 19.0324063 ], [ 73.068815, 19.0343329 ], [ 73.0693887, 19.0346358 ] ] } },
{ "type": "Feature", "properties": { "name": "Kharghar Flyover", "highway": "motorway" }, "geometry": { "type": "LineString", "coordinates": [ [ 73.0635039, 19.0305625 ], [ 73.0645392, 19.0312715 ] ] } },
{ "type": "Feature", "properties": { "name": null, "highway": "motorway_link" }, "geometry": { "type": "LineString", "coordinates": [ [ 73.0751788, 19.038247 ], [ 73.0747345, 19.0379792 ], [ 73.0746484, 19.037927 ], [ 73.0745563, 19.0378729 ], [ 73.0743874, 19.0377595 ], [ 73.0738885, 19.0374095 ], [ 73.0738165, 19.037361 ], [ 73.0727836, 19.03664 ], [ 73.0727238, 19.0366066 ], [ 73.0722613, 19.0363483 ] ] } },
{ "type": "Feature", "properties": { "name": null, "highway": "motorway_link" }, "geometry": { "type": "LineString", "coordinates": [ [ 73.0837931, 19.0337844 ], [ 73.0842513, 19.033552 ], [ 73.0855857, 19.0327842 ], [ 73.0856593, 19.0327393 ], [ 73.0858054, 19.0326502 ], [ 73.086091, 19.0324701 ], [ 73.0882021, 19.0310048 ], [ 73.0886573, 19.0306177 ] ] } },
{ "type": "Feature", "properties": { "name": "Sion-Panvel Highway Flyover", "highway": "motorway" }, "geometry": { "type": "LineString", "coordinates": [ [ 73.0837931, 19.0337844 ], [ 73.0841859, 19.0334528 ] ] } },
{ "type": "Feature", "properties": { "name": "Pravesh Marg", "highway": "primary" }, "geometry": { "type": "LineString", "coordinates": [ [ 73.065964, 19.0319679 ], [ 73.0657552, 19.0322407 ], [ 73.0656903, 19.0324145 ], [ 73.0656407, 19.0324961 ], [ 73.065588, 19.0325801 ], [ 73.0655408, 19.0326448 ], [ 73.065147, 19.0331644 ], [ 73.0646759, 19.0338177 ], [ 73.064486, 19.0340977 ], [ 73.0643675, 19.0342616 ], [ 73.0643272, 19.0343097 ], [ 73.0642795, 19.0343559 ], [ 73.0641947, 19.0344198 ], [ 73.0636124, 19.0348176 ], [ 73.0635354, 19.0348702 ], [ 73.0621833, 19.0358226 ], [ 73.0620613, 19.0358617 ], [ 73.061979, 19.035886 ], [ 73.0618467, 19.0358994 ] ] } },
{ "type": "Feature", "properties": { "name": "Belpada Road", "highway": "tertiary" }, "geometry": { "type": "LineString", "coordinates": [ [ 73.058109, 19.0273633 ], [ 73.0579684, 19.0275885 ], [ 73.0579551, 19.0276278 ], [ 73.0579491, 19.0276671 ], [ 73.0579556, 19.027709 ], [ 73.0580338, 19.027926 ], [ 73.0582784, 19.0286137 ], [ 73.0583196, 19.0287555 ], [ 73.058446, 19.0290889 ], [ 73.0585198, 19.0293096 ], [ 73.0585877, 19.0294586 ], [ 73.0586796, 19.0296117 ], [ 73.058776, 19.0297482 ], [ 73.0588824, 19.0298684 ], [ 73.0589849, 19.0299669 ], [ 73.0593254, 19.0302366 ], [ 73.0596134, 19.0304692 ], [ 73.0598869, 19.0306902 ] ] } },
{ "type": "Feature", "properties": { "name": null, "highway": "residential" }, "geometry": { "type": "LineString", "coordinates": [ [ 73.064263, 19.0393753 ], [ 73.0641787, 19.0386507 ], [ 73.0641841, 19.0386381 ] ] } },
{ "type": "Feature", "properties": { "name": null, "highway": "residential" }, "geometry": { "type": "LineString", "coordinates": [ [ 73.0660431, 19.0391116 ], [ 73.0659519, 19.0384162 ] ] } },
{ "type": "Feature", "properties": { "name": null, "highway": "residential" }, "geometry": { "type": "LineString", "coordinates": [ [ 73.0668827, 19.0390131 ], [ 73.06648, 19.0390604 ], [ 73.0660431, 19.0391116 ], [ 73.0657385, 19.0391473 ], [ 73.0645893, 19.0393249 ], [ 73.064263, 19.0393753 ], [ 73.064219, 19.0393815 ], [ 73.0641685, 19.0393887 ], [ 73.0640098, 19.0394112 ], [ 73.0634597, 19.0394654 ], [ 73.0633565, 19.0394756 ], [ 73.0632447, 19.039485 ] ] } },
{ "type": "Feature", "properties": { "name": "Ryan International School Road", "highway": "tertiary" }, "geometry": { "type": "LineString", "coordinates": [ [ 73.0697583, 19.0355465 ], [ 73.070025, 19.0358148 ], [ 73.070823, 19.0366484 ], [ 73.0710676, 19.0369039 ], [ 73.0711436, 19.037047 ], [ 73.0711888, 19.0371842 ], [ 73.0712178, 19.0372872 ], [ 73.0712862, 19.0376112 ], [ 73.0713439, 19.0381472 ], [ 73.0713532, 19.0382332 ], [ 73.0713857, 19.0385035 ], [ 73.0713937, 19.0385763 ], [ 73.0714058, 19.0386866 ], [ 73.0714369, 19.0389707 ], [ 73.0714571, 19.0391555 ], [ 73.0714634, 19.0392124 ], [ 73.0714844, 19.0394044 ], [ 73.0714945, 19.0394953 ], [ 73.0715046, 19.0396059 ] ] } },
{ "type": "Feature", "properties": { "name": "Shaheed Baghat Singh Marg", "highway": "primary" }, "geometry": { "type": "LineString", "coordinates": [ [ 73.0421719, 19.0257432 ], [ 73.0422545, 19.0256755 ], [ 73.0426584, 19.0253447 ], [ 73.0426795, 19.0253271 ], [ 73.0427077, 19.0253027 ], [ 73.0431308, 19.0249376 ], [ 73.0432867, 19.0248069 ], [ 73.0436524, 19.0244937 ], [ 73.0441787, 19.024043 ], [ 73.0446558, 19.0236331 ], [ 73.0447903, 19.0235502 ], [ 73.0448944, 19.0235074 ], [ 73.0449148, 19.0235015 ], [ 73.0450253, 19.0234698 ], [ 73.0452379, 19.0234258 ], [ 73.04541, 19.0233942 ], [ 73.04679, 19.0231452 ], [ 73.0469157, 19.0231225 ] ] } },
{ "type": "Feature", "properties": { "name": "Raintree Marg", "highway": "primary" }, "geometry": { "type": "LineString", "coordinates": [ [ 73.0569221, 19.0267048 ], [ 73.0570044, 19.0269409 ], [ 73.0570338, 19.0270379 ], [ 73.0571659, 19.0277031 ], [ 73.0573481, 19.028667 ], [ 73.0574116, 19.0289686 ], [ 73.0576672, 19.0301825 ], [ 73.0577279, 19.0304013 ], [ 73.0577937, 19.0305751 ], [ 73.0579312, 19.0308079 ], [ 73.0579559, 19.030844 ], [ 73.0579916, 19.0308962 ], [ 73.0580375, 19.0309633 ], [ 73.0583417, 19.0314079 ], [ 73.0589378, 19.0322603 ], [ 73.0591786, 19.0326046 ], [ 73.0611749, 19.0354591 ], [ 73.0613719, 19.0357199 ], [ 73.0614514, 19.0358624 ], [ 73.0614725, 19.0359217 ], [ 73.0614771, 19.0359715 ], [ 73.0614453, 19.0360537 ] ] } },
{ "type": "Feature", "properties": { "name": null, "highway": "tertiary_link" }, "geometry": { "type": "LineString", "coordinates": [ [ 73.0572204, 19.0274296 ], [ 73.0572314, 19.0273481 ], [ 73.0572467, 19.0272973 ], [ 73.0572717, 19.0272534 ], [ 73.0573073, 19.0272123 ], [ 73.0573773, 19.0271572 ], [ 73.0574577, 19.027117 ], [ 73.0575453, 19.0270934 ], [ 73.0576361, 19.0270875 ], [ 73.0577262, 19.0270995 ] ] } },
{ "type": "Feature", "properties": { "name": "Mansarovar Station Road", "highway": "track" }, "geometry": { "type": "LineString", "coordinates": [ [ 73.0801763, 19.0186803 ], [ 73.0804317, 19.0184308 ], [ 73.0806253, 19.0184942 ], [ 73.0806703, 19.0184982 ], [ 73.0807153, 19.0184753 ], [ 73.081222, 19.0180613 ], [ 73.0814782, 19.0178102 ], [ 73.0815594, 19.0177214 ], [ 73.0824153, 19.0168205 ] ] } },
{ "type": "Feature", "properties": { "name": "Service Road", "highway": "tertiary" }, "geometry": { "type": "LineString", "coordinates": [ [ 73.064644, 19.0319096 ], [ 73.064633, 19.031875 ], [ 73.0646074, 19.0318421 ], [ 73.063996, 19.0314228 ], [ 73.0631922, 19.0308683 ], [ 73.06245, 19.0303563 ], [ 73.0623561, 19.0302915 ], [ 73.0620609, 19.0300878 ], [ 73.0619724, 19.0300268 ], [ 73.0609246, 19.0293039 ] ] } },
{ "type": "Feature", "properties": { "name": null, "highway": "tertiary" }, "geometry": { "type": "LineString", "coordinates": [ [ 73.0766049, 19.0574079 ], [ 73.0765378, 19.0574817 ], [ 73.0765674, 19.0576313 ], [ 73.0766076, 19.0578702 ], [ 73.0773225, 19.0632686 ], [ 73.0775142, 19.0647161 ], [ 73.0775223, 19.0647772 ], [ 73.0780416, 19.0687396 ], [ 73.078041, 19.0687817 ], [ 73.078033, 19.06882 ], [ 73.078017, 19.0688509 ], [ 73.0779816, 19.0688989 ] ] } },
{ "type": "Feature", "properties": { "name": "Prime Mall Lane", "highway": "residential" }, "geometry": { "type": "LineString", "coordinates": [ [ 73.0642411, 19.0411421 ], [ 73.0643182, 19.0417259 ], [ 73.0643862, 19.0422395 ], [ 73.0644663, 19.0428495 ], [ 73.0644884, 19.0430178 ], [ 73.0645658, 19.0436082 ], [ 73.0645757, 19.0436831 ] ] } },
{ "type": "Feature", "properties": { "name": null, "highway": "residential" }, "geometry": { "type": "LineString", "coordinates": [ [ 73.0682837, 19.0439965 ], [ 73.0676234, 19.0447231 ] ] } },
{ "type": "Feature", "properties": { "name": null, "highway": "residential" }, "geometry": { "type": "LineString", "coordinates": [ [ 73.0688041, 19.0443908 ], [ 73.0692899, 19.0437635 ], [ 73.069572, 19.0434015 ], [ 73.06998, 19.042878 ], [ 73.0701173, 19.0427301 ], [ 73.070358, 19.0424999 ], [ 73.0704141, 19.0424205 ], [ 73.0704707, 19.0424416 ], [ 73.0710313, 19.0423452 ], [ 73.0717779, 19.0421963 ], [ 73.0718072, 19.0421905 ], [ 73.0719136, 19.0421692 ], [ 73.0723373, 19.0420848 ] ] } },
{ "type": "Feature", "properties": { "name": null, "highway": "tertiary" }, "geometry": { "type": "LineString", "coordinates": [ [ 73.0831278, 19.056715 ], [ 73.083012, 19.0567285 ], [ 73.0829007, 19.0567415 ], [ 73.0805094, 19.0570208 ], [ 73.0783516, 19.057271 ], [ 73.0767019, 19.0574623 ], [ 73.0765378, 19.0574817 ], [ 73.0717229, 19.0580517 ], [ 73.0716492, 19.0580545 ], [ 73.0715959, 19.05805 ], [ 73.0714881, 19.0580334 ] ] } },
{ "type": "Feature", "properties": { "name": null, "highway": "residential" }, "geometry": { "type": "LineString", "coordinates": [ [ 73.0679771, 19.040237 ], [ 73.0678952, 19.0402466 ], [ 73.0672666, 19.0403203 ], [ 73.0666548, 19.0403921 ], [ 73.0659132, 19.040479 ] ] } },
{ "type": "Feature", "properties": { "name": null, "highway": "residential" }, "geometry": { "type": "LineString", "coordinates": [ [ 73.0656784, 19.0384483 ], [ 73.0655564, 19.037877 ], [ 73.0655534, 19.0377363 ] ] } },
{ "type": "Feature", "properties": { "name": "Kendriya Vihar Road - Navrang Road - Gharkul Road - Dhansoli Nirman Yojana Marg", "highway": "primary" }, "geometry": { "type": "LineString", "coordinates": [ [ 73.0693556, 19.0413406 ], [ 73.0698365, 19.0413714 ] ] } },
{ "type": "Feature", "properties": { "name": null, "highway": "residential" }, "geometry": { "type": "LineString", "coordinates": [ [ 73.0596231, 19.0670366 ], [ 73.0595887, 19.0669358 ], [ 73.0595991, 19.0668154 ], [ 73.0595578, 19.0667569 ], [ 73.0594648, 19.0666918 ], [ 73.0593719, 19.0666365 ], [ 73.0592996, 19.066552 ] ] } },
{ "type": "Feature", "properties": { "name": null, "highway": "residential" }, "geometry": { "type": "LineString", "coordinates": [ [ 73.0588799, 19.0702402 ], [ 73.0587508, 19.0701788 ], [ 73.0586778, 19.0701351 ], [ 73.058595, 19.0700109 ], [ 73.0585342, 19.0698798 ], [ 73.0584636, 19.0698384 ], [ 73.0583906, 19.0698338 ], [ 73.0583565, 19.0698016 ], [ 73.0583346, 19.0697464 ], [ 73.0583273, 19.0696636 ], [ 73.0583006, 19.0694934 ], [ 73.0583006, 19.0692427 ] ] } },
{ "type": "Feature", "properties": { "name": null, "highway": "tertiary" }, "geometry": { "type": "LineString", "coordinates": [ [ 73.0603017, 19.0682278 ], [ 73.0602969, 19.0680622 ], [ 73.0603066, 19.0679242 ], [ 73.0604672, 19.0675838 ], [ 73.0606015, 19.067395 ], [ 73.060657, 19.067317 ], [ 73.0607252, 19.067087 ], [ 73.0607544, 19.0666178 ], [ 73.0607544, 19.0661808 ], [ 73.0607872, 19.0657486 ], [ 73.0608069, 19.0654886 ], [ 73.0608609, 19.0648619 ], [ 73.0608737, 19.0642372 ], [ 73.0608901, 19.0637657 ], [ 73.0609542, 19.0633145 ], [ 73.0609676, 19.0629063 ], [ 73.0610105, 19.0627872 ], [ 73.0611259, 19.0626883 ], [ 73.0612841, 19.0625996 ], [ 73.0614316, 19.0624855 ], [ 73.0616945, 19.0622599 ], [ 73.0617455, 19.0621154 ], [ 73.061775, 19.0620038 ], [ 73.0618501, 19.0612915 ], [ 73.0618796, 19.0611723 ], [ 73.0619788, 19.0610759 ], [ 73.0620834, 19.0610024 ], [ 73.0628217, 19.0605701 ], [ 73.0636948, 19.0601084 ], [ 73.063859, 19.0601202 ], [ 73.0639663, 19.0601937 ], [ 73.0640548, 19.0602165 ], [ 73.0641836, 19.0602064 ], [ 73.0642595, 19.0601966 ] ] } },
{ "type": "Feature", "properties": { "name": null, "highway": "track" }, "geometry": { "type": "LineString", "coordinates": [ [ 73.0585201, 19.068069 ], [ 73.0583994, 19.068012 ], [ 73.0582412, 19.06796 ], [ 73.0579904, 19.0679068 ], [ 73.057757, 19.0678586 ], [ 73.0574352, 19.0677787 ], [ 73.0572742, 19.0677559 ], [ 73.057175, 19.0677585 ], [ 73.057057, 19.0678294 ], [ 73.0568102, 19.067979 ], [ 73.0564964, 19.0681007 ], [ 73.0563113, 19.0682401 ], [ 73.0560565, 19.0684353 ], [ 73.0557373, 19.0685266 ], [ 73.0555013, 19.0684987 ], [ 73.0553028, 19.0683922 ], [ 73.0552183, 19.0683745 ], [ 73.0551472, 19.0683871 ], [ 73.0550909, 19.0684302 ], [ 73.0550587, 19.0684822 ], [ 73.055044, 19.0685481 ], [ 73.0550468, 19.0686325 ], [ 73.0550493, 19.0686673 ] ] } },
{ "type": "Feature", "properties": { "name": null, "highway": "track" }, "geometry": { "type": "LineString", "coordinates": [ [ 73.0557346, 19.0743317 ], [ 73.0557843, 19.0741821 ], [ 73.0558084, 19.0740845 ], [ 73.0558325, 19.0739578 ], [ 73.0558527, 19.0739071 ], [ 73.0559251, 19.0738247 ], [ 73.0560069, 19.0737626 ], [ 73.056149, 19.0736954 ], [ 73.0562992, 19.0736523 ], [ 73.0564999, 19.0736142 ], [ 73.0566508, 19.0735176 ], [ 73.0567895, 19.0734348 ], [ 73.0568406, 19.0733681 ], [ 73.0568844, 19.0732785 ], [ 73.0569428, 19.0731037 ], [ 73.0568917, 19.0728369 ], [ 73.0568528, 19.0726414 ], [ 73.0568212, 19.072531 ], [ 73.0568358, 19.0724229 ], [ 73.0569136, 19.0722872 ], [ 73.0570402, 19.0721078 ], [ 73.0571205, 19.0719629 ], [ 73.0573225, 19.0717858 ], [ 73.0576218, 19.0716248 ], [ 73.057797, 19.0716156 ], [ 73.0579089, 19.071588 ], [ 73.0580185, 19.0715443 ], [ 73.0580939, 19.0714914 ], [ 73.058128, 19.0714339 ], [ 73.0582399, 19.071312 ], [ 73.0584054, 19.0711832 ], [ 73.0584782, 19.0711131 ], [ 73.0585271, 19.0710659 ], [ 73.0586049, 19.0709348 ], [ 73.0586471, 19.0707753 ], [ 73.0586706, 19.0706864 ], [ 73.058695, 19.0705645 ], [ 73.058802, 19.0703966 ], [ 73.0588799, 19.0702402 ], [ 73.0590576, 19.0699826 ], [ 73.0591768, 19.0698147 ], [ 73.0594389, 19.0695514 ], [ 73.0596798, 19.0693467 ], [ 73.0598867, 19.0691328 ], [ 73.0599737, 19.0690646 ], [ 73.0600449, 19.0690086 ], [ 73.0602274, 19.0689258 ], [ 73.0604099, 19.0688223 ], [ 73.0606532, 19.0686084 ], [ 73.0608747, 19.0683968 ], [ 73.0609818, 19.0683513 ] ] } },
{ "type": "Feature", "properties": { "name": null, "highway": "unclassified" }, "geometry": { "type": "LineString", "coordinates": [ [ 73.0595192, 19.0683136 ], [ 73.059579, 19.0682945 ], [ 73.0597591, 19.0683037 ], [ 73.0598588, 19.0683244 ], [ 73.0599659, 19.0683152 ], [ 73.0601387, 19.0682991 ], [ 73.060202, 19.0683106 ], [ 73.0603017, 19.0682278 ], [ 73.0604234, 19.0682462 ], [ 73.0606619, 19.0683014 ], [ 73.0609818, 19.0683513 ], [ 73.0610913, 19.0683048 ], [ 73.0614222, 19.0682335 ], [ 73.061853, 19.0681737 ], [ 73.0624151, 19.0681323 ], [ 73.0625824, 19.068099 ], [ 73.0626463, 19.0680863 ], [ 73.0627437, 19.068084 ], [ 73.0628751, 19.0681024 ], [ 73.0632358, 19.0682591 ], [ 73.0633885, 19.0683255 ], [ 73.0635442, 19.0684035 ], [ 73.0637098, 19.0684865 ], [ 73.0638822, 19.0685893 ], [ 73.0640261, 19.0686751 ], [ 73.0644103, 19.0687948 ], [ 73.0647275, 19.0688253 ], [ 73.0650323, 19.0687759 ], [ 73.0652994, 19.0686682 ], [ 73.0665049, 19.0679531 ], [ 73.066585, 19.0678669 ] ] } },
{ "type": "Feature", "properties": { "name": null, "highway": "track" }, "geometry": { "type": "LineString", "coordinates": [ [ 73.057797, 19.0716156 ], [ 73.0578016, 19.0717261 ], [ 73.0577741, 19.0719408 ], [ 73.057719, 19.0720871 ], [ 73.0576158, 19.0722411 ], [ 73.0575768, 19.0723515 ], [ 73.0575647, 19.0724688 ], [ 73.0575866, 19.0726344 ], [ 73.0575939, 19.0727356 ], [ 73.0575744, 19.0728667 ], [ 73.057572, 19.0729886 ], [ 73.0575939, 19.0730944 ], [ 73.0576401, 19.0732416 ], [ 73.0576888, 19.0733428 ], [ 73.0577034, 19.0734325 ], [ 73.0576863, 19.0735705 ], [ 73.0576863, 19.0737177 ], [ 73.0577034, 19.0738028 ], [ 73.057752, 19.0739224 ], [ 73.0578275, 19.0740788 ], [ 73.0578713, 19.0741685 ], [ 73.057881, 19.0742444 ], [ 73.0578251, 19.0743548 ], [ 73.0577885, 19.0744721 ], [ 73.0577472, 19.074617 ], [ 73.0577496, 19.0747227 ], [ 73.0577618, 19.0748078 ], [ 73.057791, 19.0749412 ], [ 73.057808, 19.0750171 ], [ 73.0578007, 19.0751022 ], [ 73.0577569, 19.0752057 ], [ 73.0576888, 19.0753207 ], [ 73.0576182, 19.0754196 ], [ 73.0575939, 19.0754794 ], [ 73.0575793, 19.075553 ], [ 73.0575987, 19.0756542 ], [ 73.0576231, 19.0757255 ], [ 73.0576936, 19.0758198 ], [ 73.0577569, 19.075898 ], [ 73.0578421, 19.0759417 ], [ 73.0579613, 19.0759532 ], [ 73.058139, 19.0759555 ], [ 73.0581925, 19.0759647 ], [ 73.0582144, 19.0759946 ], [ 73.0582315, 19.0760521 ], [ 73.0582071, 19.0761142 ], [ 73.0581828, 19.0761671 ], [ 73.0581049, 19.0762039 ], [ 73.0580287, 19.0762923 ], [ 73.057893, 19.0764188 ] ] } },
{ "type": "Feature", "properties": { "name": null, "highway": "residential" }, "geometry": { "type": "LineString", "coordinates": [ [ 73.0594389, 19.0695514 ], [ 73.0592074, 19.0693558 ], [ 73.0590285, 19.0691932 ], [ 73.0589734, 19.0690435 ], [ 73.0589665, 19.0686662 ], [ 73.0589527, 19.0683735 ] ] } },
{ "type": "Feature", "properties": { "name": null, "highway": "residential" }, "geometry": { "type": "LineString", "coordinates": [ [ 73.0468584, 19.0532477 ], [ 73.0469044, 19.0532506 ], [ 73.0469747, 19.0532492 ], [ 73.047036, 19.053248 ], [ 73.0471776, 19.0532425 ], [ 73.0473372, 19.0532339 ] ] } },
{ "type": "Feature", "properties": { "name": null, "highway": "service" }, "geometry": { "type": "LineString", "coordinates": [ [ 73.0540674, 19.0252878 ], [ 73.053853, 19.0251697 ] ] } },
{ "type": "Feature", "properties": { "name": null, "highway": "service" }, "geometry": { "type": "LineString", "coordinates": [ [ 73.0535944, 19.0280938 ], [ 73.0537801, 19.0280733 ], [ 73.0538467, 19.0280601 ], [ 73.053904, 19.0280338 ], [ 73.0539319, 19.0280045 ], [ 73.0539628, 19.0279591 ], [ 73.0540532, 19.0277895 ], [ 73.0540888, 19.0277626 ], [ 73.0541565, 19.0277457 ], [ 73.0542156, 19.0277324 ], [ 73.0542728, 19.0277099 ], [ 73.0543122, 19.0276939 ], [ 73.054589, 19.0275591 ], [ 73.05464, 19.0275416 ], [ 73.0546849, 19.0275386 ], [ 73.0547337, 19.0275445 ], [ 73.0547817, 19.0275555 ], [ 73.0548235, 19.0275716 ], [ 73.0550018, 19.0276801 ], [ 73.0552216, 19.0277962 ] ] } },
{ "type": "Feature", "properties": { "name": null, "highway": "unclassified" }, "geometry": { "type": "LineString", "coordinates": [ [ 73.0462172, 19.0181305 ], [ 73.0466954, 19.0183514 ] ] } },
{ "type": "Feature", "properties": { "name": null, "highway": "residential" }, "geometry": { "type": "LineString", "coordinates": [ [ 73.0452158, 19.0291991 ], [ 73.0456263, 19.0297166 ] ] } },
{ "type": "Feature", "properties": { "name": "Bharati Vidyapeeth Campus Road", "highway": "service" }, "geometry": { "type": "LineString", "coordinates": [ [ 73.0551699, 19.0259613 ], [ 73.0555879, 19.0261897 ], [ 73.0556282, 19.0262292 ], [ 73.0556452, 19.0262643 ], [ 73.0556529, 19.026314 ], [ 73.0556529, 19.0263755 ], [ 73.0556247, 19.0265659 ], [ 73.0553942, 19.0273246 ], [ 73.0552216, 19.0277962 ], [ 73.0551064, 19.0281667 ], [ 73.055053, 19.0283899 ], [ 73.0550261, 19.0284606 ], [ 73.0549508, 19.0285764 ], [ 73.0548759, 19.0287248 ], [ 73.0548014, 19.0288363 ], [ 73.0547688, 19.0288655 ], [ 73.0547482, 19.0288696 ], [ 73.0547276, 19.0288696 ], [ 73.054709, 19.028872 ], [ 73.0546928, 19.0288766 ], [ 73.0546835, 19.0288854 ], [ 73.0546497, 19.0289452 ], [ 73.0546487, 19.0289549 ], [ 73.0546526, 19.028967 ], [ 73.0546958, 19.0289985 ] ] } },
{ "type": "Feature", "properties": { "name": null, "highway": "residential" }, "geometry": { "type": "LineString", "coordinates": [ [ 73.0441131, 19.0329593 ], [ 73.0443549, 19.0329605 ], [ 73.0447103, 19.0329622 ], [ 73.0450649, 19.0329638 ], [ 73.0451442, 19.0329647 ], [ 73.0452497, 19.0329647 ] ] } },
{ "type": "Feature", "properties": { "name": null, "highway": "service" }, "geometry": { "type": "LineString", "coordinates": [ [ 73.0615876, 19.0497491 ], [ 73.061584, 19.0497196 ], [ 73.0612296, 19.0496549 ], [ 73.0612301, 19.0495359 ], [ 73.0612256, 19.049477 ], [ 73.0612101, 19.0494164 ], [ 73.0612044, 19.0493889 ], [ 73.0611987, 19.0493619 ], [ 73.0611618, 19.0492475 ], [ 73.0611422, 19.0491522 ], [ 73.0611248, 19.0490682 ], [ 73.0611197, 19.0489685 ], [ 73.0611448, 19.0488831 ], [ 73.0612314, 19.0487413 ], [ 73.0612653, 19.04866 ], [ 73.061271, 19.048537 ], [ 73.0612151, 19.0484554 ], [ 73.0610253, 19.0485112 ], [ 73.0609251, 19.0485406 ] ] } },
{ "type": "Feature", "properties": { "name": null, "highway": "service" }, "geometry": { "type": "LineString", "coordinates": [ [ 73.0543205, 19.0249021 ], [ 73.0542196, 19.0250471 ], [ 73.0541186, 19.0251921 ], [ 73.0540674, 19.0252878 ], [ 73.0539346, 19.0255355 ], [ 73.053805, 19.0257773 ], [ 73.0537897, 19.0257882 ], [ 73.0537591, 19.025799 ], [ 73.0537295, 19.0258052 ], [ 73.0536786, 19.0258021 ], [ 73.0536545, 19.0257944 ], [ 73.0535279, 19.0257298 ] ] } },
{ "type": "Feature", "properties": { "name": null, "highway": "residential" }, "geometry": { "type": "LineString", "coordinates": [ [ 73.0633014, 19.0439494 ], [ 73.0633589, 19.0443473 ], [ 73.0633936, 19.0445871 ], [ 73.063497, 19.0453028 ], [ 73.0635031, 19.0453448 ], [ 73.0636037, 19.046041 ], [ 73.0636096, 19.0460816 ], [ 73.0636178, 19.0461382 ], [ 73.0637073, 19.0467579 ], [ 73.0637229, 19.0468658 ], [ 73.0638729, 19.0475245 ] ] } },
{ "type": "Feature", "properties": { "name": null, "highway": "residential" }, "geometry": { "type": "LineString", "coordinates": [ [ 73.0593254, 19.0302366 ], [ 73.0596712, 19.0297719 ], [ 73.0603262, 19.0288915 ] ] } },
{ "type": "Feature", "properties": { "name": null, "highway": "service" }, "geometry": { "type": "LineString", "coordinates": [ [ 73.0584665, 19.0357652 ], [ 73.0570025, 19.0359 ] ] } },
{ "type": "Feature", "properties": { "name": null, "highway": "residential" }, "geometry": { "type": "LineString", "coordinates": [ [ 73.0432662, 19.0345084 ], [ 73.0436669, 19.0345121 ], [ 73.0439858, 19.0345151 ], [ 73.0441423, 19.0345166 ], [ 73.0443163, 19.0345182 ], [ 73.0444879, 19.0345198 ], [ 73.0448082, 19.0345203 ], [ 73.0450444, 19.0345207 ], [ 73.0450801, 19.0345304 ], [ 73.0450957, 19.0345548 ], [ 73.0451017, 19.0345643 ], [ 73.0450983, 19.0350544 ] ] } },
{ "type": "Feature", "properties": { "name": null, "highway": "cycleway" }, "geometry": { "type": "LineString", "coordinates": [ [ 73.0485329, 19.0501498 ], [ 73.0488178, 19.050148 ], [ 73.0490261, 19.050137 ], [ 73.0493041, 19.0501222 ], [ 73.0496132, 19.0501197 ], [ 73.0497356, 19.0500901 ], [ 73.0499245, 19.0500924 ], [ 73.0500347, 19.0501149 ], [ 73.0501102, 19.0501134 ], [ 73.0501475, 19.0501084 ], [ 73.0503303, 19.0500664 ], [ 73.0504226, 19.0500228 ], [ 73.0504954, 19.0499322 ], [ 73.0505487, 19.0498886 ], [ 73.0506452, 19.049853 ], [ 73.0507298, 19.0498681 ], [ 73.0508524, 19.0498888 ], [ 73.0508825, 19.0499184 ], [ 73.0508691, 19.0499488 ], [ 73.0509683, 19.0500426 ], [ 73.0510585, 19.0501266 ], [ 73.0510697, 19.0501955 ], [ 73.05114, 19.0502619 ], [ 73.0511496, 19.0503469 ], [ 73.0511799, 19.0504242 ], [ 73.0511709, 19.0504863 ], [ 73.0511239, 19.0505267 ], [ 73.0510369, 19.0506068 ], [ 73.0509854, 19.0506991 ], [ 73.0509801, 19.0508769 ], [ 73.051089, 19.0511385 ], [ 73.0510941, 19.0513331 ], [ 73.0511138, 19.0514361 ], [ 73.0512895, 19.0514777 ], [ 73.0513262, 19.0516938 ], [ 73.0513117, 19.0517565 ], [ 73.0513948, 19.0518452 ], [ 73.0514189, 19.0518683 ] ] } },
{ "type": "Feature", "properties": { "name": null, "highway": "residential" }, "geometry": { "type": "LineString", "coordinates": [ [ 73.0634835, 19.0568194 ], [ 73.0633253, 19.0567839 ], [ 73.0630785, 19.0567306 ], [ 73.063016, 19.0567201 ], [ 73.0629334, 19.0567063 ], [ 73.0626091, 19.0566521 ], [ 73.062019, 19.0566014 ], [ 73.0617079, 19.0565735 ], [ 73.0615875, 19.056542 ], [ 73.0613109, 19.0564695 ], [ 73.0611572, 19.056415 ], [ 73.0603634, 19.0561339 ], [ 73.0597759, 19.0558539 ], [ 73.0591633, 19.0555217 ], [ 73.0587767, 19.0553746 ], [ 73.0585759, 19.0553651 ], [ 73.0584202, 19.0553414 ], [ 73.0583499, 19.0553034 ], [ 73.0582595, 19.0552275 ], [ 73.0581541, 19.0550186 ], [ 73.0581315, 19.0548359 ], [ 73.0581052, 19.0547824 ], [ 73.0580687, 19.0547481 ], [ 73.0579862, 19.054725 ], [ 73.0578747, 19.0547092 ], [ 73.0577216, 19.0546948 ], [ 73.0573619, 19.0546998 ], [ 73.0571468, 19.0546673 ], [ 73.0569413, 19.0546455 ] ] } },
{ "type": "Feature", "properties": { "name": null, "highway": "residential" }, "geometry": { "type": "LineString", "coordinates": [ [ 73.0550978, 19.0288157 ], [ 73.0549252, 19.0295216 ], [ 73.0548574, 19.0297874 ], [ 73.0547946, 19.0299085 ], [ 73.0547093, 19.0299749 ], [ 73.0546836, 19.0299935 ], [ 73.0545486, 19.0300912 ], [ 73.0544105, 19.0301767 ], [ 73.0543201, 19.0301885 ], [ 73.0542448, 19.0301529 ], [ 73.0536322, 19.0297139 ], [ 73.0529042, 19.0292155 ], [ 73.0528095, 19.0291463 ] ] } },
{ "type": "Feature", "properties": { "name": null, "highway": "residential" }, "geometry": { "type": "LineString", "coordinates": [ [ 73.0582784, 19.0286137 ], [ 73.058646, 19.0285323 ], [ 73.0594105, 19.0283629 ], [ 73.0594558, 19.0283445 ], [ 73.0594852, 19.0283118 ] ] } },
{ "type": "Feature", "properties": { "name": null, "highway": "residential" }, "geometry": { "type": "LineString", "coordinates": [ [ 73.0598869, 19.0306902 ], [ 73.0602492, 19.0302062 ], [ 73.0602739, 19.0301732 ], [ 73.0609246, 19.0293039 ] ] } },
{ "type": "Feature", "properties": { "name": null, "highway": "service" }, "geometry": { "type": "LineString", "coordinates": [ [ 73.0495847, 19.0237876 ], [ 73.0508495, 19.0239734 ], [ 73.052446, 19.024192 ] ] } },
{ "type": "Feature", "properties": { "name": null, "highway": "service" }, "geometry": { "type": "LineString", "coordinates": [ [ 73.0600805, 19.0378596 ], [ 73.0599719, 19.0378868 ], [ 73.0598511, 19.037917 ], [ 73.0596971, 19.037945 ], [ 73.0589824, 19.0380243 ], [ 73.0589541, 19.0380274 ] ] } },
{ "type": "Feature", "properties": { "name": null, "highway": "tertiary" }, "geometry": { "type": "LineString", "coordinates": [ [ 73.0578316, 19.0395611 ], [ 73.0576537, 19.0388853 ], [ 73.0576155, 19.03874 ], [ 73.057248, 19.0373436 ], [ 73.0572569, 19.0373007 ] ] } },
{ "type": "Feature", "properties": { "name": null, "highway": "residential" }, "geometry": { "type": "LineString", "coordinates": [ [ 73.0577784, 19.0301586 ], [ 73.0580871, 19.0300991 ], [ 73.0582481, 19.030068 ], [ 73.0586643, 19.0299878 ], [ 73.0587686, 19.0299498 ], [ 73.0588326, 19.0299152 ], [ 73.0588824, 19.0298684 ] ] } },
{ "type": "Feature", "properties": { "name": null, "highway": "residential" }, "geometry": { "type": "LineString", "coordinates": [ [ 73.0441024, 19.0239628 ], [ 73.0441787, 19.024043 ], [ 73.0442035, 19.0240691 ], [ 73.0453579, 19.0252822 ], [ 73.0456655, 19.0256055 ] ] } },
{ "type": "Feature", "properties": { "name": null, "highway": "tertiary" }, "geometry": { "type": "LineString", "coordinates": [ [ 73.0599791, 19.0369581 ], [ 73.0600805, 19.0378596 ], [ 73.0603179, 19.0396361 ], [ 73.0603228, 19.0396727 ], [ 73.0603354, 19.039767 ], [ 73.0603913, 19.0401856 ], [ 73.0604415, 19.0404946 ], [ 73.0605016, 19.0408643 ], [ 73.060494, 19.0408986 ], [ 73.0604881, 19.040925 ], [ 73.0604552, 19.0409594 ], [ 73.0603935, 19.0409817 ], [ 73.0596344, 19.0410785 ], [ 73.0596088, 19.0410942 ], [ 73.0595915, 19.0411146 ], [ 73.0595856, 19.0411475 ], [ 73.0597319, 19.0422598 ], [ 73.059772, 19.0425647 ] ] } },
{ "type": "Feature", "properties": { "name": null, "highway": "residential" }, "geometry": { "type": "LineString", "coordinates": [ [ 73.0462947, 19.0272129 ], [ 73.0463634, 19.0271312 ], [ 73.0464363, 19.0270219 ], [ 73.0465294, 19.0268528 ], [ 73.0467399, 19.0262452 ], [ 73.0467474, 19.0262011 ], [ 73.0467344, 19.026143 ], [ 73.0466785, 19.0260585 ], [ 73.0466356, 19.0259599 ], [ 73.04663, 19.0258824 ], [ 73.0466412, 19.0257714 ], [ 73.0466729, 19.0256798 ], [ 73.0467157, 19.0255794 ], [ 73.0467659, 19.0253706 ] ] } },
{ "type": "Feature", "properties": { "name": null, "highway": "residential" }, "geometry": { "type": "LineString", "coordinates": [ [ 73.046331, 19.0244217 ], [ 73.0463197, 19.0244755 ], [ 73.0458461, 19.0248555 ], [ 73.0453579, 19.0252822 ], [ 73.0448501, 19.0257261 ] ] } },
{ "type": "Feature", "properties": { "name": null, "highway": "residential" }, "geometry": { "type": "LineString", "coordinates": [ [ 73.0468584, 19.0532477 ], [ 73.0468648, 19.0532786 ], [ 73.0468752, 19.0533193 ], [ 73.0469015, 19.0533819 ], [ 73.0469406, 19.0534633 ], [ 73.0470122, 19.0536551 ] ] } },
{ "type": "Feature", "properties": { "name": null, "highway": "unclassified" }, "geometry": { "type": "LineString", "coordinates": [ [ 73.0467628, 19.0183695 ], [ 73.0466841, 19.0186309 ], [ 73.0466344, 19.0189264 ], [ 73.0466345, 19.0191949 ], [ 73.0468463, 19.0203521 ], [ 73.046924, 19.0208119 ], [ 73.0469738, 19.0209963 ], [ 73.0470499, 19.0211216 ], [ 73.0471316, 19.0211618 ], [ 73.0472678, 19.0212139 ], [ 73.0475399, 19.0212353 ], [ 73.0477546, 19.0212358 ] ] } },
{ "type": "Feature", "properties": { "name": null, "highway": "residential" }, "geometry": { "type": "LineString", "coordinates": [ [ 73.046331, 19.0244217 ], [ 73.046318, 19.0243769 ], [ 73.0458901, 19.0239476 ], [ 73.0455037, 19.0235599 ], [ 73.0454486, 19.0234625 ], [ 73.04541, 19.0233942 ], [ 73.0453919, 19.0232882 ] ] } },
{ "type": "Feature", "properties": { "name": null, "highway": "unclassified" }, "geometry": { "type": "LineString", "coordinates": [ [ 73.0516539, 19.0409095 ], [ 73.0517465, 19.0408061 ], [ 73.0526813, 19.0397622 ], [ 73.0527551, 19.0397317 ], [ 73.0529506, 19.0397817 ] ] } },
{ "type": "Feature", "properties": { "name": null, "highway": "residential" }, "geometry": { "type": "LineString", "coordinates": [ [ 73.0628323, 19.0440068 ], [ 73.0627756, 19.0436443 ], [ 73.0627595, 19.0435507 ], [ 73.0627047, 19.0432336 ] ] } },
{ "type": "Feature", "properties": { "name": null, "highway": "residential" }, "geometry": { "type": "LineString", "coordinates": [ [ 73.0508448, 19.0436575 ], [ 73.0509299, 19.0437936 ], [ 73.0509796, 19.0438674 ], [ 73.051008, 19.0439513 ], [ 73.0510258, 19.0441292 ], [ 73.0510809, 19.0443779 ], [ 73.051111, 19.0444245 ], [ 73.0511414, 19.0445008 ], [ 73.0511515, 19.044534 ], [ 73.0511263, 19.0445886 ], [ 73.0510962, 19.0446503 ], [ 73.0510661, 19.0447286 ], [ 73.0510636, 19.0448212 ], [ 73.0511289, 19.0448948 ], [ 73.0511891, 19.0449375 ], [ 73.0512067, 19.0449802 ], [ 73.0511866, 19.0450324 ], [ 73.0511565, 19.0451178 ], [ 73.0511515, 19.0451558 ], [ 73.0511891, 19.0452033 ], [ 73.051277, 19.0453243 ], [ 73.0513498, 19.0454738 ], [ 73.0513724, 19.0455497 ], [ 73.0514282, 19.0460698 ], [ 73.0514737, 19.0464935 ] ] } },
{ "type": "Feature", "properties": { "name": null, "highway": "residential" }, "geometry": { "type": "LineString", "coordinates": [ [ 73.0584, 19.0352532 ], [ 73.0587816, 19.0352164 ], [ 73.0590572, 19.0351899 ], [ 73.059126, 19.0352115 ] ] } },
{ "type": "Feature", "properties": { "name": null, "highway": "service" }, "geometry": { "type": "LineString", "coordinates": [ [ 73.0567996, 19.0251678 ], [ 73.0575263, 19.0255183 ], [ 73.0581297, 19.0259538 ] ] } },
{ "type": "Feature", "properties": { "name": "Navi Mumbai Coastal Road", "highway": "proposed" }, "geometry": { "type": "LineString", "coordinates": [ [ 73.0725986, 19.0272732 ], [ 73.0724563, 19.0271935 ], [ 73.0723342, 19.0270893 ], [ 73.0722672, 19.0269766 ], [ 73.0722134, 19.0269194 ], [ 73.0720496, 19.0268352 ], [ 73.0719371, 19.0267596 ], [ 73.0716272, 19.0264109 ], [ 73.0713458, 19.0262258 ], [ 73.0713725, 19.0259978 ], [ 73.0713132, 19.0259484 ], [ 73.0712766, 19.0259179 ], [ 73.0710297, 19.0257121 ], [ 73.0708414, 19.0255052 ], [ 73.0703419, 19.025018 ], [ 73.070113, 19.024825 ], [ 73.0695722, 19.0246476 ], [ 73.0694021, 19.0246116 ], [ 73.0690283, 19.0245873 ], [ 73.0688822, 19.0245414 ], [ 73.0687027, 19.0244923 ], [ 73.0683105, 19.0245048 ], [ 73.068199, 19.0246106 ], [ 73.0681144, 19.0246395 ], [ 73.0678444, 19.0247122 ], [ 73.0674247, 19.0247452 ], [ 73.0670858, 19.0248559 ], [ 73.0669115, 19.0248941 ], [ 73.0665712, 19.0249292 ], [ 73.0662309, 19.024969 ], [ 73.0661342, 19.0249845 ], [ 73.0658067, 19.0249798 ], [ 73.0654858, 19.0250438 ], [ 73.0651634, 19.0250736 ], [ 73.0648313, 19.025155 ], [ 73.0645396, 19.0252376 ], [ 73.0642839, 19.0252601 ], [ 73.0639066, 19.0253053 ], [ 73.0634152, 19.0253633 ], [ 73.0633075, 19.0253682 ], [ 73.063155, 19.0253455 ], [ 73.0630052, 19.0253055 ], [ 73.0628506, 19.0252443 ], [ 73.062648, 19.0251301 ], [ 73.0625434, 19.0250309 ], [ 73.062354, 19.0249504 ], [ 73.0621719, 19.0248638 ], [ 73.0619842, 19.0247346 ], [ 73.0612973, 19.0245131 ], [ 73.060945, 19.0243567 ], [ 73.0607926, 19.0242866 ], [ 73.0606527, 19.0242875 ], [ 73.0604956, 19.0242539 ], [ 73.0603266, 19.0240206 ], [ 73.0602246, 19.0236834 ], [ 73.0600986, 19.0233994 ], [ 73.0600074, 19.0230698 ], [ 73.0599189, 19.0229049 ], [ 73.0598491, 19.0227071 ], [ 73.0598277, 19.022522 ], [ 73.0598226, 19.0224181 ], [ 73.0597909, 19.0223659 ], [ 73.0597457, 19.022353 ], [ 73.0595033, 19.0223986 ], [ 73.059358, 19.0224208 ], [ 73.0592096, 19.0224698 ], [ 73.0591099, 19.0224839 ], [ 73.058843, 19.0225398 ], [ 73.058781, 19.0225443 ] ] } },
{ "type": "Feature", "properties": { "name": null, "highway": "residential" }, "geometry": { "type": "LineString", "coordinates": [ [ 73.0808283, 19.0632924 ], [ 73.0810373, 19.0632944 ], [ 73.0813106, 19.0632584 ], [ 73.0816704, 19.0631832 ], [ 73.0819797, 19.0630513 ], [ 73.082071, 19.062983 ], [ 73.0820991, 19.0629116 ], [ 73.0821791, 19.0628109 ], [ 73.0822602, 19.0627335 ], [ 73.0819574, 19.0620985 ], [ 73.0819326, 19.0620344 ] ] } },
{ "type": "Feature", "properties": { "name": null, "highway": "residential" }, "geometry": { "type": "LineString", "coordinates": [ [ 73.0796122, 19.0707736 ], [ 73.0799369, 19.071871 ], [ 73.0799772, 19.0720031 ], [ 73.0799919, 19.0720262 ], [ 73.0800116, 19.0720463 ] ] } },
{ "type": "Feature", "properties": { "name": null, "highway": "residential" }, "geometry": { "type": "LineString", "coordinates": [ [ 73.0876594, 19.0726148 ], [ 73.0878702, 19.07276 ], [ 73.0879071, 19.0728286 ], [ 73.0879429, 19.0729274 ], [ 73.0880136, 19.0731621 ], [ 73.0880333, 19.0733034 ], [ 73.08819, 19.0733077 ], [ 73.088306, 19.0732984 ], [ 73.0883231, 19.0733087 ], [ 73.0883316, 19.0733369 ], [ 73.0883405, 19.0733581 ], [ 73.0885636, 19.0734745 ], [ 73.0887054, 19.0735464 ], [ 73.0888801, 19.0736025 ] ] } },
{ "type": "Feature", "properties": { "name": null, "highway": "track" }, "geometry": { "type": "LineString", "coordinates": [ [ 73.0690933, 19.0684539 ], [ 73.0691189, 19.0682933 ], [ 73.0691618, 19.0681945 ], [ 73.06921, 19.0681336 ], [ 73.0692986, 19.0680956 ], [ 73.0694005, 19.0680525 ], [ 73.0694351, 19.0679586 ], [ 73.0694568, 19.0677686 ], [ 73.0694568, 19.0676925 ], [ 73.0694704, 19.0675827 ], [ 73.0689928, 19.0676292 ], [ 73.0688935, 19.0676292 ], [ 73.0688423, 19.0675857 ], [ 73.0687554, 19.0673119 ] ] } },
{ "type": "Feature", "properties": { "name": null, "highway": "residential" }, "geometry": { "type": "LineString", "coordinates": [ [ 73.0697163, 19.0680696 ], [ 73.0697358, 19.0681064 ], [ 73.0697733, 19.0681387 ], [ 73.0702496, 19.0682454 ], [ 73.0705879, 19.0684044 ], [ 73.0714223, 19.0686939 ], [ 73.0715939, 19.0687027 ], [ 73.0717537, 19.0687032 ], [ 73.0719235, 19.0686887 ], [ 73.0722326, 19.0686611 ] ] } },
{ "type": "Feature", "properties": { "name": null, "highway": "residential" }, "geometry": { "type": "LineString", "coordinates": [ [ 73.070831, 19.0662893 ], [ 73.0708404, 19.0660609 ], [ 73.070896, 19.0658589 ] ] } },
{ "type": "Feature", "properties": { "name": null, "highway": "residential" }, "geometry": { "type": "LineString", "coordinates": [ [ 73.0880777, 19.0673046 ], [ 73.0881151, 19.0670766 ], [ 73.0881675, 19.0669641 ], [ 73.0882982, 19.0668186 ], [ 73.0884746, 19.0667238 ], [ 73.0886561, 19.0666565 ], [ 73.0889752, 19.066562 ] ] } },
{ "type": "Feature", "properties": { "name": null, "highway": "unclassified" }, "geometry": { "type": "LineString", "coordinates": [ [ 73.0710776, 19.0728705 ], [ 73.0710108, 19.0729578 ], [ 73.0709772, 19.0730018 ], [ 73.0708363, 19.0731861 ], [ 73.0705228, 19.0735961 ], [ 73.0704868, 19.073677 ], [ 73.0704381, 19.0737863 ], [ 73.0704245, 19.0740104 ], [ 73.0704401, 19.0740989 ], [ 73.0704876, 19.0743671 ], [ 73.0705744, 19.0748579 ] ] } },
{ "type": "Feature", "properties": { "name": "Vande Mataram Path", "highway": "residential" }, "geometry": { "type": "LineString", "coordinates": [ [ 73.0756804, 19.0691551 ], [ 73.0756818, 19.0692677 ], [ 73.075705, 19.069405 ], [ 73.0757225, 19.069533 ], [ 73.0757707, 19.0697789 ], [ 73.0758941, 19.0702884 ], [ 73.0759644, 19.0705955 ], [ 73.076152, 19.0715341 ] ] } },
{ "type": "Feature", "properties": { "name": null, "highway": "residential" }, "geometry": { "type": "LineString", "coordinates": [ [ 73.084229, 19.0711162 ], [ 73.0841158, 19.0710271 ], [ 73.0840252, 19.0709353 ], [ 73.0835707, 19.0705199 ], [ 73.08298, 19.0699801 ], [ 73.0827161, 19.0697456 ], [ 73.08246, 19.0695181 ] ] } },
{ "type": "Feature", "properties": { "name": null, "highway": "residential" }, "geometry": { "type": "LineString", "coordinates": [ [ 73.0905212, 19.0700684 ], [ 73.090316, 19.0700382 ], [ 73.0901384, 19.0700186 ], [ 73.0899744, 19.0699759 ], [ 73.08964, 19.0698961 ], [ 73.0894975, 19.0698882 ], [ 73.089371, 19.069971 ], [ 73.0893026, 19.070021 ], [ 73.0892499, 19.0701734 ] ] } },
{ "type": "Feature", "properties": { "name": null, "highway": "residential" }, "geometry": { "type": "LineString", "coordinates": [ [ 73.0880333, 19.0733034 ], [ 73.0880903, 19.073459 ], [ 73.0880834, 19.0735701 ], [ 73.0880453, 19.0736094 ], [ 73.0879554, 19.0736355 ], [ 73.0879208, 19.0737042 ], [ 73.0879173, 19.0738023 ], [ 73.0878896, 19.0738971 ], [ 73.0878896, 19.0739527 ], [ 73.0879035, 19.0740344 ], [ 73.0878793, 19.0740965 ], [ 73.0877928, 19.0741325 ], [ 73.0877537, 19.0741821 ] ] } },
{ "type": "Feature", "properties": { "name": null, "highway": "residential" }, "geometry": { "type": "LineString", "coordinates": [ [ 73.0834686, 19.0618485 ], [ 73.0833827, 19.0619242 ], [ 73.0833305, 19.0620231 ], [ 73.0833176, 19.0621003 ], [ 73.0833092, 19.0622939 ], [ 73.0832964, 19.0624119 ], [ 73.0832884, 19.0625263 ], [ 73.0832781, 19.0626648 ], [ 73.0832497, 19.0627735 ], [ 73.083217, 19.0629625 ], [ 73.083225, 19.0631755 ], [ 73.0832839, 19.0632978 ], [ 73.0833679, 19.0633747 ], [ 73.0834741, 19.063407 ], [ 73.0836054, 19.0634131 ], [ 73.0837802, 19.063375 ] ] } },
{ "type": "Feature", "properties": { "name": null, "highway": "residential" }, "geometry": { "type": "LineString", "coordinates": [ [ 73.0836105, 19.0622595 ], [ 73.0835706, 19.0622594 ], [ 73.0833092, 19.0622939 ], [ 73.082847, 19.0623573 ], [ 73.0827283, 19.0624163 ], [ 73.0825184, 19.062476 ], [ 73.0824052, 19.0625327 ], [ 73.0823291, 19.0626341 ], [ 73.0822602, 19.0627335 ], [ 73.0824788, 19.0630355 ], [ 73.0825842, 19.0632309 ], [ 73.0826584, 19.0633995 ], [ 73.0826942, 19.0634809 ], [ 73.0828095, 19.0636871 ], [ 73.0828576, 19.064324 ] ] } },
{ "type": "Feature", "properties": { "name": null, "highway": "residential" }, "geometry": { "type": "LineString", "coordinates": [ [ 73.0888242, 19.0669959 ], [ 73.0888375, 19.0670366 ], [ 73.0888298, 19.0670684 ], [ 73.0886943, 19.0672048 ], [ 73.0885307, 19.0673791 ], [ 73.0884907, 19.0674629 ], [ 73.0884853, 19.0675543 ], [ 73.0885085, 19.0678791 ], [ 73.088507, 19.0679609 ], [ 73.0885178, 19.0680035 ], [ 73.0885428, 19.0680439 ], [ 73.0886569, 19.0681461 ], [ 73.0886908, 19.06822 ], [ 73.0887088, 19.0682834 ], [ 73.088733, 19.0684371 ], [ 73.0887566, 19.068561 ], [ 73.0888103, 19.0686293 ], [ 73.0890201, 19.0686464 ], [ 73.0893418, 19.0686921 ], [ 73.0894767, 19.0687085 ], [ 73.0895463, 19.0687141 ] ] } },
{ "type": "Feature", "properties": { "name": null, "highway": "residential" }, "geometry": { "type": "LineString", "coordinates": [ [ 73.0862669, 19.0715894 ], [ 73.0862764, 19.071566 ], [ 73.0863584, 19.0713644 ], [ 73.0864053, 19.0712492 ], [ 73.0863688, 19.0709934 ], [ 73.0863246, 19.07069 ], [ 73.0862977, 19.070505 ], [ 73.0862693, 19.0703348 ], [ 73.0862326, 19.0701151 ], [ 73.0862202, 19.0699249 ], [ 73.08621, 19.069826 ] ] } },
{ "type": "Feature", "properties": { "name": null, "highway": "residential" }, "geometry": { "type": "LineString", "coordinates": [ [ 73.0708165, 19.0668599 ], [ 73.0707932, 19.0666858 ], [ 73.0707844, 19.0665557 ], [ 73.0707813, 19.0663962 ], [ 73.0707926, 19.0663347 ], [ 73.070831, 19.0662893 ], [ 73.0710061, 19.0662345 ], [ 73.0711648, 19.0662098 ], [ 73.0711955, 19.065884 ], [ 73.071373, 19.0657515 ] ] } },
{ "type": "Feature", "properties": { "name": null, "highway": "service" }, "geometry": { "type": "LineString", "coordinates": [ [ 73.0802101, 19.0687839 ], [ 73.0802335, 19.0688741 ], [ 73.0803138, 19.0691839 ] ] } },
{ "type": "Feature", "properties": { "name": null, "highway": "residential" }, "geometry": { "type": "LineString", "coordinates": [ [ 73.0875691, 19.0700073 ], [ 73.087658, 19.0693563 ], [ 73.087687, 19.0691441 ], [ 73.0877287, 19.0687212 ], [ 73.0877478, 19.0685493 ], [ 73.087747, 19.0684913 ], [ 73.0877202, 19.0684702 ], [ 73.0875307, 19.0684165 ], [ 73.0875018, 19.0683752 ], [ 73.0874926, 19.0682632 ], [ 73.0874704, 19.0680765 ], [ 73.0874492, 19.0679329 ], [ 73.0874408, 19.0678761 ], [ 73.0874402, 19.0677507 ], [ 73.0874661, 19.0676884 ], [ 73.0875115, 19.0676562 ], [ 73.0876182, 19.0675944 ], [ 73.0878936, 19.0674429 ], [ 73.0880777, 19.0673046 ], [ 73.088363, 19.0671513 ], [ 73.0885372, 19.067069 ], [ 73.0888242, 19.0669959 ] ] } },
{ "type": "Feature", "properties": { "name": null, "highway": "service" }, "geometry": { "type": "LineString", "coordinates": [ [ 73.0651084, 19.0626983 ], [ 73.0649491, 19.0627441 ], [ 73.0646746, 19.0628201 ], [ 73.0642048, 19.0629526 ], [ 73.0633697, 19.0631585 ], [ 73.0628544, 19.063265 ], [ 73.0627391, 19.0632904 ], [ 73.0626788, 19.0633246 ], [ 73.0626372, 19.0633867 ], [ 73.0626305, 19.0634957 ], [ 73.0630581, 19.0649885 ], [ 73.0630984, 19.0651205 ], [ 73.0638948, 19.0677507 ], [ 73.063931, 19.0677679 ], [ 73.0639672, 19.0677767 ] ] } },
{ "type": "Feature", "properties": { "name": "Shahid Sukhdev Singh Marg", "highway": "residential" }, "geometry": { "type": "LineString", "coordinates": [ [ 73.0699541, 19.0651346 ], [ 73.0700261, 19.0651143 ], [ 73.0707887, 19.0650298 ], [ 73.0714681, 19.0649566 ], [ 73.0716867, 19.0649331 ] ] } },
{ "type": "Feature", "properties": { "name": null, "highway": "residential" }, "geometry": { "type": "LineString", "coordinates": [ [ 73.0862669, 19.0715894 ], [ 73.0859587, 19.0721242 ], [ 73.0857486, 19.072578 ], [ 73.0857165, 19.0726473 ], [ 73.0854325, 19.0732352 ], [ 73.0851873, 19.0737426 ], [ 73.0851003, 19.0738879 ], [ 73.0850283, 19.0740452 ], [ 73.0849555, 19.0741282 ] ] } },
{ "type": "Feature", "properties": { "name": null, "highway": "residential" }, "geometry": { "type": "LineString", "coordinates": [ [ 73.0906939, 19.0699079 ], [ 73.0906368, 19.0698559 ], [ 73.0905157, 19.0697227 ], [ 73.0903906, 19.0695469 ], [ 73.0903229, 19.0694097 ], [ 73.0902348, 19.0690753 ], [ 73.0902276, 19.0689922 ], [ 73.090202, 19.0688424 ], [ 73.0901392, 19.0684909 ], [ 73.0901063, 19.0683379 ], [ 73.090052, 19.0682178 ], [ 73.0899613, 19.0680356 ], [ 73.0899305, 19.0679737 ], [ 73.0898453, 19.0677705 ], [ 73.0898133, 19.067627 ], [ 73.0897719, 19.0674165 ], [ 73.0897637, 19.0671123 ], [ 73.0897539, 19.0668223 ], [ 73.089773, 19.0666619 ], [ 73.0897982, 19.0664568 ], [ 73.0898191, 19.0662795 ], [ 73.0898304, 19.0662578 ] ] } },
{ "type": "Feature", "properties": { "name": null, "highway": "residential" }, "geometry": { "type": "LineString", "coordinates": [ [ 73.0913136, 19.0686667 ], [ 73.0912434, 19.0686389 ], [ 73.0910151, 19.0685514 ], [ 73.090927, 19.0684543 ], [ 73.0908585, 19.0683202 ], [ 73.0907992, 19.0680083 ], [ 73.0907774, 19.0678934 ], [ 73.0907215, 19.0674509 ], [ 73.0906383, 19.0672151 ], [ 73.0905601, 19.06697 ], [ 73.0904818, 19.0667204 ], [ 73.0904524, 19.0666094 ], [ 73.0904153, 19.0665581 ], [ 73.0903399, 19.0665123 ], [ 73.0902086, 19.0663796 ], [ 73.0901394, 19.066299 ], [ 73.090108, 19.0662419 ], [ 73.0898507, 19.0662412 ], [ 73.0898304, 19.0662578 ] ] } },
{ "type": "Feature", "properties": { "name": null, "highway": "service" }, "geometry": { "type": "LineString", "coordinates": [ [ 73.0691767, 19.0687694 ], [ 73.0689874, 19.0692972 ], [ 73.0689338, 19.069315 ], [ 73.0688533, 19.0695127 ], [ 73.0688989, 19.0695609 ], [ 73.0696365, 19.0697891 ], [ 73.0699565, 19.0690217 ] ] } },
{ "type": "Feature", "properties": { "name": null, "highway": "residential" }, "geometry": { "type": "LineString", "coordinates": [ [ 73.0799791, 19.0700412 ], [ 73.0798498, 19.0695539 ] ] } },
{ "type": "Feature", "properties": { "name": "Sai Mannat road", "highway": "residential" }, "geometry": { "type": "LineString", "coordinates": [ [ 73.0836352, 19.0688372 ], [ 73.0836356, 19.069251 ], [ 73.0836315, 19.069301 ], [ 73.083599, 19.0693509 ], [ 73.0832643, 19.0696911 ], [ 73.08298, 19.0699801 ], [ 73.08227, 19.0706703 ], [ 73.0821863, 19.0707517 ], [ 73.081739, 19.0711865 ] ] } },
{ "type": "Feature", "properties": { "name": null, "highway": "service" }, "geometry": { "type": "LineString", "coordinates": [ [ 73.0630984, 19.0651205 ], [ 73.0637097, 19.0649493 ], [ 73.064207, 19.0648236 ], [ 73.0645882, 19.0647288 ], [ 73.064707, 19.0646972 ], [ 73.0651838, 19.0645796 ], [ 73.0654626, 19.0645072 ] ] } },
{ "type": "Feature", "properties": { "name": null, "highway": "service" }, "geometry": { "type": "LineString", "coordinates": [ [ 73.0658362, 19.0668119 ], [ 73.0654463, 19.0654908 ], [ 73.0654017, 19.0653361 ], [ 73.0651838, 19.0645796 ], [ 73.0651443, 19.0644423 ], [ 73.0648413, 19.0633907 ], [ 73.0646746, 19.0628201 ] ] } },
{ "type": "Feature", "properties": { "name": null, "highway": "residential" }, "geometry": { "type": "LineString", "coordinates": [ [ 73.0776299, 19.0712093 ], [ 73.0775636, 19.0708563 ], [ 73.0775231, 19.0706505 ], [ 73.0774944, 19.0705051 ], [ 73.0773738, 19.0699238 ] ] } },
{ "type": "Feature", "properties": { "name": null, "highway": "residential" }, "geometry": { "type": "LineString", "coordinates": [ [ 73.0758805, 19.0740957 ], [ 73.0759244, 19.0738744 ], [ 73.0758826, 19.0736887 ], [ 73.075752, 19.0731079 ], [ 73.0757466, 19.0730515 ], [ 73.0757567, 19.0729945 ], [ 73.0757815, 19.072959 ], [ 73.075866, 19.0729191 ], [ 73.0760778, 19.0728665 ], [ 73.07649, 19.0727603 ], [ 73.076946, 19.0726429 ], [ 73.0773532, 19.0725628 ], [ 73.0775472, 19.0725279 ], [ 73.0779749, 19.0724354 ] ] } },
{ "type": "Feature", "properties": { "name": null, "highway": "residential" }, "geometry": { "type": "LineString", "coordinates": [ [ 73.0760778, 19.0728665 ], [ 73.0760068, 19.0726271 ], [ 73.0758684, 19.0721446 ], [ 73.0757144, 19.0716303 ] ] } },
{ "type": "Feature", "properties": { "name": null, "highway": "residential" }, "geometry": { "type": "LineString", "coordinates": [ [ 73.0771666, 19.073613 ], [ 73.0772392, 19.073632 ], [ 73.0773063, 19.073632 ], [ 73.0776161, 19.0735534 ], [ 73.0789795, 19.0732271 ] ] } },
{ "type": "Feature", "properties": { "name": null, "highway": "track" }, "geometry": { "type": "LineString", "coordinates": [ [ 73.0870909, 19.0699248 ], [ 73.0871225, 19.0697628 ], [ 73.0871717, 19.0694766 ], [ 73.0869714, 19.0693859 ], [ 73.0868019, 19.0692943 ] ] } },
{ "type": "Feature", "properties": { "name": null, "highway": "path" }, "geometry": { "type": "LineString", "coordinates": [ [ 73.0849728, 19.0664064 ], [ 73.0849692, 19.0662327 ], [ 73.0851145, 19.0659744 ], [ 73.0859102, 19.0648889 ], [ 73.0862803, 19.0644671 ], [ 73.0867785, 19.0636987 ], [ 73.0873181, 19.062793 ], [ 73.0875533, 19.0624301 ], [ 73.0878049, 19.0619963 ], [ 73.0878448, 19.0618312 ], [ 73.0878233, 19.061524 ], [ 73.0877896, 19.0608111 ], [ 73.0877129, 19.0599011 ], [ 73.0877129, 19.0597533 ], [ 73.0877436, 19.0596461 ], [ 73.0878478, 19.0596374 ], [ 73.0879429, 19.0596693 ], [ 73.0880563, 19.0597388 ], [ 73.0881544, 19.0598142 ], [ 73.0885998, 19.0600476 ], [ 73.0887147, 19.060136 ], [ 73.0887248, 19.0601628 ] ] } },
{ "type": "Feature", "properties": { "name": null, "highway": "residential" }, "geometry": { "type": "LineString", "coordinates": [ [ 73.0670341, 19.0678908 ], [ 73.0670723, 19.0677892 ], [ 73.0670999, 19.0677639 ], [ 73.0671585, 19.0677277 ], [ 73.0672367, 19.0676845 ], [ 73.0673524, 19.0676327 ], [ 73.067463, 19.0675857 ], [ 73.0675503, 19.0675636 ], [ 73.0676487, 19.0675498 ], [ 73.067664, 19.0675502 ], [ 73.0677979, 19.0675406 ], [ 73.0679491, 19.0675281 ], [ 73.0681308, 19.0674946 ], [ 73.0683805, 19.0674284 ], [ 73.0685662, 19.0673699 ], [ 73.0687144, 19.0673257 ], [ 73.0687554, 19.0673119 ], [ 73.0688459, 19.0672829 ], [ 73.0689241, 19.0672534 ], [ 73.0690615, 19.0671943 ], [ 73.0694888, 19.0669929 ], [ 73.0695649, 19.0669679 ], [ 73.0696471, 19.0669516 ], [ 73.0697375, 19.066943 ], [ 73.0702275, 19.0669041 ], [ 73.0706587, 19.0668744 ], [ 73.0708165, 19.0668599 ], [ 73.0709213, 19.0668377 ], [ 73.0710449, 19.0668114 ], [ 73.071183, 19.0667635 ], [ 73.0712976, 19.0667126 ], [ 73.0714133, 19.0666666 ], [ 73.0715219, 19.0666301 ], [ 73.0716204, 19.0666148 ], [ 73.0717168, 19.0666138 ], [ 73.0718264, 19.0666196 ], [ 73.0719756, 19.0666397 ], [ 73.0721938, 19.0666963 ], [ 73.0722811, 19.0667222 ], [ 73.0723648, 19.0667309 ] ] } },
{ "type": "Feature", "properties": { "name": null, "highway": "residential" }, "geometry": { "type": "LineString", "coordinates": [ [ 73.0735302, 19.0709818 ], [ 73.0741437, 19.0709162 ] ] } },
{ "type": "Feature", "properties": { "name": null, "highway": "living_street" }, "geometry": { "type": "LineString", "coordinates": [ [ 73.0898071, 19.0689741 ], [ 73.0899258, 19.0690239 ], [ 73.0900545, 19.0690658 ], [ 73.0900991, 19.0690817 ], [ 73.0901499, 19.0690869 ], [ 73.0902348, 19.0690753 ] ] } },
{ "type": "Feature", "properties": { "name": null, "highway": "service" }, "geometry": { "type": "LineString", "coordinates": [ [ 73.086191, 19.0671547 ], [ 73.0864993, 19.0671625 ], [ 73.0866739, 19.0671138 ], [ 73.0866702, 19.0670099 ] ] } },
{ "type": "Feature", "properties": { "name": null, "highway": "track" }, "geometry": { "type": "LineString", "coordinates": [ [ 73.0824953, 19.0637505 ], [ 73.0824082, 19.0637869 ], [ 73.0820502, 19.0638763 ], [ 73.0814401, 19.0639833 ], [ 73.0810879, 19.0640672 ], [ 73.080743, 19.0642163 ], [ 73.0805351, 19.0642614 ] ] } },
{ "type": "Feature", "properties": { "name": null, "highway": "service" }, "geometry": { "type": "LineString", "coordinates": [ [ 73.0724099, 19.0694658 ], [ 73.0724255, 19.069693 ], [ 73.0724677, 19.0703066 ], [ 73.0724947, 19.0706998 ], [ 73.0722449, 19.0707309 ], [ 73.0722203, 19.0703351 ], [ 73.0724677, 19.0703066 ] ] } },
{ "type": "Feature", "properties": { "name": null, "highway": "residential" }, "geometry": { "type": "LineString", "coordinates": [ [ 73.074397, 19.0706078 ], [ 73.074922, 19.0704886 ], [ 73.0750299, 19.0704675 ], [ 73.0754187, 19.0703842 ], [ 73.0758941, 19.0702884 ], [ 73.0766179, 19.0701141 ], [ 73.0773738, 19.0699238 ] ] } },
{ "type": "Feature", "properties": { "name": null, "highway": "residential" }, "geometry": { "type": "LineString", "coordinates": [ [ 73.0742108, 19.0743045 ], [ 73.0739789, 19.0737125 ], [ 73.0739636, 19.0736625 ], [ 73.0738649, 19.0734062 ], [ 73.0737914, 19.0732152 ], [ 73.0736735, 19.0729092 ] ] } },
{ "type": "Feature", "properties": { "name": null, "highway": "residential" }, "geometry": { "type": "LineString", "coordinates": [ [ 73.0828095, 19.0636871 ], [ 73.0824953, 19.0637505 ], [ 73.0823597, 19.0636571 ], [ 73.0822348, 19.0636037 ], [ 73.08213, 19.0635818 ], [ 73.0820975, 19.0635578 ], [ 73.082092, 19.0634993 ], [ 73.0821079, 19.0634648 ], [ 73.0821455, 19.0634406 ], [ 73.0822312, 19.0634289 ], [ 73.0824788, 19.0634474 ], [ 73.0826584, 19.0633995 ] ] } },
{ "type": "Feature", "properties": { "name": null, "highway": "residential" }, "geometry": { "type": "LineString", "coordinates": [ [ 73.0683749, 19.0694726 ], [ 73.0684496, 19.0694977 ], [ 73.0688024, 19.0696162 ], [ 73.0688666, 19.0696377 ], [ 73.0689739, 19.0696738 ], [ 73.0696029, 19.069885 ], [ 73.0697309, 19.069928 ], [ 73.0700286, 19.070028 ], [ 73.0700768, 19.0700442 ], [ 73.0700947, 19.0700502 ], [ 73.0704613, 19.0701724 ], [ 73.0705232, 19.0701941 ] ] } },
{ "type": "Feature", "properties": { "name": null, "highway": "residential" }, "geometry": { "type": "LineString", "coordinates": [ [ 73.0726335, 19.0737286 ], [ 73.0731766, 19.0730778 ], [ 73.0732292, 19.0730297 ], [ 73.0732704, 19.0730029 ], [ 73.0733133, 19.0729869 ], [ 73.0733602, 19.0729762 ], [ 73.0735325, 19.0729394 ], [ 73.0736735, 19.0729092 ], [ 73.0748097, 19.0726658 ] ] } },
{ "type": "Feature", "properties": { "name": null, "highway": "residential" }, "geometry": { "type": "LineString", "coordinates": [ [ 73.0753775, 19.0717043 ], [ 73.0751883, 19.0710706 ], [ 73.0750299, 19.0704675 ] ] } },
{ "type": "Feature", "properties": { "name": null, "highway": "residential" }, "geometry": { "type": "LineString", "coordinates": [ [ 73.0900169, 19.0708265 ], [ 73.0899463, 19.0707594 ], [ 73.0896938, 19.0705338 ], [ 73.0895035, 19.0703424 ], [ 73.0894363, 19.0702785 ], [ 73.0893513, 19.0702102 ], [ 73.0892499, 19.0701734 ], [ 73.0888418, 19.0701332 ], [ 73.0885107, 19.0701055 ], [ 73.0882569, 19.0700889 ], [ 73.0881613, 19.0700827 ], [ 73.0876458, 19.070014 ], [ 73.0875691, 19.0700073 ], [ 73.0872934, 19.0699542 ], [ 73.0870909, 19.0699248 ], [ 73.0869332, 19.069893 ], [ 73.0863867, 19.069841 ], [ 73.08621, 19.069826 ] ] } },
{ "type": "Feature", "properties": { "name": null, "highway": "residential" }, "geometry": { "type": "LineString", "coordinates": [ [ 73.0822459, 19.0680718 ], [ 73.082352, 19.0683368 ], [ 73.0823843, 19.068429 ], [ 73.0824037, 19.0685239 ], [ 73.0824254, 19.0688606 ], [ 73.08246, 19.0695181 ] ] } },
{ "type": "Feature", "properties": { "name": null, "highway": "residential" }, "geometry": { "type": "LineString", "coordinates": [ [ 73.0888242, 19.0669959 ], [ 73.0890486, 19.0669366 ], [ 73.089283, 19.0669025 ], [ 73.0894747, 19.0668738 ], [ 73.0897539, 19.0668223 ] ] } },
{ "type": "Feature", "properties": { "name": null, "highway": "service" }, "geometry": { "type": "LineString", "coordinates": [ [ 73.0654218, 19.0643708 ], [ 73.0651443, 19.0644423 ], [ 73.0646898, 19.0645744 ], [ 73.0645601, 19.0646084 ], [ 73.0641736, 19.0647114 ], [ 73.0636676, 19.0648271 ], [ 73.0630581, 19.0649885 ] ] } },
{ "type": "Feature", "properties": { "name": null, "highway": "residential" }, "geometry": { "type": "LineString", "coordinates": [ [ 73.077248, 19.0712932 ], [ 73.0773494, 19.0717109 ], [ 73.0775472, 19.0725279 ] ] } },
{ "type": "Feature", "properties": { "name": null, "highway": "residential" }, "geometry": { "type": "LineString", "coordinates": [ [ 73.0768832, 19.0713734 ], [ 73.0767377, 19.0706849 ], [ 73.0766179, 19.0701141 ] ] } },
{ "type": "Feature", "properties": { "name": null, "highway": "residential" }, "geometry": { "type": "LineString", "coordinates": [ [ 73.0727384, 19.0712969 ], [ 73.0726268, 19.0723089 ] ] } },
{ "type": "Feature", "properties": { "name": null, "highway": "residential" }, "geometry": { "type": "LineString", "coordinates": [ [ 73.0879822, 19.0712928 ], [ 73.0879478, 19.0714215 ], [ 73.0879201, 19.0715556 ], [ 73.0878966, 19.0717414 ], [ 73.0878366, 19.0718559 ], [ 73.0877745, 19.0720553 ] ] } },
{ "type": "Feature", "properties": { "name": null, "highway": "residential" }, "geometry": { "type": "LineString", "coordinates": [ [ 73.0861651, 19.0733746 ], [ 73.0861704, 19.0735174 ], [ 73.0862371, 19.0736511 ], [ 73.0864308, 19.0738081 ] ] } },
{ "type": "Feature", "properties": { "name": null, "highway": "residential" }, "geometry": { "type": "LineString", "coordinates": [ [ 73.0894363, 19.0702785 ], [ 73.0894156, 19.0703977 ], [ 73.089358, 19.0706448 ], [ 73.0892923, 19.0707897 ], [ 73.0892272, 19.0709286 ], [ 73.0891236, 19.0711745 ] ] } },
{ "type": "Feature", "properties": { "name": null, "highway": "residential" }, "geometry": { "type": "LineString", "coordinates": [ [ 73.0701521, 19.0661225 ], [ 73.0701695, 19.0661837 ], [ 73.0701799, 19.0662181 ], [ 73.0701261, 19.0663846 ], [ 73.0701294, 19.0664771 ], [ 73.0702275, 19.0669041 ] ] } },
{ "type": "Feature", "properties": { "name": null, "highway": "residential" }, "geometry": { "type": "LineString", "coordinates": [ [ 73.0796122, 19.0707736 ], [ 73.079519, 19.0704478 ], [ 73.0794432, 19.0701533 ] ] } },
{ "type": "Feature", "properties": { "name": null, "highway": "residential" }, "geometry": { "type": "LineString", "coordinates": [ [ 73.0896893, 19.0715791 ], [ 73.0895426, 19.0714939 ], [ 73.0893657, 19.0713597 ], [ 73.0892597, 19.0712666 ], [ 73.0891236, 19.0711745 ] ] } },
{ "type": "Feature", "properties": { "name": null, "highway": "residential" }, "geometry": { "type": "LineString", "coordinates": [ [ 73.0713947, 19.0691953 ], [ 73.0713933, 19.0690652 ], [ 73.0713952, 19.068968 ], [ 73.0714223, 19.0686939 ], [ 73.0714359, 19.0686235 ], [ 73.071448, 19.0685481 ], [ 73.0714499, 19.0684684 ], [ 73.0714391, 19.0683606 ], [ 73.0713963, 19.0679345 ], [ 73.071386, 19.0678317 ], [ 73.0713452, 19.0674662 ] ] } },
{ "type": "Feature", "properties": { "name": null, "highway": "residential" }, "geometry": { "type": "LineString", "coordinates": [ [ 73.0835543, 19.061847 ], [ 73.0834686, 19.0618485 ], [ 73.0833007, 19.0618465 ], [ 73.0831613, 19.0618678 ], [ 73.0829421, 19.0619119 ], [ 73.0827983, 19.0619204 ], [ 73.0825927, 19.0619501 ], [ 73.0824066, 19.0620084 ], [ 73.0821954, 19.0620289 ], [ 73.0819326, 19.0620344 ] ] } },
{ "type": "Feature", "properties": { "name": null, "highway": "residential" }, "geometry": { "type": "LineString", "coordinates": [ [ 73.0814037, 19.0688583 ], [ 73.0813289, 19.0691216 ], [ 73.0812506, 19.0693366 ], [ 73.0811853, 19.0695159 ] ] } },
{ "type": "Feature", "properties": { "name": null, "highway": "residential" }, "geometry": { "type": "LineString", "coordinates": [ [ 73.0872934, 19.0699542 ], [ 73.0872356, 19.0701158 ], [ 73.0871892, 19.0702534 ], [ 73.0871299, 19.0704331 ], [ 73.0870536, 19.0705707 ], [ 73.0870271, 19.0706279 ] ] } },
{ "type": "Feature", "properties": { "name": null, "highway": "residential" }, "geometry": { "type": "LineString", "coordinates": [ [ 73.0891236, 19.0711745 ], [ 73.0890123, 19.0714303 ], [ 73.0889065, 19.0716339 ], [ 73.0887574, 19.0718863 ], [ 73.0886666, 19.0720689 ] ] } },
{ "type": "Feature", "properties": { "name": null, "highway": "residential" }, "geometry": { "type": "LineString", "coordinates": [ [ 73.0854325, 19.0732352 ], [ 73.0856747, 19.0732775 ], [ 73.0858973, 19.0733307 ], [ 73.0860612, 19.0733676 ], [ 73.0861651, 19.0733746 ], [ 73.0862691, 19.0733815 ], [ 73.0864843, 19.073363 ] ] } },
{ "type": "Feature", "properties": { "name": null, "highway": "residential" }, "geometry": { "type": "LineString", "coordinates": [ [ 73.0858111, 19.0746506 ], [ 73.0858632, 19.0744919 ], [ 73.0858562, 19.074286 ], [ 73.0858147, 19.0741715 ], [ 73.0856833, 19.073995 ], [ 73.085583, 19.0739329 ], [ 73.0853235, 19.0738969 ], [ 73.0851003, 19.0738879 ] ] } },
{ "type": "Feature", "properties": { "name": null, "highway": "residential" }, "geometry": { "type": "LineString", "coordinates": [ [ 73.069082, 19.0667994 ], [ 73.0695584, 19.0664985 ], [ 73.0695801, 19.0664742 ], [ 73.0698397, 19.0661837 ], [ 73.0699857, 19.0659926 ], [ 73.0700913, 19.0658583 ], [ 73.0702263, 19.0657029 ], [ 73.070277, 19.0656703 ], [ 73.0703227, 19.0656511 ], [ 73.0703785, 19.0656386 ], [ 73.0708592, 19.0655746 ] ] } },
{ "type": "Feature", "properties": { "name": null, "highway": "residential" }, "geometry": { "type": "LineString", "coordinates": [ [ 73.0702496, 19.0682454 ], [ 73.0702623, 19.0681204 ], [ 73.0702575, 19.0680307 ], [ 73.0701868, 19.0675359 ] ] } },
{ "type": "Feature", "properties": { "name": null, "highway": "residential" }, "geometry": { "type": "LineString", "coordinates": [ [ 73.083202, 19.0688456 ], [ 73.0831529, 19.06859 ], [ 73.0831494, 19.0684461 ], [ 73.0831113, 19.0683709 ] ] } },
{ "type": "Feature", "properties": { "name": null, "highway": "residential" }, "geometry": { "type": "LineString", "coordinates": [ [ 73.0882569, 19.0700889 ], [ 73.0882235, 19.0703441 ], [ 73.0881971, 19.0705462 ], [ 73.0881679, 19.0707281 ], [ 73.0880962, 19.0709165 ], [ 73.0880371, 19.0711126 ], [ 73.0879822, 19.0712928 ], [ 73.0875158, 19.0712556 ], [ 73.0872913, 19.0712377 ], [ 73.0869489, 19.0712377 ], [ 73.086714, 19.0712562 ], [ 73.0864053, 19.0712492 ] ] } },
{ "type": "Feature", "properties": { "name": null, "highway": "path" }, "geometry": { "type": "LineString", "coordinates": [ [ 73.0887248, 19.0601628 ], [ 73.0887415, 19.0611205 ], [ 73.0887355, 19.0616243 ], [ 73.08874, 19.0617885 ], [ 73.0887816, 19.0619597 ], [ 73.0888433, 19.0621452 ], [ 73.089083, 19.0629336 ], [ 73.0893521, 19.0637451 ], [ 73.0896114, 19.0645774 ], [ 73.0898388, 19.0652433 ] ] } },
{ "type": "Feature", "properties": { "name": null, "highway": "residential" }, "geometry": { "type": "LineString", "coordinates": [ [ 73.0866179, 19.0716462 ], [ 73.0865636, 19.0718065 ], [ 73.0865255, 19.0719307 ], [ 73.0865419, 19.0719462 ], [ 73.0867024, 19.072002 ], [ 73.0870029, 19.0721106 ], [ 73.0872097, 19.0722142 ], [ 73.0875253, 19.0723165 ], [ 73.0877631, 19.0724295 ] ] } },
{ "type": "Feature", "properties": { "name": "Shahid Sukhdev Singh Marg", "highway": "residential" }, "geometry": { "type": "LineString", "coordinates": [ [ 73.0716867, 19.0649331 ], [ 73.0718014, 19.0649206 ] ] } },
{ "type": "Feature", "properties": { "name": null, "highway": "service" }, "geometry": { "type": "LineString", "coordinates": [ [ 73.064207, 19.0648236 ], [ 73.0643747, 19.0649284 ] ] } },
{ "type": "Feature", "properties": { "name": null, "highway": "service" }, "geometry": { "type": "LineString", "coordinates": [ [ 73.0643851, 19.0662134 ], [ 73.0643976, 19.0661648 ], [ 73.0644219, 19.0661118 ], [ 73.0644621, 19.0660624 ], [ 73.0646569, 19.0659956 ], [ 73.0649824, 19.0658916 ], [ 73.0650324, 19.0658615 ], [ 73.065084, 19.0658085 ], [ 73.06528, 19.06549 ] ] } },
{ "type": "Feature", "properties": { "name": "Jagannath Shankarseth Marg", "highway": "unclassified" }, "geometry": { "type": "LineString", "coordinates": [ [ 73.0461408, 19.0180952 ], [ 73.046058, 19.018 ], [ 73.0457513, 19.0178043 ], [ 73.0456598, 19.0177459 ], [ 73.0453361, 19.0175394 ], [ 73.0447791, 19.017184 ] ] } },
{ "type": "Feature", "properties": { "name": "Vastu Vihar Marg", "highway": "primary" }, "geometry": { "type": "LineString", "coordinates": [ [ 73.0828616, 19.0555934 ], [ 73.0828888, 19.0558079 ], [ 73.0829011, 19.0559354 ], [ 73.083012, 19.0567285 ], [ 73.0830307, 19.0568747 ], [ 73.083332, 19.0592128 ], [ 73.0835069, 19.0605845 ], [ 73.0836543, 19.061741 ], [ 73.0837373, 19.0624814 ], [ 73.0838452, 19.0632157 ], [ 73.0838993, 19.0636336 ], [ 73.0842131, 19.0660891 ], [ 73.0842343, 19.0662337 ], [ 73.084277, 19.0665249 ], [ 73.084421, 19.0675078 ], [ 73.0844367, 19.0676147 ], [ 73.0846369, 19.0689335 ], [ 73.0847149, 19.0694451 ], [ 73.0847596, 19.0697859 ], [ 73.0847716, 19.0699527 ], [ 73.0847636, 19.0701174 ], [ 73.0847474, 19.0702942 ], [ 73.0847294, 19.0704233 ], [ 73.0847072, 19.0705266 ], [ 73.0846825, 19.0706046 ], [ 73.0846443, 19.0707029 ], [ 73.0845971, 19.0708008 ], [ 73.0845468, 19.0708858 ], [ 73.0845014, 19.0709574 ], [ 73.0843494, 19.0711586 ], [ 73.0842428, 19.0712836 ], [ 73.0840169, 19.0715473 ], [ 73.0839444, 19.0716285 ], [ 73.0838655, 19.0717093 ], [ 73.0837382, 19.0718242 ], [ 73.0832042, 19.0722795 ], [ 73.0831637, 19.0723175 ], [ 73.0831091, 19.0723858 ], [ 73.0830723, 19.0724206 ], [ 73.083034, 19.0724538 ] ] } },
{ "type": "Feature", "properties": { "name": "Taloja Jail Road", "highway": "primary" }, "geometry": { "type": "LineString", "coordinates": [ [ 73.066585, 19.0678669 ], [ 73.0668655, 19.0688616 ], [ 73.0669548, 19.0691522 ], [ 73.0670221, 19.069343 ], [ 73.0671354, 19.0696303 ], [ 73.0672407, 19.0698799 ], [ 73.0673501, 19.0700899 ], [ 73.0673805, 19.0701403 ], [ 73.0674702, 19.070289 ], [ 73.0676104, 19.0704762 ], [ 73.0678139, 19.0706899 ], [ 73.0680253, 19.0708834 ], [ 73.0683233, 19.0711176 ], [ 73.0684549, 19.0712105 ], [ 73.068644, 19.071344 ], [ 73.0688367, 19.0714754 ], [ 73.0695564, 19.0719661 ], [ 73.0710108, 19.0729578 ], [ 73.0717427, 19.0734571 ], [ 73.0718101, 19.073503 ], [ 73.0724897, 19.0739662 ], [ 73.0727089, 19.0741151 ], [ 73.0729766, 19.0742933 ], [ 73.0731323, 19.0743821 ], [ 73.0731829, 19.0744065 ], [ 73.0732303, 19.0744294 ], [ 73.0733391, 19.074474 ], [ 73.0734522, 19.0745078 ], [ 73.0735514, 19.0745318 ], [ 73.0736731, 19.074557 ], [ 73.0737722, 19.0745713 ], [ 73.0737997, 19.0745729 ], [ 73.0738806, 19.0745778 ], [ 73.0740288, 19.0745799 ], [ 73.074162, 19.0745707 ], [ 73.074307, 19.0745484 ], [ 73.0744412, 19.0745245 ], [ 73.0746082, 19.0744831 ], [ 73.0754347, 19.0743078 ], [ 73.0759913, 19.0741803 ], [ 73.0760241, 19.0741728 ], [ 73.0760692, 19.0741625 ], [ 73.0761474, 19.0741442 ], [ 73.0761849, 19.0741355 ], [ 73.0762134, 19.0741288 ], [ 73.0762661, 19.0741157 ], [ 73.0771887, 19.0738861 ], [ 73.0784399, 19.0736038 ], [ 73.079109, 19.0734631 ], [ 73.0794593, 19.0733884 ], [ 73.0807588, 19.0731139 ], [ 73.0829169, 19.0726456 ], [ 73.0829517, 19.0726413 ], [ 73.0829876, 19.0726381 ], [ 73.0830327, 19.0726388 ] ] } },
{ "type": "Feature", "properties": { "name": null, "highway": "residential" }, "geometry": { "type": "LineString", "coordinates": [ [ 73.0840782, 19.0144716 ], [ 73.0834281, 19.0139504 ], [ 73.0831491, 19.0137102 ], [ 73.0829567, 19.01356 ], [ 73.0826426, 19.0134436 ], [ 73.0823378, 19.0132681 ], [ 73.0821727, 19.0131068 ], [ 73.0820343, 19.0129218 ], [ 73.0819035, 19.0128254 ], [ 73.0817578, 19.012757 ], [ 73.0811494, 19.012576 ], [ 73.0810673, 19.012533 ], [ 73.0810036, 19.012487 ], [ 73.0808105, 19.0123126 ], [ 73.0807505, 19.0122688 ], [ 73.08068, 19.0122414 ], [ 73.0804952, 19.0121913 ], [ 73.0802151, 19.0121573 ], [ 73.0801286, 19.0121371 ], [ 73.0798857, 19.0120643 ], [ 73.0798055, 19.012057 ], [ 73.0795924, 19.0120732 ], [ 73.0794112, 19.0121024 ], [ 73.0793517, 19.0121228 ], [ 73.0792471, 19.0121448 ], [ 73.0791194, 19.012152 ], [ 73.0790735, 19.0121572 ], [ 73.0790446, 19.0121727 ], [ 73.079001, 19.0122601 ] ] } },
{ "type": "Feature", "properties": { "name": "Mansarovar Station Road", "highway": "secondary" }, "geometry": { "type": "LineString", "coordinates": [ [ 73.0857917, 19.0160913 ], [ 73.0855977, 19.0158986 ], [ 73.0843351, 19.0146309 ], [ 73.0842523, 19.014567 ], [ 73.0841624, 19.0144874 ], [ 73.0840782, 19.0144716 ] ] } },
{ "type": "Feature", "properties": { "name": null, "highway": "residential" }, "geometry": { "type": "LineString", "coordinates": [ [ 73.0672504, 19.031261 ], [ 73.0676847, 19.0315625 ], [ 73.0679656, 19.0317521 ], [ 73.0679925, 19.0317703 ], [ 73.0682295, 19.0319303 ], [ 73.0682681, 19.0319767 ], [ 73.0688036, 19.0323362 ], [ 73.0688647, 19.0323773 ], [ 73.0693947, 19.0327332 ] ] } },
{ "type": "Feature", "properties": { "name": null, "highway": "residential" }, "geometry": { "type": "LineString", "coordinates": [ [ 73.0714286, 19.0354346 ], [ 73.0714902, 19.0355304 ], [ 73.0717173, 19.0356889 ], [ 73.071773, 19.0357227 ], [ 73.0718128, 19.0357489 ], [ 73.0718818, 19.0357672 ], [ 73.0719312, 19.0357749 ], [ 73.0722784, 19.0357818 ] ] } },
{ "type": "Feature", "properties": { "name": "Kopra Road", "highway": "tertiary" }, "geometry": { "type": "LineString", "coordinates": [ [ 73.0745284, 19.0338153 ], [ 73.0745947, 19.0337546 ], [ 73.0749905, 19.0333927 ], [ 73.0752309, 19.0331728 ], [ 73.0754353, 19.0329859 ], [ 73.075456, 19.032967 ], [ 73.0754692, 19.0329549 ], [ 73.0755239, 19.0329049 ], [ 73.0756692, 19.032772 ], [ 73.0757735, 19.0326767 ], [ 73.0758126, 19.0326409 ], [ 73.0761336, 19.0323474 ], [ 73.0761489, 19.0323334 ], [ 73.076666, 19.0328388 ], [ 73.0768618, 19.0330301 ], [ 73.0769204, 19.0330935 ], [ 73.077628, 19.0337789 ], [ 73.0780547, 19.0341959 ], [ 73.0780982, 19.0342384 ], [ 73.0785992, 19.0347457 ], [ 73.0788528, 19.0349758 ], [ 73.0791388, 19.0352913 ], [ 73.0791681, 19.0353251 ], [ 73.0791739, 19.0353596 ], [ 73.0791327, 19.0354102 ] ] } },
{ "type": "Feature", "properties": { "name": null, "highway": "residential" }, "geometry": { "type": "LineString", "coordinates": [ [ 73.0756503, 19.0364494 ], [ 73.0753503, 19.0361563 ], [ 73.0753208, 19.0361275 ], [ 73.0751773, 19.0359997 ], [ 73.0753844, 19.0358087 ], [ 73.0754581, 19.0357407 ], [ 73.0759875, 19.0352791 ], [ 73.0760538, 19.0352184 ], [ 73.076486, 19.0348232 ], [ 73.0765191, 19.0347943 ], [ 73.0765419, 19.0347721 ], [ 73.0766684, 19.0346564 ], [ 73.0766975, 19.0346298 ], [ 73.0769394, 19.0344086 ], [ 73.0770008, 19.0343525 ], [ 73.077628, 19.0337789 ] ] } },
{ "type": "Feature", "properties": { "name": null, "highway": "residential" }, "geometry": { "type": "LineString", "coordinates": [ [ 73.0758996, 19.0380488 ], [ 73.0758603, 19.0373772 ], [ 73.0758396, 19.0373399 ], [ 73.0758042, 19.0373225 ], [ 73.0757595, 19.0373232 ], [ 73.0753848, 19.0373546 ], [ 73.0753353, 19.0373586 ], [ 73.0752743, 19.0373602 ], [ 73.0750673, 19.0373741 ], [ 73.0750554, 19.0373588 ], [ 73.0750477, 19.0373369 ], [ 73.0750349, 19.037211 ], [ 73.0750073, 19.0368193 ], [ 73.0749785, 19.036516 ] ] } },
{ "type": "Feature", "properties": { "name": null, "highway": "residential" }, "geometry": { "type": "LineString", "coordinates": [ [ 73.0749785, 19.036516 ], [ 73.074975, 19.0364752 ], [ 73.0749928, 19.0364344 ], [ 73.0750244, 19.0363973 ] ] } },
{ "type": "Feature", "properties": { "name": "Shaheed Baghat Singh Marg", "highway": "primary" }, "geometry": { "type": "LineString", "coordinates": [ [ 73.0570353, 19.0266645 ], [ 73.0570188, 19.0266305 ], [ 73.0569952, 19.0265959 ], [ 73.0569701, 19.0265672 ], [ 73.0569407, 19.0265425 ], [ 73.0565969, 19.0263099 ], [ 73.0554491, 19.0255333 ], [ 73.0543821, 19.0248113 ], [ 73.0535629, 19.024257 ], [ 73.0532459, 19.0240956 ], [ 73.0505354, 19.022818 ], [ 73.0502536, 19.0227247 ], [ 73.049995, 19.0226712 ], [ 73.049691, 19.0226511 ], [ 73.0492735, 19.0226795 ], [ 73.0480756, 19.0228505 ], [ 73.0471374, 19.0229821 ] ] } },
{ "type": "Feature", "properties": { "name": "Shaheed Baghat Singh Marg", "highway": "primary" }, "geometry": { "type": "LineString", "coordinates": [ [ 73.0471488, 19.0230886 ], [ 73.0471809, 19.0230841 ], [ 73.0480853, 19.0229522 ], [ 73.049286, 19.0227867 ], [ 73.0496808, 19.0227599 ], [ 73.0499788, 19.0227782 ], [ 73.0502224, 19.0228286 ], [ 73.0504909, 19.0229175 ], [ 73.0524868, 19.0238583 ], [ 73.0531934, 19.0241913 ], [ 73.0535025, 19.0243486 ], [ 73.0543205, 19.0249021 ], [ 73.0546874, 19.0251511 ], [ 73.0553851, 19.0256247 ], [ 73.0565297, 19.0263956 ], [ 73.0568743, 19.0266301 ], [ 73.0568922, 19.0266511 ], [ 73.0569085, 19.0266779 ], [ 73.0569221, 19.0267048 ] ] } },
{ "type": "Feature", "properties": { "name": "Shaheed Baghat Singh Marg", "highway": "primary" }, "geometry": { "type": "LineString", "coordinates": [ [ 73.0471374, 19.0229821 ], [ 73.0469054, 19.0230179 ] ] } },
{ "type": "Feature", "properties": { "name": "Shaheed Baghat Singh Marg", "highway": "primary" }, "geometry": { "type": "LineString", "coordinates": [ [ 73.0469157, 19.0231225 ], [ 73.0471488, 19.0230886 ] ] } },
{ "type": "Feature", "properties": { "name": null, "highway": "tertiary" }, "geometry": { "type": "LineString", "coordinates": [ [ 73.0452497, 19.0329647 ], [ 73.0450766, 19.0324805 ], [ 73.0448832, 19.031966 ], [ 73.0446495, 19.0313293 ], [ 73.0445153, 19.0308861 ], [ 73.0444168, 19.0305895 ], [ 73.0444093, 19.0305155 ], [ 73.0444112, 19.030468 ], [ 73.0444163, 19.030395 ], [ 73.044456, 19.029695 ] ] } },
{ "type": "Feature", "properties": { "name": null, "highway": "residential" }, "geometry": { "type": "LineString", "coordinates": [ [ 73.0463725, 19.028659 ], [ 73.0456674, 19.0283868 ] ] } },
{ "type": "Feature", "properties": { "name": null, "highway": "residential" }, "geometry": { "type": "LineString", "coordinates": [ [ 73.0586419, 19.0371159 ], [ 73.0586063, 19.0368046 ], [ 73.0585732, 19.0365867 ], [ 73.0585667, 19.0365366 ], [ 73.0585418, 19.0363448 ], [ 73.0584665, 19.0357652 ], [ 73.0584088, 19.0353208 ], [ 73.0584, 19.0352532 ], [ 73.0583016, 19.0345144 ], [ 73.0579507, 19.0317946 ], [ 73.0579492, 19.0317428 ], [ 73.0579553, 19.0316938 ], [ 73.057973, 19.0316528 ], [ 73.0579989, 19.0316266 ], [ 73.0583417, 19.0314079 ], [ 73.0584349, 19.0313486 ] ] } },
{ "type": "Feature", "properties": { "name": null, "highway": "service" }, "geometry": { "type": "LineString", "coordinates": [ [ 73.0543437, 19.0265202 ], [ 73.0539543, 19.0263485 ], [ 73.0539349, 19.0263269 ], [ 73.0539496, 19.0262698 ], [ 73.0540703, 19.0260327 ] ] } },
{ "type": "Feature", "properties": { "name": null, "highway": "service" }, "geometry": { "type": "LineString", "coordinates": [ [ 73.0539247, 19.025024 ], [ 73.0533356, 19.0247596 ] ] } },
{ "type": "Feature", "properties": { "name": "Pravesh Marg", "highway": "tertiary" }, "geometry": { "type": "LineString", "coordinates": [ [ 73.0667691, 19.0290267 ], [ 73.0667963, 19.0291029 ], [ 73.0668049, 19.0291458 ], [ 73.0669351, 19.0297946 ], [ 73.0669531, 19.0298844 ], [ 73.0669851, 19.030147 ], [ 73.0669851, 19.0302629 ], [ 73.0669617, 19.0304127 ], [ 73.0669493, 19.0304919 ], [ 73.0668671, 19.03071 ], [ 73.0667309, 19.0309468 ], [ 73.0665734, 19.0311736 ], [ 73.0661648, 19.0317083 ], [ 73.0661145, 19.0317736 ], [ 73.065964, 19.0319679 ] ] } },
{ "type": "Feature", "properties": { "name": null, "highway": "service" }, "geometry": { "type": "LineString", "coordinates": [ [ 73.0535512, 19.0278482 ], [ 73.053757, 19.0274655 ] ] } },
{ "type": "Feature", "properties": { "name": "Maitreya Road", "highway": "residential" }, "geometry": { "type": "LineString", "coordinates": [ [ 73.0584195, 19.0278174 ], [ 73.058646, 19.0285323 ] ] } },
{ "type": "Feature", "properties": { "name": null, "highway": "residential" }, "geometry": { "type": "LineString", "coordinates": [ [ 73.0603894, 19.0312186 ], [ 73.0600923, 19.0314418 ], [ 73.0600432, 19.0314787 ], [ 73.0600185, 19.0314972 ], [ 73.0597566, 19.0317339 ], [ 73.0599572, 19.0319487 ], [ 73.0599938, 19.0319923 ], [ 73.0600119, 19.0320138 ], [ 73.0600634, 19.032075 ], [ 73.060145, 19.0321742 ], [ 73.0601579, 19.0321898 ], [ 73.0603591, 19.0324334 ] ] } },
{ "type": "Feature", "properties": { "name": null, "highway": "service" }, "geometry": { "type": "LineString", "coordinates": [ [ 73.0547474, 19.0258088 ], [ 73.0545031, 19.0262393 ], [ 73.0544114, 19.0264008 ], [ 73.0543437, 19.0265202 ] ] } },
{ "type": "Feature", "properties": { "name": null, "highway": "residential" }, "geometry": { "type": "LineString", "coordinates": [ [ 73.059126, 19.0352115 ], [ 73.059162, 19.0352931 ], [ 73.0591764, 19.0353994 ], [ 73.0592039, 19.0356016 ], [ 73.05921, 19.0356462 ], [ 73.0592432, 19.0358908 ], [ 73.0593136, 19.0364089 ], [ 73.0593229, 19.0364773 ], [ 73.0593976, 19.0370267 ] ] } },
{ "type": "Feature", "properties": { "name": null, "highway": "service" }, "geometry": { "type": "LineString", "coordinates": [ [ 73.0528886, 19.0271556 ], [ 73.053021, 19.0269246 ] ] } },
{ "type": "Feature", "properties": { "name": null, "highway": "service" }, "geometry": { "type": "LineString", "coordinates": [ [ 73.0544011, 19.025643 ], [ 73.054601, 19.0252996 ], [ 73.0546874, 19.0251511 ] ] } },
{ "type": "Feature", "properties": { "name": null, "highway": "service" }, "geometry": { "type": "LineString", "coordinates": [ [ 73.0508495, 19.0239734 ], [ 73.0508668, 19.0238661 ], [ 73.0508857, 19.023661 ] ] } },
{ "type": "Feature", "properties": { "name": null, "highway": "service" }, "geometry": { "type": "LineString", "coordinates": [ [ 73.0527915, 19.0257829 ], [ 73.0533481, 19.0260452 ] ] } },
{ "type": "Feature", "properties": { "name": "Pravesh Marg", "highway": "tertiary" }, "geometry": { "type": "LineString", "coordinates": [ [ 73.0662152, 19.0321405 ], [ 73.0663674, 19.0319479 ], [ 73.0664183, 19.0318829 ], [ 73.0669227, 19.0312634 ], [ 73.0670321, 19.0311172 ], [ 73.0671241, 19.0309897 ], [ 73.0671985, 19.0308575 ], [ 73.0672589, 19.0307191 ], [ 73.0673355, 19.0304288 ], [ 73.067351, 19.03013 ], [ 73.0673355, 19.029981 ], [ 73.0671587, 19.02905 ], [ 73.0671316, 19.0289739 ] ] } },
{ "type": "Feature", "properties": { "name": null, "highway": "service" }, "geometry": { "type": "LineString", "coordinates": [ [ 73.0537114, 19.025423 ], [ 73.0539346, 19.0255355 ] ] } },
{ "type": "Feature", "properties": { "name": null, "highway": "service" }, "geometry": { "type": "LineString", "coordinates": [ [ 73.0553851, 19.0256247 ], [ 73.0553167, 19.0257317 ], [ 73.0551699, 19.0259613 ] ] } },
{ "type": "Feature", "properties": { "name": null, "highway": "service" }, "geometry": { "type": "LineString", "coordinates": [ [ 73.0529022, 19.0275469 ], [ 73.0535512, 19.0278482 ] ] } },
{ "type": "Feature", "properties": { "name": null, "highway": "service" }, "geometry": { "type": "LineString", "coordinates": [ [ 73.0535279, 19.0257298 ], [ 73.0533481, 19.0260452 ], [ 73.0528974, 19.0268624 ] ] } },
{ "type": "Feature", "properties": { "name": null, "highway": "service" }, "geometry": { "type": "LineString", "coordinates": [ [ 73.053757, 19.0274655 ], [ 73.053762, 19.0274053 ], [ 73.0537511, 19.0273648 ], [ 73.0537291, 19.0273244 ], [ 73.0536901, 19.0272918 ], [ 73.0531901, 19.0270098 ] ] } },
{ "type": "Feature", "properties": { "name": null, "highway": "service" }, "geometry": { "type": "LineString", "coordinates": [ [ 73.0531901, 19.0270098 ], [ 73.0530552, 19.0272614 ], [ 73.0529022, 19.0275469 ] ] } },
{ "type": "Feature", "properties": { "name": null, "highway": "residential" }, "geometry": { "type": "LineString", "coordinates": [ [ 73.0580338, 19.027926 ], [ 73.0584195, 19.0278174 ], [ 73.0585368, 19.0276582 ] ] } },
{ "type": "Feature", "properties": { "name": null, "highway": "service" }, "geometry": { "type": "LineString", "coordinates": [ [ 73.0528974, 19.0268624 ], [ 73.0528536, 19.0268759 ], [ 73.0527496, 19.0270528 ] ] } },
{ "type": "Feature", "properties": { "name": null, "highway": "residential" }, "geometry": { "type": "LineString", "coordinates": [ [ 73.0601348, 19.0325754 ], [ 73.0603591, 19.0324334 ], [ 73.0606243, 19.0322281 ], [ 73.0610572, 19.0319156 ] ] } },
{ "type": "Feature", "properties": { "name": null, "highway": "service" }, "geometry": { "type": "LineString", "coordinates": [ [ 73.0528974, 19.0268624 ], [ 73.053021, 19.0269246 ], [ 73.0531901, 19.0270098 ] ] } },
{ "type": "Feature", "properties": { "name": null, "highway": "service" }, "geometry": { "type": "LineString", "coordinates": [ [ 73.0540892, 19.0254937 ], [ 73.0544011, 19.025643 ], [ 73.0547474, 19.0258088 ] ] } },
{ "type": "Feature", "properties": { "name": null, "highway": "service" }, "geometry": { "type": "LineString", "coordinates": [ [ 73.0529758, 19.0254558 ], [ 73.0535279, 19.0257298 ] ] } },
{ "type": "Feature", "properties": { "name": null, "highway": "service" }, "geometry": { "type": "LineString", "coordinates": [ [ 73.0535279, 19.0257298 ], [ 73.0537114, 19.025423 ], [ 73.053853, 19.0251697 ], [ 73.0539247, 19.025024 ] ] } },
{ "type": "Feature", "properties": { "name": null, "highway": "service" }, "geometry": { "type": "LineString", "coordinates": [ [ 73.0533356, 19.0247596 ], [ 73.0529758, 19.0254558 ], [ 73.0527915, 19.0257829 ], [ 73.0524061, 19.0264671 ] ] } },
{ "type": "Feature", "properties": { "name": null, "highway": "service" }, "geometry": { "type": "LineString", "coordinates": [ [ 73.0525639, 19.0269805 ], [ 73.0527496, 19.0270528 ], [ 73.0528886, 19.0271556 ], [ 73.0529304, 19.0271951 ], [ 73.0530552, 19.0272614 ] ] } },
{ "type": "Feature", "properties": { "name": "Guru Gobind Singh Marg", "highway": "tertiary" }, "geometry": { "type": "LineString", "coordinates": [ [ 73.0461102, 19.0542696 ], [ 73.0462933, 19.0540396 ], [ 73.046465, 19.0538502 ], [ 73.0465363, 19.0537306 ], [ 73.0465788, 19.0536693 ], [ 73.046628, 19.0535544 ], [ 73.0466719, 19.0534285 ], [ 73.0467055, 19.0533026 ], [ 73.0467344, 19.0531776 ], [ 73.046852, 19.052667 ], [ 73.0470592, 19.0517674 ], [ 73.0471971, 19.0511684 ], [ 73.0472351, 19.0510035 ], [ 73.0472526, 19.0509026 ], [ 73.0472558, 19.0508085 ], [ 73.0472561, 19.0506625 ], [ 73.0472469, 19.0504896 ], [ 73.0470093, 19.0486853 ], [ 73.0470054, 19.0485704 ], [ 73.0470144, 19.0484531 ], [ 73.0470235, 19.0484059 ], [ 73.0470377, 19.0483321 ], [ 73.0470687, 19.0482404 ], [ 73.0470935, 19.0481869 ], [ 73.047114, 19.0481426 ], [ 73.0471618, 19.0480583 ], [ 73.0477993, 19.0470394 ], [ 73.0481071, 19.0465268 ], [ 73.0483204, 19.0461524 ], [ 73.0484003, 19.0460122 ], [ 73.0485197, 19.0458207 ], [ 73.048635, 19.045636 ], [ 73.048672, 19.0455766 ], [ 73.0487287, 19.0454915 ], [ 73.048972, 19.0451265 ], [ 73.0491373, 19.0449353 ], [ 73.049183, 19.0448869 ], [ 73.0492355, 19.0448447 ], [ 73.0494698, 19.0447016 ], [ 73.0495564, 19.0446613 ], [ 73.0496534, 19.0446344 ], [ 73.0501689, 19.0445162 ], [ 73.0502969, 19.0444764 ], [ 73.0504889, 19.0443978 ], [ 73.0505593, 19.0443528 ], [ 73.0506023, 19.0443113 ], [ 73.0506306, 19.0442655 ], [ 73.0506821, 19.044145 ], [ 73.0508448, 19.0436575 ], [ 73.0508687, 19.043574 ], [ 73.0508739, 19.043486 ], [ 73.0508752, 19.0433931 ], [ 73.0507819, 19.0422412 ], [ 73.0507792, 19.0421747 ], [ 73.0507883, 19.0420917 ], [ 73.0508011, 19.0420338 ], [ 73.0508286, 19.0419603 ], [ 73.0508706, 19.0418869 ], [ 73.0510711, 19.0416177 ], [ 73.0516539, 19.0409095 ], [ 73.0515465, 19.0408472 ], [ 73.0514495, 19.0408068 ], [ 73.0512737, 19.040742 ], [ 73.0511577, 19.0406906 ], [ 73.051037, 19.0406249 ], [ 73.0509529, 19.0405713 ], [ 73.0508358, 19.0404745 ], [ 73.0501189, 19.0399247 ], [ 73.0500531, 19.0398521 ], [ 73.0499927, 19.039764 ], [ 73.0499415, 19.0396706 ], [ 73.0498958, 19.0395686 ], [ 73.0498025, 19.0392332 ], [ 73.0497532, 19.0390828 ], [ 73.049627, 19.0386766 ], [ 73.0495995, 19.0385175 ], [ 73.0495941, 19.0384294 ], [ 73.0496032, 19.0383308 ], [ 73.0496233, 19.0382478 ], [ 73.0496471, 19.03817 ], [ 73.0500787, 19.0369703 ], [ 73.0503548, 19.0363756 ], [ 73.0503969, 19.0362615 ], [ 73.050428, 19.0361543 ], [ 73.050439, 19.0360756 ], [ 73.0506292, 19.0347911 ], [ 73.0506383, 19.0346666 ], [ 73.0506292, 19.0345612 ], [ 73.0506054, 19.0344678 ], [ 73.0505615, 19.0343468 ], [ 73.0504993, 19.0342292 ], [ 73.0501037, 19.0335589 ], [ 73.0500689, 19.0334811 ], [ 73.0500519, 19.0334241 ], [ 73.0500519, 19.0333783 ], [ 73.0500547, 19.033335 ], [ 73.0500702, 19.0332667 ], [ 73.0500995, 19.0331708 ], [ 73.0501269, 19.033112 ], [ 73.0501488, 19.033074 ], [ 73.0501863, 19.0330282 ], [ 73.0502284, 19.0329953 ], [ 73.0502769, 19.0329703 ], [ 73.0509607, 19.0326649 ], [ 73.0511043, 19.032613 ], [ 73.0512578, 19.0325633 ], [ 73.0513432, 19.032529 ], [ 73.0513975, 19.0324997 ], [ 73.0514518, 19.0324398 ], [ 73.0514932, 19.0323726 ], [ 73.0515048, 19.0323224 ], [ 73.0515022, 19.0322564 ], [ 73.0514841, 19.0321941 ], [ 73.0514479, 19.032133 ], [ 73.0513819, 19.0320694 ], [ 73.0495371, 19.0308642 ], [ 73.0492376, 19.0306786 ], [ 73.0491417, 19.0306179 ], [ 73.0490822, 19.0305727 ], [ 73.0490279, 19.0305201 ], [ 73.0489193, 19.0303856 ], [ 73.048874, 19.0303074 ], [ 73.0488508, 19.0302463 ], [ 73.0488365, 19.0301766 ], [ 73.048834, 19.030102 ], [ 73.0488393, 19.029996 ], [ 73.0488909, 19.0297854 ], [ 73.0489853, 19.0294859 ], [ 73.0490176, 19.0293624 ], [ 73.0491762, 19.0286748 ], [ 73.049202, 19.0285782 ], [ 73.0492163, 19.0284866 ], [ 73.0492227, 19.0284059 ], [ 73.0492493, 19.0279826 ], [ 73.04927, 19.0277833 ], [ 73.0493339, 19.0272463 ], [ 73.049343, 19.0272022 ], [ 73.0493576, 19.0271607 ], [ 73.049386, 19.027108 ], [ 73.0494335, 19.0270406 ], [ 73.049471, 19.0270034 ], [ 73.0495259, 19.0269723 ], [ 73.049589, 19.0269507 ], [ 73.0496466, 19.0269386 ], [ 73.0497033, 19.0269317 ], [ 73.0497865, 19.0269325 ], [ 73.0498624, 19.0269412 ], [ 73.04992, 19.0269585 ], [ 73.0499749, 19.0269861 ], [ 73.0500398, 19.0270388 ], [ 73.0500745, 19.0270838 ], [ 73.050102, 19.0271417 ], [ 73.050112, 19.0271841 ], [ 73.0501011, 19.0273855 ], [ 73.0500992, 19.0274529 ], [ 73.0500974, 19.0275186 ], [ 73.0501175, 19.0278177 ], [ 73.0501285, 19.0279958 ], [ 73.0501415, 19.0290855 ], [ 73.0501415, 19.0291601 ], [ 73.050148, 19.0292579 ], [ 73.0501661, 19.0293679 ], [ 73.0502951, 19.0298378 ], [ 73.050314, 19.0299053 ], [ 73.0503319, 19.0299597 ], [ 73.0503612, 19.0300209 ], [ 73.050436, 19.0300817 ], [ 73.0505129, 19.030128 ], [ 73.0505707, 19.0301479 ], [ 73.0506356, 19.0301686 ], [ 73.050706, 19.0301781 ], [ 73.0507865, 19.0301781 ], [ 73.050867, 19.03016 ], [ 73.0511536, 19.030051 ], [ 73.0511948, 19.030044 ], [ 73.0512396, 19.0300445 ], [ 73.051273, 19.0300497 ], [ 73.0513259, 19.0300596 ], [ 73.0513891, 19.0300841 ], [ 73.0514568, 19.0301135 ], [ 73.0515016, 19.0301463 ], [ 73.0515391, 19.0301826 ], [ 73.051572, 19.0302293 ], [ 73.0515884, 19.0302708 ], [ 73.051593, 19.0303062 ], [ 73.0516087, 19.0304747 ], [ 73.05162, 19.0305972 ], [ 73.0516736, 19.0306998 ], [ 73.0517536, 19.0307848 ], [ 73.0518303, 19.0308534 ], [ 73.0519207, 19.0308815 ], [ 73.0520031, 19.0308808 ], [ 73.0521009, 19.030857 ], [ 73.0522083, 19.0307845 ], [ 73.0522411, 19.0307188 ], [ 73.0522539, 19.0306678 ], [ 73.0522567, 19.0306203 ], [ 73.0521715, 19.0300908 ], [ 73.0521559, 19.0300163 ], [ 73.0521301, 19.0299282 ], [ 73.0520952, 19.0298561 ], [ 73.052046, 19.0297815 ], [ 73.0519943, 19.0297204 ], [ 73.0519464, 19.0296752 ], [ 73.0518883, 19.0296348 ], [ 73.0518655, 19.0296225 ], [ 73.0518249, 19.0296006 ], [ 73.0517512, 19.0295798 ], [ 73.0513803, 19.029538 ], [ 73.051282, 19.0295257 ], [ 73.0511837, 19.0295037 ], [ 73.0510958, 19.0294805 ], [ 73.0510208, 19.0294512 ], [ 73.0509652, 19.0294194 ], [ 73.0509251, 19.0293778 ], [ 73.050885, 19.029313 ], [ 73.0508656, 19.0292592 ], [ 73.0508552, 19.0291847 ], [ 73.0508571, 19.0291407 ], [ 73.0508591, 19.0290966 ], [ 73.0511313, 19.0268022 ], [ 73.0511339, 19.0267325 ], [ 73.0511326, 19.0266738 ], [ 73.0511236, 19.0266212 ], [ 73.051099, 19.0265491 ], [ 73.051068, 19.0264831 ], [ 73.0510279, 19.0264232 ], [ 73.05098, 19.0263694 ], [ 73.0509218, 19.0263254 ], [ 73.0508585, 19.0262924 ], [ 73.0489245, 19.0256473 ], [ 73.0488038, 19.025604 ], [ 73.0486886, 19.0255418 ], [ 73.0485916, 19.0254813 ], [ 73.0485167, 19.0254242 ], [ 73.0484618, 19.0253706 ], [ 73.0484216, 19.0253119 ], [ 73.048396, 19.0252462 ], [ 73.0483795, 19.0251649 ], [ 73.0481068, 19.0231345 ], [ 73.0480853, 19.0229522 ], [ 73.0480756, 19.0228505 ] ] } },
{ "type": "Feature", "properties": { "name": null, "highway": "residential" }, "geometry": { "type": "LineString", "coordinates": [ [ 73.0473372, 19.0532339 ], [ 73.0473445, 19.0533783 ] ] } },
{ "type": "Feature", "properties": { "name": null, "highway": "residential" }, "geometry": { "type": "LineString", "coordinates": [ [ 73.0467344, 19.0531776 ], [ 73.0468584, 19.0532477 ] ] } },
{ "type": "Feature", "properties": { "name": null, "highway": "residential" }, "geometry": { "type": "LineString", "coordinates": [ [ 73.0465363, 19.0537306 ], [ 73.0466702, 19.0539094 ], [ 73.0467608, 19.0540037 ], [ 73.0468441, 19.0540714 ], [ 73.0469003, 19.054091 ], [ 73.0470324, 19.0541114 ] ] } },
{ "type": "Feature", "properties": { "name": "Raintree Marg", "highway": "primary" }, "geometry": { "type": "LineString", "coordinates": [ [ 73.0666963, 19.0678431 ], [ 73.0666669, 19.0677388 ], [ 73.0663999, 19.0668284 ], [ 73.0663909, 19.0667625 ], [ 73.0659563, 19.0652212 ], [ 73.0658295, 19.0647783 ], [ 73.0657258, 19.0644388 ], [ 73.0656869, 19.0643025 ], [ 73.0654364, 19.0634708 ], [ 73.0651716, 19.0625031 ], [ 73.0650984, 19.062228 ], [ 73.0649883, 19.0618409 ], [ 73.064949, 19.0617073 ], [ 73.0648353, 19.0613025 ], [ 73.0645531, 19.0603101 ], [ 73.0644967, 19.0601278 ], [ 73.0644588, 19.0599728 ], [ 73.0644246, 19.059811 ], [ 73.064404, 19.0596668 ], [ 73.0643843, 19.0595073 ], [ 73.0643615, 19.0591534 ], [ 73.064364, 19.058966 ], [ 73.0643768, 19.0587666 ], [ 73.0645594, 19.0569889 ], [ 73.0645842, 19.0567478 ], [ 73.064597, 19.0566233 ], [ 73.0646314, 19.0562878 ], [ 73.0646716, 19.0558969 ], [ 73.0646923, 19.0555908 ], [ 73.0647476, 19.0549079 ], [ 73.0647506, 19.0548838 ], [ 73.0647594, 19.0548124 ], [ 73.0648048, 19.0544282 ], [ 73.0648508, 19.0540753 ], [ 73.0649199, 19.0533972 ], [ 73.0649597, 19.0529617 ], [ 73.0650428, 19.0520516 ], [ 73.0650719, 19.051845 ], [ 73.0650742, 19.0518286 ], [ 73.0650835, 19.0517254 ], [ 73.0650841, 19.0517017 ], [ 73.0650862, 19.0516117 ], [ 73.0650778, 19.0514565 ], [ 73.0650288, 19.0510537 ], [ 73.0649734, 19.0506304 ], [ 73.0649468, 19.0504992 ], [ 73.0648885, 19.0500866 ], [ 73.064846, 19.0496809 ], [ 73.0648252, 19.0494456 ], [ 73.0647801, 19.0490992 ], [ 73.0647541, 19.0488995 ], [ 73.0646542, 19.04811 ], [ 73.0646385, 19.0479888 ], [ 73.0646247, 19.0478818 ], [ 73.0646013, 19.0477012 ], [ 73.0645775, 19.0474396 ], [ 73.0645349, 19.0471599 ], [ 73.0644741, 19.046881 ], [ 73.0643545, 19.0463915 ], [ 73.0643185, 19.0462314 ], [ 73.0643042, 19.0461449 ], [ 73.0642904, 19.0460866 ], [ 73.0642433, 19.0457609 ], [ 73.0641546, 19.0451473 ], [ 73.0641218, 19.0449191 ], [ 73.064093, 19.0447188 ], [ 73.0640605, 19.0444928 ], [ 73.0640325, 19.044298 ] ] } },
{ "type": "Feature", "properties": { "name": "Raintree Marg", "highway": "secondary" }, "geometry": { "type": "LineString", "coordinates": [ [ 73.066585, 19.0678669 ], [ 73.0666963, 19.0678431 ], [ 73.0667109, 19.0678399 ], [ 73.0667679, 19.0678351 ], [ 73.0668275, 19.0678375 ], [ 73.0668553, 19.0678416 ], [ 73.0668953, 19.0678474 ], [ 73.0669672, 19.0678688 ], [ 73.0670341, 19.0678908 ], [ 73.0688476, 19.0684873 ], [ 73.0691494, 19.0685866 ], [ 73.0692325, 19.0686139 ], [ 73.0700188, 19.0688726 ], [ 73.0704142, 19.06901 ], [ 73.0704741, 19.0690289 ], [ 73.0708458, 19.0691465 ], [ 73.0709891, 19.0691918 ], [ 73.0711924, 19.0692528 ], [ 73.0714256, 19.0693454 ], [ 73.0715141, 19.0693707 ], [ 73.0716562, 19.0693961 ], [ 73.0718279, 19.069424 ], [ 73.0720854, 19.0694645 ], [ 73.0722812, 19.0694658 ], [ 73.0724099, 19.0694658 ], [ 73.0725279, 19.0694607 ], [ 73.0726245, 19.0694569 ], [ 73.0726956, 19.0694557 ], [ 73.0728257, 19.069443 ], [ 73.0731046, 19.0694341 ], [ 73.0735646, 19.069403 ], [ 73.0737577, 19.06939 ], [ 73.0737805, 19.0693885 ], [ 73.0738174, 19.0693872 ] ] } },
{ "type": "Feature", "properties": { "name": null, "highway": "residential" }, "geometry": { "type": "LineString", "coordinates": [ [ 73.0660187, 19.0290449 ], [ 73.066031, 19.029122 ], [ 73.0660536, 19.0291539 ], [ 73.0660498, 19.0291675 ], [ 73.0660408, 19.0291846 ], [ 73.0660151, 19.0292204 ], [ 73.0655914, 19.0297572 ], [ 73.0655619, 19.0297946 ], [ 73.0653656, 19.0300433 ], [ 73.0648068, 19.0307727 ], [ 73.0647555, 19.0308374 ], [ 73.0647434, 19.0309012 ] ] } },
{ "type": "Feature", "properties": { "name": null, "highway": "residential" }, "geometry": { "type": "LineString", "coordinates": [ [ 73.0647434, 19.0309012 ], [ 73.064817, 19.0308798 ], [ 73.0648683, 19.030815 ], [ 73.0654435, 19.0300956 ], [ 73.0660769, 19.0292623 ], [ 73.0661069, 19.0292204 ], [ 73.0661214, 19.0291929 ], [ 73.0661295, 19.0291634 ], [ 73.066107, 19.0291249 ], [ 73.0660946, 19.0290478 ] ] } },
{ "type": "Feature", "properties": { "name": "Kharghar Station Road", "highway": "tertiary" }, "geometry": { "type": "LineString", "coordinates": [ [ 73.0600916, 19.0276249 ], [ 73.0601935, 19.0276951 ], [ 73.0618567, 19.0288403 ], [ 73.0628509, 19.0295455 ], [ 73.0629334, 19.0295894 ], [ 73.0647555, 19.0308374 ], [ 73.064817, 19.0308798 ], [ 73.0661145, 19.0317736 ], [ 73.0663674, 19.0319479 ], [ 73.0675927, 19.032787 ], [ 73.0676355, 19.0328154 ], [ 73.0688596, 19.0336659 ], [ 73.0700592, 19.0344915 ], [ 73.0704334, 19.034749 ] ] } },
{ "type": "Feature", "properties": { "name": null, "highway": "service" }, "geometry": { "type": "LineString", "coordinates": [ [ 73.058033, 19.0261178 ], [ 73.0580238, 19.0262076 ], [ 73.0582746, 19.026387 ], [ 73.0584238, 19.0260767 ], [ 73.0584332, 19.0260393 ], [ 73.0584361, 19.0260117 ], [ 73.0584218, 19.0259644 ], [ 73.0584072, 19.0259358 ], [ 73.0583769, 19.0259092 ], [ 73.0583488, 19.0258934 ], [ 73.0583144, 19.0258865 ], [ 73.058281, 19.0258845 ], [ 73.058231, 19.0258954 ], [ 73.0581297, 19.0259538 ], [ 73.058033, 19.0261178 ] ] } },
{ "type": "Feature", "properties": { "name": null, "highway": "service" }, "geometry": { "type": "LineString", "coordinates": [ [ 73.0590577, 19.0269205 ], [ 73.0591331, 19.0267594 ], [ 73.0591488, 19.0267111 ], [ 73.0591561, 19.0266717 ], [ 73.0591484, 19.0266116 ], [ 73.0591394, 19.0265416 ], [ 73.0591227, 19.0265041 ], [ 73.0590904, 19.0264706 ], [ 73.0590149, 19.0264248 ], [ 73.0589038, 19.0263573 ], [ 73.0588757, 19.0263484 ], [ 73.0588486, 19.0263455 ], [ 73.0588204, 19.0263524 ], [ 73.0587881, 19.0263731 ], [ 73.0587721, 19.0263942 ], [ 73.0587151, 19.0264696 ], [ 73.0586095, 19.0266151 ] ] } },
{ "type": "Feature", "properties": { "name": "Kharghar Underpass", "highway": "tertiary" }, "geometry": { "type": "LineString", "coordinates": [ [ 73.057876, 19.0269335 ], [ 73.0581361, 19.0265847 ] ] } },
{ "type": "Feature", "properties": { "name": "Kopra Road", "highway": "tertiary" }, "geometry": { "type": "LineString", "coordinates": [ [ 73.0775293, 19.036669 ], [ 73.0774358, 19.0365806 ], [ 73.077018, 19.0361857 ], [ 73.0767104, 19.0358772 ], [ 73.0765719, 19.0357382 ], [ 73.076534, 19.0357002 ], [ 73.0760538, 19.0352184 ], [ 73.0757836, 19.0349474 ], [ 73.0757182, 19.0348817 ], [ 73.0752779, 19.0344444 ], [ 73.075216, 19.0343803 ], [ 73.0750766, 19.0342381 ], [ 73.0750576, 19.0342191 ], [ 73.07502, 19.0341813 ], [ 73.0745947, 19.0337546 ], [ 73.0739541, 19.0331119 ], [ 73.0738955, 19.0330531 ], [ 73.0735078, 19.0326642 ], [ 73.0734586, 19.0326149 ], [ 73.0732319, 19.0323874 ], [ 73.0731648, 19.0324472 ], [ 73.0733881, 19.0326711 ], [ 73.0734447, 19.0327279 ], [ 73.0738293, 19.0331138 ], [ 73.073888, 19.0331727 ], [ 73.0741337, 19.0334193 ], [ 73.0742359, 19.0335103 ], [ 73.0745284, 19.0338153 ], [ 73.074728, 19.0340155 ], [ 73.0749438, 19.034232 ], [ 73.0749922, 19.0342806 ], [ 73.0750125, 19.0343009 ], [ 73.075215, 19.0345036 ], [ 73.0753531, 19.0346481 ], [ 73.0755425, 19.0348443 ], [ 73.0755931, 19.0348833 ], [ 73.0756883, 19.0349788 ], [ 73.075711, 19.0350015 ], [ 73.0758096, 19.0351006 ], [ 73.0759875, 19.0352791 ], [ 73.0764681, 19.0357612 ], [ 73.0770623, 19.0363658 ], [ 73.0770847, 19.0363885 ], [ 73.0771164, 19.036416 ], [ 73.0773717, 19.0366375 ], [ 73.0775393, 19.036783 ] ] } },
{ "type": "Feature", "properties": { "name": null, "highway": "residential" }, "geometry": { "type": "LineString", "coordinates": [ [ 73.074045, 19.0330309 ], [ 73.0744455, 19.0326742 ], [ 73.0746496, 19.0324923 ] ] } },
{ "type": "Feature", "properties": { "name": null, "highway": "service" }, "geometry": { "type": "LineString", "coordinates": [ [ 73.0601844, 19.027525 ], [ 73.0600554, 19.0273487 ], [ 73.0600916, 19.0276249 ] ] } },
{ "type": "Feature", "properties": { "name": null, "highway": "service" }, "geometry": { "type": "LineString", "coordinates": [ [ 73.0598197, 19.0264477 ], [ 73.0600554, 19.0273487 ] ] } },
{ "type": "Feature", "properties": { "name": null, "highway": "service" }, "geometry": { "type": "LineString", "coordinates": [ [ 73.0587151, 19.0264696 ], [ 73.0591488, 19.0267111 ] ] } },
{ "type": "Feature", "properties": { "name": null, "highway": "tertiary" }, "geometry": { "type": "LineString", "coordinates": [ [ 73.0581983, 19.0264733 ], [ 73.0582746, 19.026387 ] ] } },
{ "type": "Feature", "properties": { "name": null, "highway": "residential" }, "geometry": { "type": "LineString", "coordinates": [ [ 73.0745281, 19.0372484 ], [ 73.0749208, 19.0372224 ], [ 73.0750349, 19.037211 ] ] } },
{ "type": "Feature", "properties": { "name": null, "highway": "service" }, "geometry": { "type": "LineString", "coordinates": [ [ 73.0587721, 19.0263942 ], [ 73.058951, 19.0264976 ], [ 73.0591484, 19.0266116 ] ] } },
{ "type": "Feature", "properties": { "name": null, "highway": "service" }, "geometry": { "type": "LineString", "coordinates": [ [ 73.0583933, 19.0264679 ], [ 73.0584754, 19.0263566 ], [ 73.0585071, 19.0263071 ], [ 73.0585322, 19.0262591 ], [ 73.0585786, 19.0261643 ], [ 73.0586037, 19.0261378 ], [ 73.0586288, 19.026126 ], [ 73.0586663, 19.0261246 ], [ 73.0586892, 19.0261343 ], [ 73.0587106, 19.0261566 ], [ 73.0587209, 19.0261866 ], [ 73.0587187, 19.0262173 ], [ 73.0587091, 19.0262465 ], [ 73.0586892, 19.0262695 ], [ 73.0586686, 19.0262869 ], [ 73.0586405, 19.0263078 ], [ 73.0586199, 19.0263281 ], [ 73.0585948, 19.0263608 ], [ 73.0585816, 19.0263887 ], [ 73.0585683, 19.0264333 ], [ 73.0585639, 19.026473 ], [ 73.0585698, 19.0265881 ] ] } },
{ "type": "Feature", "properties": { "name": null, "highway": "residential" }, "geometry": { "type": "LineString", "coordinates": [ [ 73.0736222, 19.0344803 ], [ 73.0733597, 19.0342396 ], [ 73.0733388, 19.0342199 ], [ 73.0730478, 19.033945 ], [ 73.0729868, 19.0338883 ] ] } },
{ "type": "Feature", "properties": { "name": null, "highway": "service" }, "geometry": { "type": "LineString", "coordinates": [ [ 73.0602447, 19.0272327 ], [ 73.0603487, 19.0268308 ], [ 73.0600976, 19.026678 ], [ 73.0600902, 19.0266762 ], [ 73.0600735, 19.0266729 ], [ 73.0600486, 19.0266736 ], [ 73.06003, 19.0266839 ], [ 73.0600199, 19.0266986 ], [ 73.0600168, 19.0267133 ], [ 73.0600183, 19.0267346 ], [ 73.0601067, 19.0269793 ] ] } },
{ "type": "Feature", "properties": { "name": "Service Road", "highway": "tertiary" }, "geometry": { "type": "LineString", "coordinates": [ [ 73.0577262, 19.0270995 ], [ 73.0572254, 19.0267842 ], [ 73.0570353, 19.0266645 ] ] } },
{ "type": "Feature", "properties": { "name": null, "highway": "residential" }, "geometry": { "type": "LineString", "coordinates": [ [ 73.0736222, 19.0344803 ], [ 73.0739178, 19.034804 ], [ 73.0739472, 19.0348764 ], [ 73.0739723, 19.0350033 ] ] } },
{ "type": "Feature", "properties": { "name": "Kopra Road", "highway": "tertiary" }, "geometry": { "type": "LineString", "coordinates": [ [ 73.0738955, 19.0330531 ], [ 73.0738293, 19.0331138 ], [ 73.0734187, 19.0334912 ], [ 73.0733769, 19.0335296 ], [ 73.0732237, 19.0336705 ], [ 73.0731695, 19.0337242 ], [ 73.0729868, 19.0338883 ], [ 73.0725494, 19.0342907 ], [ 73.0723205, 19.0345013 ], [ 73.0722636, 19.0345536 ], [ 73.0714203, 19.0353094 ] ] } },
{ "type": "Feature", "properties": { "name": "Kopra Road", "highway": "tertiary" }, "geometry": { "type": "LineString", "coordinates": [ [ 73.0714286, 19.0354346 ], [ 73.0714908, 19.0353774 ], [ 73.0718696, 19.0350289 ], [ 73.0719138, 19.0349882 ], [ 73.0723302, 19.0346051 ], [ 73.0723836, 19.0345559 ], [ 73.0725535, 19.0343997 ], [ 73.0726649, 19.0342972 ], [ 73.0728575, 19.03412 ], [ 73.0730478, 19.033945 ], [ 73.0731948, 19.0338059 ], [ 73.0732316, 19.0337761 ], [ 73.073334, 19.0336819 ], [ 73.073888, 19.0331727 ], [ 73.0739541, 19.0331119 ] ] } },
{ "type": "Feature", "properties": { "name": null, "highway": "tertiary" }, "geometry": { "type": "LineString", "coordinates": [ [ 73.0676822, 19.0327532 ], [ 73.0679198, 19.0324424 ], [ 73.067937, 19.0324142 ], [ 73.0679387, 19.032412 ], [ 73.0679598, 19.0323841 ], [ 73.0681124, 19.0321824 ], [ 73.0682681, 19.0319767 ], [ 73.0687794, 19.0312951 ], [ 73.0688169, 19.0312397 ], [ 73.0688474, 19.0311782 ], [ 73.0688669, 19.0311168 ], [ 73.0688763, 19.031056 ], [ 73.0689187, 19.0306895 ], [ 73.0689215, 19.0306651 ], [ 73.0690198, 19.0298161 ], [ 73.0690461, 19.029435 ], [ 73.0690402, 19.0293582 ], [ 73.0690292, 19.0292887 ], [ 73.068999, 19.0292158 ], [ 73.0689732, 19.0291599 ], [ 73.0689247, 19.0291056 ], [ 73.0688618, 19.0290513 ], [ 73.0687901, 19.0289998 ], [ 73.0687266, 19.0289559 ], [ 73.0686094, 19.0288749 ], [ 73.0685275, 19.0288317 ], [ 73.0684681, 19.028808 ], [ 73.0684043, 19.0287928 ], [ 73.0683464, 19.0287849 ], [ 73.0682861, 19.0287823 ], [ 73.0682151, 19.028787 ], [ 73.0674932, 19.0289123 ], [ 73.0672526, 19.0289513 ], [ 73.0671316, 19.0289739 ], [ 73.0670509, 19.0289889 ], [ 73.0668567, 19.0290179 ], [ 73.0667691, 19.0290267 ], [ 73.0666918, 19.0290344 ], [ 73.0664758, 19.029051 ], [ 73.0661792, 19.029051 ], [ 73.0660946, 19.0290478 ], [ 73.0660187, 19.0290449 ], [ 73.0655253, 19.029026 ], [ 73.0654063, 19.029015 ], [ 73.0652858, 19.0289999 ], [ 73.0652529, 19.0289942 ], [ 73.0645743, 19.028876 ], [ 73.0644506, 19.0288515 ], [ 73.0643497, 19.0288193 ], [ 73.0642501, 19.0287805 ], [ 73.0640564, 19.0287115 ], [ 73.0639363, 19.028678 ], [ 73.0638144, 19.0286647 ], [ 73.0637312, 19.0286678 ], [ 73.0636324, 19.0286858 ], [ 73.0635753, 19.0287081 ], [ 73.0635478, 19.0287188 ], [ 73.0634897, 19.028762 ], [ 73.063436, 19.028812 ], [ 73.063383, 19.0288694 ], [ 73.0633323, 19.0289338 ], [ 73.0629019, 19.0294805 ], [ 73.0628509, 19.0295455 ] ] } },
{ "type": "Feature", "properties": { "name": null, "highway": "tertiary" }, "geometry": { "type": "LineString", "coordinates": [ [ 73.0629334, 19.0295894 ], [ 73.0629844, 19.0295245 ], [ 73.0634629, 19.0289165 ], [ 73.0635116, 19.0288638 ], [ 73.0635596, 19.028819 ], [ 73.0636046, 19.0287856 ], [ 73.0636704, 19.02876 ], [ 73.0637544, 19.0287446 ], [ 73.0638245, 19.0287421 ], [ 73.0639325, 19.0287538 ], [ 73.0640425, 19.0287845 ], [ 73.0642013, 19.0288411 ], [ 73.064232, 19.028852 ], [ 73.0642622, 19.0288638 ], [ 73.0642914, 19.0288751 ], [ 73.0643329, 19.0288913 ], [ 73.0644413, 19.028926 ], [ 73.0645711, 19.0289516 ], [ 73.0646315, 19.0289621 ], [ 73.0652445, 19.0290689 ], [ 73.0652857, 19.0290761 ], [ 73.0654099, 19.0290917 ], [ 73.0655327, 19.029103 ], [ 73.0656186, 19.0291063 ], [ 73.066031, 19.029122 ], [ 73.066107, 19.0291249 ], [ 73.0661908, 19.0291281 ], [ 73.0664926, 19.0291281 ], [ 73.066713, 19.0291113 ], [ 73.0667963, 19.0291029 ], [ 73.0668812, 19.0290944 ], [ 73.0670792, 19.0290648 ], [ 73.0671587, 19.02905 ], [ 73.0672814, 19.0290271 ], [ 73.0675214, 19.0289882 ], [ 73.0682391, 19.0288637 ], [ 73.0683005, 19.0288596 ], [ 73.0683517, 19.0288618 ], [ 73.068401, 19.0288685 ], [ 73.0684541, 19.0288812 ], [ 73.0685032, 19.0289008 ], [ 73.0685765, 19.0289394 ], [ 73.0687057, 19.0290287 ], [ 73.0687523, 19.0290609 ], [ 73.0688203, 19.0291098 ], [ 73.0688762, 19.0291581 ], [ 73.0689131, 19.0291994 ], [ 73.0689333, 19.029243 ], [ 73.0689594, 19.029306 ], [ 73.0689684, 19.0293634 ], [ 73.0689737, 19.0294317 ], [ 73.0689479, 19.0298054 ], [ 73.0688486, 19.0306384 ] ] } },
{ "type": "Feature", "properties": { "name": null, "highway": "residential" }, "geometry": { "type": "LineString", "coordinates": [ [ 73.0722784, 19.0357818 ], [ 73.0722768, 19.0358422 ], [ 73.0722783, 19.0358896 ], [ 73.0722975, 19.0359356 ], [ 73.0723269, 19.0359704 ], [ 73.0726862, 19.0362266 ], [ 73.0728808, 19.0363653 ], [ 73.0731713, 19.0365724 ] ] } },
{ "type": "Feature", "properties": { "name": null, "highway": "residential" }, "geometry": { "type": "LineString", "coordinates": [ [ 73.0732206, 19.0347691 ], [ 73.0733156, 19.0348962 ], [ 73.0733731, 19.0349882 ], [ 73.0734247, 19.0350816 ], [ 73.0734512, 19.0351708 ], [ 73.0734718, 19.0352697 ] ] } },
{ "type": "Feature", "properties": { "name": "Kharghar Station Road", "highway": "tertiary" }, "geometry": { "type": "LineString", "coordinates": [ [ 73.0582746, 19.026387 ], [ 73.0583933, 19.0264679 ], [ 73.0585698, 19.0265881 ], [ 73.0586095, 19.0266151 ], [ 73.0590577, 19.0269205 ], [ 73.0593005, 19.0270859 ], [ 73.0600916, 19.0276249 ] ] } },
{ "type": "Feature", "properties": { "name": null, "highway": "residential" }, "geometry": { "type": "LineString", "coordinates": [ [ 73.0722784, 19.0357818 ], [ 73.0724304, 19.0355811 ], [ 73.0725999, 19.0353557 ], [ 73.0726944, 19.0352323 ], [ 73.0728344, 19.0350779 ], [ 73.0728774, 19.0350413 ], [ 73.0732206, 19.0347691 ], [ 73.073354, 19.0346682 ], [ 73.0736222, 19.0344803 ], [ 73.0737872, 19.0343592 ], [ 73.0738277, 19.0343294 ], [ 73.0739703, 19.0342248 ], [ 73.074183, 19.0340692 ], [ 73.0745284, 19.0338153 ] ] } },
{ "type": "Feature", "properties": { "name": "Gharkul Road", "highway": "primary" }, "geometry": { "type": "LineString", "coordinates": [ [ 73.0742179, 19.0412979 ], [ 73.0750037, 19.0410918 ], [ 73.0756064, 19.040929 ], [ 73.075704, 19.0409008 ], [ 73.0760096, 19.0407865 ], [ 73.0760849, 19.040751 ], [ 73.0761129, 19.0407348 ], [ 73.0761639, 19.0407053 ], [ 73.0762376, 19.0406553 ], [ 73.076629, 19.0403562 ], [ 73.0769628, 19.0400964 ], [ 73.0770208, 19.0400547 ], [ 73.0771783, 19.03993 ], [ 73.0778897, 19.039384 ], [ 73.0780267, 19.0392796 ], [ 73.0781335, 19.0391913 ], [ 73.0782179, 19.0391101 ], [ 73.0783399, 19.0389932 ], [ 73.0785994, 19.0387249 ], [ 73.0787407, 19.0385955 ], [ 73.0788153, 19.0385455 ], [ 73.0796095, 19.0379478 ], [ 73.0798067, 19.0378031 ], [ 73.0802642, 19.0374623 ], [ 73.080297, 19.0374388 ], [ 73.080324, 19.0374258 ], [ 73.0803725, 19.0374173 ] ] } },
{ "type": "Feature", "properties": { "name": "Kendriya Vihar Road - Navrang Road - Gharkul Road - Dhansoli Nirman Yojana Marg", "highway": "primary" }, "geometry": { "type": "LineString", "coordinates": [ [ 73.0698464, 19.0412751 ], [ 73.0693661, 19.0412433 ] ] } },
{ "type": "Feature", "properties": { "name": null, "highway": "primary" }, "geometry": { "type": "LineString", "coordinates": [ [ 73.0831623, 19.0724914 ], [ 73.0831493, 19.0724762 ], [ 73.0831333, 19.0724636 ], [ 73.0831151, 19.0724543 ], [ 73.0830952, 19.0724484 ], [ 73.0830746, 19.0724464 ], [ 73.0830539, 19.0724482 ], [ 73.083034, 19.0724538 ], [ 73.0830156, 19.0724629 ], [ 73.0829994, 19.0724753 ], [ 73.0829862, 19.0724903 ], [ 73.0829763, 19.0725076 ], [ 73.0829701, 19.0725263 ], [ 73.0829679, 19.0725458 ], [ 73.0829698, 19.0725654 ], [ 73.0829757, 19.0725842 ], [ 73.0829854, 19.0726016 ], [ 73.0829985, 19.0726169 ], [ 73.0830144, 19.0726294 ], [ 73.0830327, 19.0726388 ], [ 73.0830525, 19.0726446 ], [ 73.0830732, 19.0726467 ], [ 73.0830939, 19.0726449 ], [ 73.0831138, 19.0726393 ], [ 73.0831322, 19.0726302 ], [ 73.0831483, 19.0726178 ], [ 73.0831616, 19.0726027 ], [ 73.0831715, 19.0725854 ], [ 73.0831777, 19.0725667 ], [ 73.0831798, 19.0725472 ], [ 73.0831779, 19.0725276 ], [ 73.083172, 19.0725088 ], [ 73.0831623, 19.0724914 ] ] } },
{ "type": "Feature", "properties": { "name": "D-Mart Road", "highway": "secondary" }, "geometry": { "type": "LineString", "coordinates": [ [ 73.0792598, 19.0451687 ], [ 73.0791949, 19.0450675 ], [ 73.0786179, 19.0443801 ], [ 73.0781354, 19.0438052 ], [ 73.0778412, 19.0434547 ], [ 73.077515, 19.043066 ], [ 73.0774476, 19.0429871 ], [ 73.0769392, 19.0423797 ], [ 73.076515, 19.0418672 ], [ 73.076111, 19.0413894 ], [ 73.075704, 19.0409008 ], [ 73.0756407, 19.0408252 ] ] } },
{ "type": "Feature", "properties": { "name": "D-Mart Road", "highway": "secondary" }, "geometry": { "type": "LineString", "coordinates": [ [ 73.075543, 19.0408533 ], [ 73.0756064, 19.040929 ], [ 73.077366, 19.0430476 ], [ 73.0774398, 19.0431304 ], [ 73.0791069, 19.0451079 ], [ 73.0791677, 19.0452042 ] ] } },
{ "type": "Feature", "properties": { "name": "Taloja Jail Road", "highway": "primary" }, "geometry": { "type": "LineString", "coordinates": [ [ 73.0753971, 19.074209 ], [ 73.0745812, 19.0743784 ], [ 73.0744161, 19.0744193 ], [ 73.0742873, 19.0744422 ], [ 73.0741486, 19.0744635 ], [ 73.0740255, 19.0744721 ], [ 73.0738851, 19.0744701 ], [ 73.0737845, 19.074464 ], [ 73.0736939, 19.0744509 ], [ 73.0735777, 19.0744269 ], [ 73.0734836, 19.0744042 ], [ 73.0733791, 19.0743729 ], [ 73.073279, 19.0743319 ], [ 73.0731877, 19.0742878 ], [ 73.073039, 19.074203 ], [ 73.0727751, 19.0740273 ], [ 73.0725563, 19.0738787 ], [ 73.071889, 19.0734237 ], [ 73.0718118, 19.0733711 ], [ 73.0710776, 19.0728705 ], [ 73.06963, 19.0718834 ], [ 73.0689028, 19.0713876 ], [ 73.0687115, 19.0712571 ], [ 73.0683939, 19.0710329 ], [ 73.0681015, 19.0708032 ], [ 73.067896, 19.070615 ], [ 73.0676997, 19.0704088 ], [ 73.0675665, 19.0702311 ], [ 73.0674825, 19.0700917 ], [ 73.0674509, 19.0700394 ], [ 73.067345, 19.0698361 ], [ 73.0672418, 19.0695915 ], [ 73.0671297, 19.0693072 ], [ 73.0670637, 19.0691201 ], [ 73.0669753, 19.0688327 ], [ 73.0666963, 19.0678431 ] ] } },
{ "type": "Feature", "properties": { "name": null, "highway": "tertiary" }, "geometry": { "type": "LineString", "coordinates": [ [ 73.0782918, 19.0691618 ], [ 73.0783353, 19.0691396 ], [ 73.0783643, 19.0691218 ], [ 73.0783999, 19.0691081 ], [ 73.0784386, 19.0691034 ], [ 73.0791343, 19.0690616 ], [ 73.079199, 19.0690577 ], [ 73.0793363, 19.0690451 ], [ 73.0794891, 19.0690238 ], [ 73.079594, 19.0689974 ], [ 73.0796913, 19.0689649 ], [ 73.0800948, 19.0688241 ], [ 73.0802101, 19.0687839 ], [ 73.0805492, 19.0686656 ], [ 73.0811841, 19.0684434 ], [ 73.0818589, 19.0682073 ], [ 73.0822459, 19.0680718 ], [ 73.0827629, 19.0678927 ], [ 73.0829756, 19.0678191 ], [ 73.0830637, 19.0677887 ], [ 73.0831484, 19.0677642 ], [ 73.0832228, 19.0677449 ], [ 73.0832952, 19.0677324 ], [ 73.0833866, 19.0677208 ], [ 73.0843323, 19.0676252 ], [ 73.0844367, 19.0676147 ], [ 73.0845502, 19.0676032 ] ] } },
{ "type": "Feature", "properties": { "name": "Raintree Marg", "highway": "secondary" }, "geometry": { "type": "LineString", "coordinates": [ [ 73.0737896, 19.0692976 ], [ 73.072827, 19.0693352 ], [ 73.0726781, 19.0693441 ], [ 73.0725843, 19.0693505 ], [ 73.0724891, 19.0693543 ], [ 73.072371, 19.069353 ], [ 73.0722436, 19.0693428 ], [ 73.0718708, 19.0693048 ], [ 73.0716509, 19.0692719 ], [ 73.0715302, 19.0692491 ], [ 73.0713947, 19.0691953 ], [ 73.0712253, 19.0691496 ], [ 73.0710251, 19.0690895 ], [ 73.0705497, 19.0689331 ], [ 73.0692719, 19.0685127 ], [ 73.0690933, 19.0684539 ], [ 73.0670723, 19.0677892 ], [ 73.0670031, 19.0677664 ], [ 73.0669213, 19.0677421 ], [ 73.0668245, 19.0677284 ], [ 73.0667653, 19.0677271 ], [ 73.0666931, 19.0677332 ], [ 73.0666669, 19.0677388 ], [ 73.0665569, 19.0677674 ] ] } },
{ "type": "Feature", "properties": { "name": null, "highway": "primary" }, "geometry": { "type": "LineString", "coordinates": [ [ 73.0816177, 19.0449 ], [ 73.0816159, 19.0447881 ], [ 73.0815787, 19.0444965 ], [ 73.0815489, 19.0442624 ], [ 73.0814908, 19.043807 ], [ 73.08125, 19.0419195 ], [ 73.0807871, 19.0385456 ], [ 73.0807786, 19.0384899 ] ] } },
{ "type": "Feature", "properties": { "name": "Kutak Bandhan", "highway": "secondary" }, "geometry": { "type": "LineString", "coordinates": [ [ 73.079109, 19.0734631 ], [ 73.0791579, 19.0733416 ], [ 73.0791258, 19.0731967 ], [ 73.0790205, 19.0727219 ], [ 73.0789539, 19.0724214 ], [ 73.0788812, 19.0720793 ], [ 73.07887, 19.0720298 ], [ 73.0788089, 19.0717601 ], [ 73.078738, 19.0714471 ], [ 73.0786357, 19.0709882 ], [ 73.0785539, 19.0706565 ], [ 73.0782329, 19.0693547 ], [ 73.078226, 19.0693188 ], [ 73.0782264, 19.069296 ], [ 73.0782292, 19.0692734 ], [ 73.0782365, 19.0692201 ] ] } },
{ "type": "Feature", "properties": { "name": "Raintree Marg", "highway": "primary" }, "geometry": { "type": "LineString", "coordinates": [ [ 73.0639821, 19.0439468 ], [ 73.0639746, 19.0438676 ], [ 73.0636025, 19.04121 ], [ 73.0633565, 19.0394756 ], [ 73.0633374, 19.0393397 ], [ 73.0632662, 19.0386585 ], [ 73.0632555, 19.0385565 ], [ 73.063238, 19.0383888 ], [ 73.0632287, 19.038307 ] ] } },
{ "type": "Feature", "properties": { "name": "Raintree Marg", "highway": "primary" }, "geometry": { "type": "LineString", "coordinates": [ [ 73.0640325, 19.044298 ], [ 73.0639821, 19.0439468 ] ] } },
{ "type": "Feature", "properties": { "name": "Raintree Marg", "highway": "primary" }, "geometry": { "type": "LineString", "coordinates": [ [ 73.0638684, 19.0439571 ], [ 73.0639192, 19.0443092 ] ] } },
{ "type": "Feature", "properties": { "name": "Raintree Marg", "highway": "primary" }, "geometry": { "type": "LineString", "coordinates": [ [ 73.0639192, 19.0443092 ], [ 73.0640421, 19.0451607 ], [ 73.0641778, 19.0461036 ], [ 73.0642066, 19.0462523 ], [ 73.0642431, 19.0464148 ], [ 73.0643627, 19.0469041 ], [ 73.0644225, 19.0471784 ], [ 73.0644641, 19.0474519 ], [ 73.0644878, 19.0477124 ], [ 73.0645116, 19.0478958 ], [ 73.0645254, 19.0480028 ], [ 73.064541, 19.0481229 ], [ 73.0646409, 19.0489125 ], [ 73.0646942, 19.0493215 ], [ 73.0647118, 19.0494567 ], [ 73.0647265, 19.0496231 ], [ 73.0647324, 19.0496907 ], [ 73.0647752, 19.0500991 ], [ 73.0648337, 19.0505133 ], [ 73.0649641, 19.0514662 ], [ 73.0649721, 19.0516133 ], [ 73.0649703, 19.0516911 ], [ 73.0649696, 19.0517196 ], [ 73.0649608, 19.0518169 ], [ 73.0649583, 19.0518344 ], [ 73.0649294, 19.0520398 ], [ 73.0648063, 19.0533874 ], [ 73.0647374, 19.0540639 ], [ 73.0646512, 19.0547596 ], [ 73.064634, 19.0548975 ], [ 73.0645785, 19.0555832 ], [ 73.0645579, 19.0558882 ], [ 73.064441, 19.0569971 ], [ 73.0642631, 19.0587581 ], [ 73.06425, 19.0589621 ], [ 73.0642474, 19.059156 ], [ 73.0642706, 19.0595169 ], [ 73.0642711, 19.0596218 ], [ 73.0643121, 19.0598288 ], [ 73.0643473, 19.0599955 ], [ 73.0644433, 19.0603392 ], [ 73.0648491, 19.0617665 ], [ 73.0648867, 19.0618988 ], [ 73.0649826, 19.0622855 ], [ 73.0650611, 19.0625297 ], [ 73.0651084, 19.0626983 ], [ 73.0653264, 19.0634991 ], [ 73.0655764, 19.064331 ], [ 73.0656173, 19.064467 ], [ 73.0657196, 19.0648072 ], [ 73.0658462, 19.0652492 ], [ 73.0665569, 19.0677674 ], [ 73.066585, 19.0678669 ] ] } },
{ "type": "Feature", "properties": { "name": "Central Park Road", "highway": "secondary" }, "geometry": { "type": "LineString", "coordinates": [ [ 73.071427, 19.057982 ], [ 73.0713805, 19.0579269 ], [ 73.0713528, 19.0578724 ], [ 73.0713362, 19.057819 ], [ 73.0713263, 19.057758 ], [ 73.0710481, 19.0554559 ], [ 73.0710419, 19.0554046 ], [ 73.0708541, 19.0538507 ], [ 73.0708446, 19.0537775 ], [ 73.0708457, 19.0536948 ], [ 73.0708557, 19.0536319 ], [ 73.0708761, 19.0535595 ] ] } },
{ "type": "Feature", "properties": { "name": "Central Park Road", "highway": "primary" }, "geometry": { "type": "LineString", "coordinates": [ [ 73.0649583, 19.0518344 ], [ 73.0650719, 19.051845 ], [ 73.0651066, 19.0518483 ], [ 73.0651895, 19.0518628 ], [ 73.0652958, 19.0518911 ], [ 73.0667265, 19.0522984 ], [ 73.0672648, 19.0524517 ], [ 73.0679162, 19.0526386 ], [ 73.0683234, 19.0527531 ], [ 73.0685253, 19.0528138 ], [ 73.0702365, 19.0533285 ], [ 73.0703256, 19.053356 ], [ 73.0703943, 19.0533821 ], [ 73.0704519, 19.0534178 ], [ 73.0705141, 19.0534778 ] ] } },
{ "type": "Feature", "properties": { "name": null, "highway": "secondary" }, "geometry": { "type": "LineString", "coordinates": [ [ 73.0728257, 19.069443 ], [ 73.072827, 19.0693352 ], [ 73.0725213, 19.0670516 ], [ 73.0724553, 19.0665426 ], [ 73.072447, 19.0664787 ] ] } },
{ "type": "Feature", "properties": { "name": null, "highway": "secondary" }, "geometry": { "type": "LineString", "coordinates": [ [ 73.0712522, 19.05834 ], [ 73.0712845, 19.0583901 ], [ 73.0713033, 19.0584268 ], [ 73.0713114, 19.0584563 ], [ 73.071331, 19.0586703 ], [ 73.071465, 19.0597504 ], [ 73.0715814, 19.060688 ], [ 73.0716896, 19.0614294 ], [ 73.0720106, 19.0640022 ], [ 73.0721038, 19.0646862 ], [ 73.0721303, 19.06488 ], [ 73.0721407, 19.0649575 ], [ 73.0722596, 19.0659407 ], [ 73.0722754, 19.0660424 ] ] } },
{ "type": "Feature", "properties": { "name": null, "highway": "secondary" }, "geometry": { "type": "LineString", "coordinates": [ [ 73.0715095, 19.0580665 ], [ 73.0714881, 19.0580334 ], [ 73.0714602, 19.0580049 ], [ 73.071427, 19.057982 ], [ 73.0713897, 19.0579658 ], [ 73.0713497, 19.0579567 ], [ 73.0713087, 19.0579551 ], [ 73.0712681, 19.0579612 ], [ 73.0712295, 19.0579746 ], [ 73.0711945, 19.0579949 ], [ 73.0711643, 19.0580213 ], [ 73.0711402, 19.0580527 ], [ 73.0711229, 19.0580879 ], [ 73.0711133, 19.0581257 ], [ 73.0711117, 19.0581645 ], [ 73.0711181, 19.0582028 ], [ 73.0711323, 19.0582393 ], [ 73.0711538, 19.0582724 ], [ 73.0711816, 19.0583009 ], [ 73.0712149, 19.0583238 ], [ 73.0712522, 19.05834 ], [ 73.0712921, 19.0583491 ], [ 73.0713332, 19.0583507 ], [ 73.0713738, 19.0583446 ], [ 73.0714123, 19.0583312 ], [ 73.0714473, 19.0583109 ], [ 73.0714775, 19.0582846 ], [ 73.0715017, 19.0582532 ], [ 73.0715189, 19.0582179 ], [ 73.0715285, 19.0581801 ], [ 73.0715302, 19.0581413 ], [ 73.0715237, 19.058103 ], [ 73.0715095, 19.0580665 ] ] } },
{ "type": "Feature", "properties": { "name": "Gurudwara Road", "highway": "tertiary" }, "geometry": { "type": "LineString", "coordinates": [ [ 73.0654519, 19.0614093 ], [ 73.064949, 19.0617073 ], [ 73.0648491, 19.0617665 ] ] } },
{ "type": "Feature", "properties": { "name": "Central Park Service Road", "highway": "tertiary" }, "geometry": { "type": "LineString", "coordinates": [ [ 73.0647506, 19.0548838 ], [ 73.0654648, 19.0549426 ], [ 73.0656993, 19.0549662 ], [ 73.0660667, 19.0550076 ], [ 73.0662816, 19.05504 ], [ 73.0664808, 19.0550767 ], [ 73.0666937, 19.0551252 ], [ 73.0668786, 19.0551772 ], [ 73.0669637, 19.0551987 ], [ 73.0670427, 19.0552127 ], [ 73.0671083, 19.0552205 ], [ 73.0671282, 19.0552205 ], [ 73.0671793, 19.0552205 ], [ 73.0672615, 19.0552161 ], [ 73.0673435, 19.0552017 ], [ 73.0674236, 19.0551787 ], [ 73.0674936, 19.055152 ], [ 73.0675813, 19.0551201 ], [ 73.0676631, 19.0550825 ], [ 73.0677489, 19.0550399 ], [ 73.0678245, 19.0549966 ], [ 73.0678922, 19.0549496 ], [ 73.0680157, 19.0548649 ], [ 73.0680693, 19.0548361 ], [ 73.0681139, 19.0548155 ], [ 73.0681763, 19.0547949 ], [ 73.0682551, 19.0547778 ], [ 73.0683339, 19.0547657 ], [ 73.0684108, 19.0547617 ], [ 73.0684937, 19.0547656 ], [ 73.068566, 19.0547829 ], [ 73.0686284, 19.0548075 ], [ 73.0687151, 19.05485 ], [ 73.0688018, 19.0549036 ], [ 73.0688644, 19.0549508 ], [ 73.0689123, 19.0549941 ], [ 73.0689631, 19.0550451 ], [ 73.069014, 19.0551014 ], [ 73.0691574, 19.0552779 ], [ 73.0692082, 19.0553303 ], [ 73.0692656, 19.0553813 ], [ 73.0693239, 19.0554267 ], [ 73.0693874, 19.0554703 ], [ 73.0694514, 19.0555055 ], [ 73.0695106, 19.0555319 ], [ 73.0695988, 19.0555644 ], [ 73.0696956, 19.0555905 ], [ 73.0697904, 19.0556058 ], [ 73.0698706, 19.0556113 ], [ 73.0699593, 19.0556091 ], [ 73.070046, 19.0556005 ], [ 73.0701288, 19.0555878 ], [ 73.0709164, 19.055474 ] ] } },
{ "type": "Feature", "properties": { "name": "Central Park Service Road", "highway": "tertiary" }, "geometry": { "type": "LineString", "coordinates": [ [ 73.0709118, 19.0554201 ], [ 73.0701172, 19.0555168 ], [ 73.070036, 19.0555292 ], [ 73.0699543, 19.0555373 ], [ 73.0698723, 19.0555393 ], [ 73.0697996, 19.0555344 ], [ 73.0697125, 19.0555203 ], [ 73.0696231, 19.0554962 ], [ 73.0695407, 19.0554658 ], [ 73.0694868, 19.0554418 ], [ 73.069429, 19.05541 ], [ 73.0693705, 19.0553698 ], [ 73.0693158, 19.0553273 ], [ 73.0692623, 19.0552798 ], [ 73.0692156, 19.0552316 ], [ 73.0690731, 19.0550561 ], [ 73.0690198, 19.0549971 ], [ 73.0689663, 19.0549434 ], [ 73.0689145, 19.0548966 ], [ 73.0688464, 19.0548453 ], [ 73.0687535, 19.0547879 ], [ 73.0686606, 19.0547424 ], [ 73.0685901, 19.0547146 ], [ 73.068505, 19.0546942 ], [ 73.06846, 19.0546921 ], [ 73.0684106, 19.0546897 ], [ 73.0683257, 19.0546941 ], [ 73.0682405, 19.0547072 ], [ 73.0681552, 19.0547257 ], [ 73.0680846, 19.0547491 ], [ 73.0680338, 19.0547725 ], [ 73.0679744, 19.0548044 ], [ 73.0679206, 19.0548413 ], [ 73.0678474, 19.0548915 ], [ 73.0677822, 19.0549368 ], [ 73.0677115, 19.0549773 ], [ 73.0676288, 19.0550184 ], [ 73.067551, 19.0550541 ], [ 73.0674658, 19.0550851 ], [ 73.0673983, 19.0551108 ], [ 73.0673255, 19.0551318 ], [ 73.0672688, 19.0551408 ], [ 73.0672524, 19.0551446 ], [ 73.067138, 19.0551502 ], [ 73.067113, 19.0551486 ], [ 73.0670544, 19.0551417 ], [ 73.0669805, 19.0551285 ], [ 73.0668993, 19.0551081 ], [ 73.0667135, 19.0550558 ], [ 73.0666943, 19.0550514 ], [ 73.066497, 19.0550065 ], [ 73.0663343, 19.0549765 ], [ 73.0662949, 19.0549692 ], [ 73.0660772, 19.0549364 ], [ 73.0657079, 19.0548948 ], [ 73.0656688, 19.0548908 ], [ 73.0654722, 19.054871 ], [ 73.065034, 19.054835 ], [ 73.0647594, 19.0548124 ] ] } },
{ "type": "Feature", "properties": { "name": "Central Park Road", "highway": "primary" }, "geometry": { "type": "LineString", "coordinates": [ [ 73.0709052, 19.0535285 ], [ 73.0709792, 19.0534787 ], [ 73.0710372, 19.0534535 ], [ 73.071114, 19.0534342 ], [ 73.0711953, 19.0534189 ], [ 73.073804, 19.0531123 ], [ 73.0756911, 19.0528904 ], [ 73.0757525, 19.0528832 ], [ 73.0759338, 19.0528619 ], [ 73.076047, 19.0528486 ], [ 73.076233, 19.0528258 ], [ 73.0763077, 19.0528167 ], [ 73.0769283, 19.0527326 ], [ 73.0788869, 19.0525008 ], [ 73.0794706, 19.0524462 ], [ 73.0802843, 19.0523506 ], [ 73.0808588, 19.0522831 ], [ 73.0823082, 19.0521127 ], [ 73.0824183, 19.0521002 ], [ 73.0825371, 19.0520868 ] ] } },
{ "type": "Feature", "properties": { "name": "Central Park Road", "highway": "primary" }, "geometry": { "type": "LineString", "coordinates": [ [ 73.0822899, 19.05197 ], [ 73.0808422, 19.0521397 ], [ 73.0802655, 19.052209 ], [ 73.0794518, 19.0523036 ], [ 73.0790688, 19.0523486 ], [ 73.0788482, 19.0523745 ], [ 73.0771189, 19.0525778 ], [ 73.0762876, 19.0526755 ], [ 73.0760291, 19.0527059 ], [ 73.0759159, 19.0527192 ], [ 73.0755502, 19.0527622 ], [ 73.0753734, 19.052783 ], [ 73.0737854, 19.0529696 ], [ 73.0726738, 19.0530954 ], [ 73.0716007, 19.0532363 ], [ 73.0711765, 19.0532762 ], [ 73.0710892, 19.0532809 ], [ 73.0710143, 19.0532762 ], [ 73.0709391, 19.0532633 ], [ 73.0708553, 19.0532331 ] ] } },
{ "type": "Feature", "properties": { "name": "Gurudwara Road", "highway": "tertiary" }, "geometry": { "type": "LineString", "coordinates": [ [ 73.0648867, 19.0618988 ], [ 73.0649883, 19.0618409 ], [ 73.0657421, 19.0614118 ], [ 73.0676068, 19.0603502 ], [ 73.0709136, 19.0584676 ], [ 73.0710736, 19.0583765 ], [ 73.0711085, 19.0583563 ], [ 73.0711573, 19.0583395 ], [ 73.0712149, 19.0583238 ] ] } },
{ "type": "Feature", "properties": { "name": null, "highway": "tertiary" }, "geometry": { "type": "LineString", "coordinates": [ [ 73.0715017, 19.0582532 ], [ 73.0716061, 19.0582226 ], [ 73.0716704, 19.0582071 ], [ 73.0717418, 19.0581943 ], [ 73.0721058, 19.0581512 ], [ 73.0761767, 19.0576693 ], [ 73.0765674, 19.0576313 ], [ 73.076617, 19.0576275 ], [ 73.0766773, 19.0576176 ], [ 73.0767226, 19.0576132 ], [ 73.0768449, 19.0575902 ], [ 73.0770154, 19.0575705 ], [ 73.078371, 19.0574123 ], [ 73.080528, 19.0571642 ], [ 73.0806565, 19.0571493 ], [ 73.0829194, 19.0568876 ], [ 73.0830307, 19.0568747 ], [ 73.0831464, 19.0568614 ] ] } },
{ "type": "Feature", "properties": { "name": null, "highway": "tertiary_link" }, "geometry": { "type": "LineString", "coordinates": [ [ 73.0709136, 19.0584676 ], [ 73.0709982, 19.0584577 ], [ 73.0710558, 19.0584609 ], [ 73.0711112, 19.0584724 ], [ 73.0711678, 19.0584955 ], [ 73.071221, 19.0585311 ], [ 73.0712609, 19.0585667 ], [ 73.0712963, 19.0586075 ], [ 73.071331, 19.0586703 ] ] } },
{ "type": "Feature", "properties": { "name": null, "highway": "tertiary" }, "geometry": { "type": "LineString", "coordinates": [ [ 73.0654519, 19.0614093 ], [ 73.0653713, 19.0614305 ], [ 73.0652882, 19.0614446 ], [ 73.0651871, 19.0614601 ], [ 73.065115, 19.0614646 ], [ 73.0650531, 19.0614594 ], [ 73.0650053, 19.0614446 ], [ 73.0649575, 19.0614142 ], [ 73.0648353, 19.0613025 ] ] } },
{ "type": "Feature", "properties": { "name": "Jalvayu Vihar Marg", "highway": "secondary" }, "geometry": { "type": "LineString", "coordinates": [ [ 73.0703422, 19.050017 ], [ 73.0702834, 19.0495677 ], [ 73.0701986, 19.0489203 ], [ 73.0701534, 19.0485445 ], [ 73.0701223, 19.0482847 ], [ 73.0701154, 19.0482272 ], [ 73.0700797, 19.0479292 ], [ 73.0700505, 19.0476857 ], [ 73.0700471, 19.0476092 ], [ 73.0700418, 19.0475414 ], [ 73.0700382, 19.0475025 ], [ 73.0700408, 19.0474776 ] ] } },
{ "type": "Feature", "properties": { "name": null, "highway": "primary_link" }, "geometry": { "type": "LineString", "coordinates": [ [ 73.0706078, 19.052925 ], [ 73.0705843, 19.0529854 ], [ 73.0705684, 19.053015 ], [ 73.0705487, 19.0530396 ], [ 73.0705184, 19.0530693 ], [ 73.0704902, 19.0530883 ], [ 73.0704472, 19.0531064 ], [ 73.0704041, 19.0531175 ], [ 73.0703312, 19.0531312 ], [ 73.0702417, 19.0531413 ], [ 73.0701793, 19.0531434 ], [ 73.0701102, 19.0531415 ] ] } },
{ "type": "Feature", "properties": { "name": "Sector 19th Road", "highway": "secondary" }, "geometry": { "type": "LineString", "coordinates": [ [ 73.0752894, 19.0468195 ], [ 73.075585, 19.0467879 ], [ 73.0768547, 19.046662 ], [ 73.0770124, 19.0466444 ], [ 73.0771352, 19.046623 ], [ 73.0772646, 19.0465834 ], [ 73.0773582, 19.0465368 ], [ 73.0774515, 19.0464769 ], [ 73.0790951, 19.045262 ], [ 73.0791677, 19.0452042 ], [ 73.0791867, 19.045194 ], [ 73.0792293, 19.0451767 ], [ 73.0792598, 19.0451687 ], [ 73.0792759, 19.0451645 ], [ 73.0793309, 19.0451555 ], [ 73.0796107, 19.0451308 ], [ 73.0797809, 19.0451153 ], [ 73.0800662, 19.0450863 ], [ 73.0804483, 19.0450423 ], [ 73.0813761, 19.0449285 ] ] } },
{ "type": "Feature", "properties": { "name": "Central Park Metro Road", "highway": "secondary" }, "geometry": { "type": "LineString", "coordinates": [ [ 73.076047, 19.0528486 ], [ 73.0760291, 19.0527059 ], [ 73.075832, 19.0511315 ], [ 73.075712, 19.0501732 ], [ 73.0754345, 19.0479559 ], [ 73.0753299, 19.0471201 ], [ 73.0753189, 19.0470322 ], [ 73.0752894, 19.0468195 ] ] } },
{ "type": "Feature", "properties": { "name": "Central Park Metro Road", "highway": "secondary" }, "geometry": { "type": "LineString", "coordinates": [ [ 73.075164, 19.046712 ], [ 73.0751662, 19.0468294 ], [ 73.0752054, 19.0470426 ], [ 73.0752615, 19.0474909 ], [ 73.0753219, 19.0479737 ], [ 73.0755994, 19.0501904 ], [ 73.0757184, 19.0511412 ], [ 73.075734, 19.0512662 ], [ 73.0758277, 19.0520146 ], [ 73.0758707, 19.0523576 ], [ 73.0759159, 19.0527192 ], [ 73.0759338, 19.0528619 ] ] } },
{ "type": "Feature", "properties": { "name": null, "highway": "secondary_link" }, "geometry": { "type": "LineString", "coordinates": [ [ 73.0753189, 19.0470322 ], [ 73.0753485, 19.0469622 ], [ 73.0753889, 19.0469087 ], [ 73.0754488, 19.0468606 ], [ 73.075503, 19.0468254 ], [ 73.075585, 19.0467879 ] ] } },
{ "type": "Feature", "properties": { "name": null, "highway": "tertiary" }, "geometry": { "type": "LineString", "coordinates": [ [ 73.0761767, 19.0576693 ], [ 73.0763177, 19.0576883 ], [ 73.0764074, 19.057709 ], [ 73.0764826, 19.0577426 ], [ 73.0765401, 19.0577846 ], [ 73.0766076, 19.0578702 ] ] } },
{ "type": "Feature", "properties": { "name": "Apeejay Road", "highway": "secondary" }, "geometry": { "type": "LineString", "coordinates": [ [ 73.0645254, 19.0480028 ], [ 73.0646385, 19.0479888 ], [ 73.065464, 19.0478869 ], [ 73.0666225, 19.0477432 ], [ 73.0680265, 19.0475765 ], [ 73.0682421, 19.0475508 ], [ 73.0687226, 19.0474936 ], [ 73.0696473, 19.0474201 ], [ 73.0697745, 19.047443 ] ] } },
{ "type": "Feature", "properties": { "name": null, "highway": "secondary_link" }, "geometry": { "type": "LineString", "coordinates": [ [ 73.0748489, 19.0468609 ], [ 73.0749667, 19.0468652 ], [ 73.0750339, 19.0468843 ], [ 73.0750873, 19.0469103 ], [ 73.0751317, 19.0469431 ], [ 73.0751722, 19.0469859 ], [ 73.0752054, 19.0470426 ] ] } },
{ "type": "Feature", "properties": { "name": null, "highway": "tertiary" }, "geometry": { "type": "LineString", "coordinates": [ [ 73.0767542, 19.0578641 ], [ 73.0767709, 19.0577622 ], [ 73.0768109, 19.0577114 ], [ 73.0768521, 19.0576638 ], [ 73.0769035, 19.0576238 ], [ 73.0769575, 19.057592 ], [ 73.0770154, 19.0575705 ] ] } },
{ "type": "Feature", "properties": { "name": null, "highway": "tertiary" }, "geometry": { "type": "LineString", "coordinates": [ [ 73.0782508, 19.06891 ], [ 73.0782005, 19.0688487 ], [ 73.0781845, 19.0688199 ], [ 73.0781759, 19.0687911 ], [ 73.0781655, 19.0687237 ], [ 73.0779607, 19.0671475 ], [ 73.077653, 19.0647806 ], [ 73.0776432, 19.0647051 ], [ 73.0776298, 19.0646024 ], [ 73.0774551, 19.0632577 ], [ 73.0772216, 19.0612439 ], [ 73.0769294, 19.0592124 ], [ 73.0767542, 19.0578641 ], [ 73.0767226, 19.0576132 ], [ 73.0767019, 19.0574623 ], [ 73.0766049, 19.0574079 ] ] } },
{ "type": "Feature", "properties": { "name": "Raintree Marg Service Road", "highway": "residential" }, "geometry": { "type": "LineString", "coordinates": [ [ 73.0668245, 19.0677284 ], [ 73.0668553, 19.0678416 ], [ 73.0672422, 19.0691911 ], [ 73.0674353, 19.0696779 ], [ 73.0676285, 19.0700378 ], [ 73.0678859, 19.0703623 ], [ 73.0682615, 19.0707121 ], [ 73.0690402, 19.0712784 ], [ 73.0694767, 19.0715797 ], [ 73.0703835, 19.0721958 ], [ 73.0708452, 19.0725094 ], [ 73.0712381, 19.0727823 ], [ 73.0719179, 19.0732382 ], [ 73.0723314, 19.0735215 ], [ 73.0726335, 19.0737286 ], [ 73.0731851, 19.0741041 ], [ 73.0732454, 19.0741411 ], [ 73.0733371, 19.0741973 ], [ 73.0734471, 19.0742539 ], [ 73.0735604, 19.0742906 ], [ 73.0735826, 19.0743033 ], [ 73.0736671, 19.0743151 ], [ 73.0737917, 19.0743288 ], [ 73.0739178, 19.0743349 ], [ 73.0740569, 19.0743273 ], [ 73.0741782, 19.074312 ], [ 73.0742108, 19.0743045 ], [ 73.074608, 19.0742131 ], [ 73.0753349, 19.0740456 ] ] } },
{ "type": "Feature", "properties": { "name": null, "highway": "residential" }, "geometry": { "type": "LineString", "coordinates": [ [ 73.0715009, 19.0653025 ], [ 73.0714681, 19.0649566 ] ] } },
{ "type": "Feature", "properties": { "name": "Shahid Sukhdev Singh Marg", "highway": "residential" }, "geometry": { "type": "LineString", "coordinates": [ [ 73.0718014, 19.0649206 ], [ 73.0720374, 19.0648919 ] ] } },
{ "type": "Feature", "properties": { "name": null, "highway": "residential" }, "geometry": { "type": "LineString", "coordinates": [ [ 73.0700913, 19.0658583 ], [ 73.0701521, 19.0661225 ] ] } },
{ "type": "Feature", "properties": { "name": null, "highway": "residential" }, "geometry": { "type": "LineString", "coordinates": [ [ 73.0707371, 19.0675009 ], [ 73.07078, 19.0677595 ] ] } },
{ "type": "Feature", "properties": { "name": null, "highway": "residential" }, "geometry": { "type": "LineString", "coordinates": [ [ 73.0697163, 19.0680696 ], [ 73.0697059, 19.068036 ], [ 73.0697036, 19.067998 ], [ 73.0697088, 19.0675672 ] ] } },
{ "type": "Feature", "properties": { "name": null, "highway": "residential" }, "geometry": { "type": "LineString", "coordinates": [ [ 73.0767377, 19.0706849 ], [ 73.0774944, 19.0705051 ] ] } },
{ "type": "Feature", "properties": { "name": null, "highway": "residential" }, "geometry": { "type": "LineString", "coordinates": [ [ 73.0713361, 19.0653207 ], [ 73.071373, 19.0657515 ] ] } },
{ "type": "Feature", "properties": { "name": null, "highway": "residential" }, "geometry": { "type": "LineString", "coordinates": [ [ 73.0694767, 19.0715797 ], [ 73.069573, 19.0714522 ], [ 73.0699597, 19.0709401 ], [ 73.0704754, 19.0702573 ], [ 73.0705232, 19.0701941 ] ] } },
{ "type": "Feature", "properties": { "name": null, "highway": "service" }, "geometry": { "type": "LineString", "coordinates": [ [ 73.0724947, 19.0706998 ], [ 73.0728981, 19.0706757 ], [ 73.0730521, 19.0706665 ] ] } },
{ "type": "Feature", "properties": { "name": null, "highway": "residential" }, "geometry": { "type": "LineString", "coordinates": [ [ 73.0687651, 19.0665703 ], [ 73.069082, 19.0667994 ] ] } },
{ "type": "Feature", "properties": { "name": null, "highway": "residential" }, "geometry": { "type": "LineString", "coordinates": [ [ 73.0708335, 19.0653761 ], [ 73.0713361, 19.0653207 ], [ 73.0715009, 19.0653025 ] ] } },
{ "type": "Feature", "properties": { "name": null, "highway": "residential" }, "geometry": { "type": "LineString", "coordinates": [ [ 73.076946, 19.0726429 ], [ 73.077136, 19.0735129 ], [ 73.0771534, 19.0735636 ], [ 73.0771666, 19.073613 ] ] } },
{ "type": "Feature", "properties": { "name": null, "highway": "residential" }, "geometry": { "type": "LineString", "coordinates": [ [ 73.0684662, 19.0668886 ], [ 73.0680619, 19.0665892 ], [ 73.0680433, 19.0665695 ], [ 73.0680368, 19.0665383 ] ] } },
{ "type": "Feature", "properties": { "name": null, "highway": "residential" }, "geometry": { "type": "LineString", "coordinates": [ [ 73.070896, 19.0658589 ], [ 73.0708592, 19.0655746 ], [ 73.0708335, 19.0653761 ], [ 73.0707887, 19.0650298 ] ] } },
{ "type": "Feature", "properties": { "name": "Shahid Sukhdev Singh Marg", "highway": "residential" }, "geometry": { "type": "LineString", "coordinates": [ [ 73.0720374, 19.0648919 ], [ 73.0721303, 19.06488 ], [ 73.0722725, 19.0648579 ] ] } },
{ "type": "Feature", "properties": { "name": null, "highway": "residential" }, "geometry": { "type": "LineString", "coordinates": [ [ 73.068891, 19.0655142 ], [ 73.0689072, 19.0655166 ], [ 73.0689265, 19.0655224 ], [ 73.0689463, 19.0655322 ], [ 73.0693768, 19.065806 ] ] } },
{ "type": "Feature", "properties": { "name": "Shahid Sukhdev Singh Marg", "highway": "residential" }, "geometry": { "type": "LineString", "coordinates": [ [ 73.0684662, 19.0668886 ], [ 73.068646, 19.0666971 ], [ 73.0687651, 19.0665703 ], [ 73.068975, 19.0663081 ], [ 73.0690409, 19.0662257 ], [ 73.0690521, 19.0662117 ], [ 73.0690935, 19.06616 ], [ 73.0691043, 19.0661465 ], [ 73.0693768, 19.065806 ], [ 73.0698898, 19.0651754 ], [ 73.0699541, 19.0651346 ] ] } },
{ "type": "Feature", "properties": { "name": null, "highway": "residential" }, "geometry": { "type": "LineString", "coordinates": [ [ 73.0694704, 19.0675827 ], [ 73.0697088, 19.0675672 ], [ 73.0701868, 19.0675359 ], [ 73.0707371, 19.0675009 ], [ 73.0713452, 19.0674662 ], [ 73.0720587, 19.0674088 ] ] } },
{ "type": "Feature", "properties": { "name": null, "highway": "residential" }, "geometry": { "type": "LineString", "coordinates": [ [ 73.0722326, 19.0686611 ], [ 73.0721796, 19.0683032 ], [ 73.0721306, 19.0679269 ], [ 73.0721067, 19.0677545 ], [ 73.0720867, 19.0676106 ], [ 73.0720587, 19.0674088 ], [ 73.0720544, 19.0672884 ], [ 73.0720651, 19.067216 ], [ 73.0721102, 19.0671606 ], [ 73.0722049, 19.0671151 ], [ 73.0724093, 19.0670739 ], [ 73.0725213, 19.0670516 ] ] } },
{ "type": "Feature", "properties": { "name": null, "highway": "residential" }, "geometry": { "type": "LineString", "coordinates": [ [ 73.0680368, 19.0665383 ], [ 73.068044, 19.06652 ], [ 73.068054, 19.0665037 ], [ 73.0688552, 19.0655288 ], [ 73.068867, 19.0655203 ], [ 73.0688785, 19.0655163 ], [ 73.068891, 19.0655142 ] ] } },
{ "type": "Feature", "properties": { "name": null, "highway": "secondary" }, "geometry": { "type": "LineString", "coordinates": [ [ 73.0724207, 19.0661639 ], [ 73.0723965, 19.065918 ], [ 73.0723375, 19.0653197 ], [ 73.0722865, 19.0649395 ], [ 73.0722725, 19.0648579 ], [ 73.0721239, 19.0639893 ], [ 73.0718028, 19.0614157 ], [ 73.0716945, 19.0606744 ], [ 73.0715796, 19.0597486 ], [ 73.0714169, 19.0584375 ], [ 73.0714191, 19.0584011 ], [ 73.0714269, 19.0583655 ], [ 73.0714473, 19.0583109 ] ] } },
{ "type": "Feature", "properties": { "name": null, "highway": "residential" }, "geometry": { "type": "LineString", "coordinates": [ [ 73.0806311, 19.0690724 ], [ 73.0807918, 19.068974 ], [ 73.0809917, 19.0688726 ], [ 73.0812411, 19.0688312 ], [ 73.0813412, 19.0688485 ], [ 73.0814037, 19.0688583 ], [ 73.0815196, 19.0688732 ], [ 73.081611, 19.0688896 ], [ 73.0816793, 19.0688951 ], [ 73.0817799, 19.0688852 ], [ 73.0819022, 19.0688644 ], [ 73.0819731, 19.0688524 ], [ 73.082098, 19.0688371 ], [ 73.0822103, 19.0688339 ], [ 73.0824254, 19.0688606 ], [ 73.0828466, 19.0688525 ], [ 73.083202, 19.0688456 ], [ 73.0836352, 19.0688372 ], [ 73.0843415, 19.0688235 ], [ 73.0844965, 19.0688082 ] ] } },
{ "type": "Feature", "properties": { "name": null, "highway": "residential" }, "geometry": { "type": "LineString", "coordinates": [ [ 73.0783516, 19.057271 ], [ 73.078371, 19.0574123 ], [ 73.0784283, 19.0578279 ], [ 73.0785095, 19.0588293 ], [ 73.0785262, 19.0588795 ], [ 73.0785467, 19.0589323 ], [ 73.0785847, 19.0589985 ], [ 73.0786333, 19.059037 ], [ 73.0787032, 19.0590916 ], [ 73.0794105, 19.059628 ], [ 73.0794533, 19.0596482 ], [ 73.0794971, 19.0596596 ], [ 73.0795465, 19.0596623 ], [ 73.0796051, 19.0596623 ], [ 73.0801249, 19.0596012 ], [ 73.0802596, 19.0595854 ], [ 73.0809568, 19.0595034 ], [ 73.0817616, 19.0594088 ], [ 73.0819532, 19.0593852 ], [ 73.0822075, 19.0593538 ], [ 73.0832176, 19.0592292 ] ] } },
{ "type": "Feature", "properties": { "name": null, "highway": "residential" }, "geometry": { "type": "LineString", "coordinates": [ [ 73.0823659, 19.0575976 ], [ 73.0823979, 19.0576567 ], [ 73.0824521, 19.0580859 ] ] } },
{ "type": "Feature", "properties": { "name": null, "highway": "residential" }, "geometry": { "type": "LineString", "coordinates": [ [ 73.0808751, 19.0587315 ], [ 73.0812973, 19.0586644 ], [ 73.0816228, 19.0586126 ], [ 73.081727, 19.058596 ] ] } },
{ "type": "Feature", "properties": { "name": null, "highway": "residential" }, "geometry": { "type": "LineString", "coordinates": [ [ 73.0784283, 19.0578279 ], [ 73.0792792, 19.0577204 ], [ 73.0807063, 19.0575401 ] ] } },
{ "type": "Feature", "properties": { "name": null, "highway": "secondary" }, "geometry": { "type": "LineString", "coordinates": [ [ 73.0722754, 19.0660424 ], [ 73.0723054, 19.0662734 ] ] } },
{ "type": "Feature", "properties": { "name": null, "highway": "tertiary_link" }, "geometry": { "type": "LineString", "coordinates": [ [ 73.0723965, 19.065918 ], [ 73.0722596, 19.0659407 ] ] } },
{ "type": "Feature", "properties": { "name": null, "highway": "tertiary" }, "geometry": { "type": "LineString", "coordinates": [ [ 73.080528, 19.0571642 ], [ 73.0805094, 19.0570208 ] ] } },
{ "type": "Feature", "properties": { "name": null, "highway": "residential" }, "geometry": { "type": "LineString", "coordinates": [ [ 73.0807371, 19.057781 ], [ 73.0816609, 19.0576695 ], [ 73.082287, 19.0575939 ], [ 73.0823659, 19.0575976 ] ] } },
{ "type": "Feature", "properties": { "name": null, "highway": "residential" }, "geometry": { "type": "LineString", "coordinates": [ [ 73.0774551, 19.0632577 ], [ 73.0786343, 19.0631165 ], [ 73.0790679, 19.0630646 ], [ 73.0791151, 19.0630714 ], [ 73.0791539, 19.0631118 ], [ 73.0792301, 19.0638933 ] ] } },
{ "type": "Feature", "properties": { "name": null, "highway": "secondary" }, "geometry": { "type": "LineString", "coordinates": [ [ 73.072447, 19.0664787 ], [ 73.0724207, 19.0661639 ] ] } },
{ "type": "Feature", "properties": { "name": null, "highway": "residential" }, "geometry": { "type": "LineString", "coordinates": [ [ 73.0824521, 19.0580859 ], [ 73.0821632, 19.0581086 ], [ 73.0817223, 19.0581634 ], [ 73.0808184, 19.0582759 ] ] } },
{ "type": "Feature", "properties": { "name": null, "highway": "residential" }, "geometry": { "type": "LineString", "coordinates": [ [ 73.0794432, 19.0701533 ], [ 73.0799791, 19.0700412 ], [ 73.0802277, 19.0699892 ], [ 73.0808434, 19.0698605 ] ] } },
{ "type": "Feature", "properties": { "name": null, "highway": "residential" }, "geometry": { "type": "LineString", "coordinates": [ [ 73.08246, 19.0695181 ], [ 73.0821141, 19.069744 ], [ 73.0818826, 19.0699012 ], [ 73.0818318, 19.0699357 ], [ 73.0809312, 19.0704837 ] ] } },
{ "type": "Feature", "properties": { "name": null, "highway": "residential" }, "geometry": { "type": "LineString", "coordinates": [ [ 73.0806965, 19.0718918 ], [ 73.0807088, 19.0718624 ], [ 73.080712, 19.0718354 ], [ 73.0807071, 19.0718052 ], [ 73.0804113, 19.0705971 ] ] } },
{ "type": "Feature", "properties": { "name": null, "highway": "residential" }, "geometry": { "type": "LineString", "coordinates": [ [ 73.0809312, 19.0704837 ], [ 73.0808434, 19.0698605 ], [ 73.0806311, 19.0690724 ], [ 73.0805962, 19.0688705 ], [ 73.0805492, 19.0686656 ] ] } },
{ "type": "Feature", "properties": { "name": null, "highway": "secondary" }, "geometry": { "type": "LineString", "coordinates": [ [ 73.0723054, 19.0662734 ], [ 73.072314, 19.0663399 ], [ 73.0723425, 19.0665594 ], [ 73.0723648, 19.0667309 ], [ 73.0724093, 19.0670739 ], [ 73.0726781, 19.0693441 ], [ 73.0726956, 19.0694557 ] ] } },
{ "type": "Feature", "properties": { "name": "Ganesh Mandir Road", "highway": "tertiary" }, "geometry": { "type": "LineString", "coordinates": [ [ 73.0809312, 19.0704837 ], [ 73.0804113, 19.0705971 ], [ 73.0803559, 19.0706095 ], [ 73.0801522, 19.0706511 ], [ 73.0800953, 19.0706659 ], [ 73.0799046, 19.0707093 ], [ 73.0798668, 19.0707176 ], [ 73.0796122, 19.0707736 ], [ 73.0792149, 19.0708609 ], [ 73.0791261, 19.0708804 ], [ 73.0786357, 19.0709882 ], [ 73.0784478, 19.0710295 ], [ 73.0776299, 19.0712093 ], [ 73.077248, 19.0712932 ], [ 73.0768832, 19.0713734 ], [ 73.0766262, 19.0714299 ], [ 73.076152, 19.0715341 ], [ 73.0757144, 19.0716303 ], [ 73.0753775, 19.0717043 ], [ 73.0747922, 19.071825 ] ] } },
{ "type": "Feature", "properties": { "name": null, "highway": "residential" }, "geometry": { "type": "LineString", "coordinates": [ [ 73.0806565, 19.0571493 ], [ 73.0807063, 19.0575401 ], [ 73.0807371, 19.057781 ], [ 73.0808125, 19.0582402 ], [ 73.0808184, 19.0582759 ], [ 73.0808751, 19.0587315 ], [ 73.0808984, 19.0589474 ], [ 73.0809172, 19.0591071 ], [ 73.0809568, 19.0595034 ] ] } },
{ "type": "Feature", "properties": { "name": null, "highway": "residential" }, "geometry": { "type": "LineString", "coordinates": [ [ 73.0800116, 19.0720463 ], [ 73.0800918, 19.0720696 ], [ 73.0801331, 19.0720672 ], [ 73.0802129, 19.072047 ], [ 73.0806532, 19.071939 ], [ 73.0806752, 19.071922 ], [ 73.0806965, 19.0718918 ] ] } },
{ "type": "Feature", "properties": { "name": null, "highway": "service" }, "geometry": { "type": "LineString", "coordinates": [ [ 73.0644621, 19.0660624 ], [ 73.0645882, 19.0665183 ], [ 73.0646167, 19.0665558 ], [ 73.0646553, 19.0665842 ], [ 73.0647046, 19.0665913 ], [ 73.0647626, 19.0665812 ], [ 73.0648225, 19.06656 ], [ 73.0647913, 19.0664347 ], [ 73.0647253, 19.0662138 ], [ 73.0646569, 19.0659956 ] ] } },
{ "type": "Feature", "properties": { "name": "BARC Dispensary Road", "highway": "residential" }, "geometry": { "type": "LineString", "coordinates": [ [ 73.0778418, 19.042685 ], [ 73.077689, 19.0427956 ], [ 73.0774476, 19.0429871 ] ] } },
{ "type": "Feature", "properties": { "name": "BARC Dispensary Road", "highway": "residential" }, "geometry": { "type": "LineString", "coordinates": [ [ 73.077515, 19.043066 ], [ 73.0776976, 19.0429174 ], [ 73.077905, 19.0427688 ] ] } },
{ "type": "Feature", "properties": { "name": null, "highway": "service" }, "geometry": { "type": "LineString", "coordinates": [ [ 73.06528, 19.06549 ], [ 73.0654463, 19.0654908 ] ] } },
{ "type": "Feature", "properties": { "name": null, "highway": "service" }, "geometry": { "type": "LineString", "coordinates": [ [ 73.0643851, 19.0662134 ], [ 73.0644429, 19.0664017 ] ] } },
{ "type": "Feature", "properties": { "name": "Gharkul Road", "highway": "primary" }, "geometry": { "type": "LineString", "coordinates": [ [ 73.0806441, 19.0375324 ], [ 73.0805777, 19.0374592 ], [ 73.080556, 19.0374368 ], [ 73.0805324, 19.0374156 ], [ 73.0805019, 19.0373932 ], [ 73.0804518, 19.037362 ], [ 73.0803801, 19.0373633 ], [ 73.0803576, 19.0373634 ], [ 73.0803378, 19.0373635 ], [ 73.0803035, 19.0373692 ], [ 73.0802552, 19.0373898 ], [ 73.0802171, 19.0374059 ], [ 73.0797599, 19.0377465 ], [ 73.0795625, 19.0378913 ], [ 73.0787676, 19.0384896 ], [ 73.0786944, 19.0385478 ], [ 73.0785448, 19.0386749 ], [ 73.0782848, 19.0389437 ], [ 73.0781637, 19.0390597 ], [ 73.0780813, 19.039139 ], [ 73.0779777, 19.0392246 ], [ 73.077842, 19.039328 ], [ 73.0771265, 19.0398771 ] ] } },
{ "type": "Feature", "properties": { "name": null, "highway": "service" }, "geometry": { "type": "LineString", "coordinates": [ [ 73.0648413, 19.0633907 ], [ 73.0643873, 19.0635115 ], [ 73.0635488, 19.0637345 ], [ 73.0634757, 19.0637623 ], [ 73.063428, 19.0637867 ], [ 73.0634078, 19.0638059 ], [ 73.0634091, 19.0638335 ], [ 73.0634128, 19.0638721 ], [ 73.0636676, 19.0648271 ], [ 73.0637097, 19.0649493 ] ] } },
{ "type": "Feature", "properties": { "name": null, "highway": "residential" }, "geometry": { "type": "LineString", "coordinates": [ [ 73.077842, 19.039328 ], [ 73.0778897, 19.039384 ], [ 73.078119, 19.0396533 ], [ 73.0782337, 19.0397872 ], [ 73.0783348, 19.0399043 ], [ 73.0786502, 19.0402694 ], [ 73.0791576, 19.0408749 ], [ 73.0793746, 19.0411195 ] ] } },
{ "type": "Feature", "properties": { "name": "Ayyappa Mandir Road", "highway": "residential" }, "geometry": { "type": "LineString", "coordinates": [ [ 73.0778418, 19.042685 ], [ 73.077905, 19.0427688 ], [ 73.0780975, 19.0429922 ] ] } },
{ "type": "Feature", "properties": { "name": "BARC Dispensary Road", "highway": "residential" }, "geometry": { "type": "LineString", "coordinates": [ [ 73.0776291, 19.0424275 ], [ 73.0784031, 19.0418468 ], [ 73.0784638, 19.0418013 ], [ 73.0793746, 19.0411195 ], [ 73.0800262, 19.0410456 ], [ 73.0808788, 19.0409458 ] ] } },
{ "type": "Feature", "properties": { "name": null, "highway": "service" }, "geometry": { "type": "LineString", "coordinates": [ [ 73.0639672, 19.0677767 ], [ 73.0640078, 19.0677805 ], [ 73.0643863, 19.067694 ], [ 73.0648181, 19.0675941 ], [ 73.0648991, 19.0675731 ], [ 73.0650536, 19.0675305 ] ] } },
{ "type": "Feature", "properties": { "name": null, "highway": "service" }, "geometry": { "type": "LineString", "coordinates": [ [ 73.0643747, 19.0649284 ], [ 73.0640571, 19.0655033 ], [ 73.0640485, 19.0655297 ], [ 73.0640507, 19.0655591 ], [ 73.0640614, 19.0655855 ], [ 73.0640818, 19.0656047 ], [ 73.0643403, 19.0657366 ] ] } },
{ "type": "Feature", "properties": { "name": "Raintree Marg", "highway": "primary" }, "geometry": { "type": "LineString", "coordinates": [ [ 73.0632287, 19.038307 ], [ 73.0632137, 19.0382412 ], [ 73.0631999, 19.0381879 ], [ 73.0631778, 19.0381277 ], [ 73.0631541, 19.0380737 ], [ 73.0631217, 19.0380164 ] ] } },
{ "type": "Feature", "properties": { "name": "Raintree Marg", "highway": "primary" }, "geometry": { "type": "LineString", "coordinates": [ [ 73.0631217, 19.0380164 ], [ 73.0626196, 19.0373245 ], [ 73.0620936, 19.0365995 ], [ 73.0620512, 19.0365294 ], [ 73.0620307, 19.0364941 ], [ 73.0620128, 19.0364466 ], [ 73.0620085, 19.0364005 ], [ 73.0619813, 19.0363288 ] ] } },
{ "type": "Feature", "properties": { "name": "Raintree Marg", "highway": "primary" }, "geometry": { "type": "LineString", "coordinates": [ [ 73.0630239, 19.0380721 ], [ 73.0630509, 19.0381199 ], [ 73.0630712, 19.0381661 ], [ 73.0630904, 19.0382184 ], [ 73.0631025, 19.0382653 ], [ 73.063116, 19.0383242 ] ] } },
{ "type": "Feature", "properties": { "name": "Raintree Marg", "highway": "primary" }, "geometry": { "type": "LineString", "coordinates": [ [ 73.063116, 19.0383242 ], [ 73.0631248, 19.0384013 ], [ 73.0632238, 19.0393485 ], [ 73.0632447, 19.039485 ], [ 73.0633432, 19.0401975 ], [ 73.0638615, 19.0438814 ], [ 73.0638684, 19.0439571 ] ] } },
{ "type": "Feature", "properties": { "name": "Ryan International School Road", "highway": "tertiary" }, "geometry": { "type": "LineString", "coordinates": [ [ 73.0715489, 19.0399398 ], [ 73.071589, 19.0400669 ], [ 73.0716268, 19.0401868 ], [ 73.0718169, 19.0405001 ], [ 73.071863, 19.0405438 ], [ 73.0721803, 19.0408446 ], [ 73.0722572, 19.0409175 ], [ 73.0723359, 19.0411627 ], [ 73.0723448, 19.0412128 ] ] } },
{ "type": "Feature", "properties": { "name": "Kendriya Vihar Road - Navrang Road - Gharkul Road - Dhansoli Nirman Yojana Marg", "highway": "primary" }, "geometry": { "type": "LineString", "coordinates": [ [ 73.0634192, 19.034676 ], [ 73.0635354, 19.0348702 ], [ 73.0636164, 19.03497 ], [ 73.0637596, 19.0351481 ], [ 73.0640525, 19.0355135 ], [ 73.0644843, 19.0360569 ], [ 73.0646348, 19.0362302 ], [ 73.0646648, 19.0362793 ], [ 73.0650266, 19.0367291 ], [ 73.0654443, 19.0372839 ], [ 73.065603, 19.0374757 ], [ 73.0661507, 19.0381376 ], [ 73.0662609, 19.0382571 ], [ 73.0663632, 19.038368 ], [ 73.0668827, 19.0390131 ], [ 73.0669578, 19.0391031 ], [ 73.0673516, 19.0395754 ], [ 73.0678952, 19.0402466 ], [ 73.0683269, 19.0407779 ], [ 73.0684715, 19.0409481 ], [ 73.0685681, 19.0410469 ], [ 73.0686457, 19.0411144 ], [ 73.0687199, 19.0411716 ], [ 73.0687987, 19.0412136 ], [ 73.0688798, 19.0412445 ], [ 73.0689628, 19.0412662 ], [ 73.0690677, 19.0412889 ], [ 73.0692919, 19.0413292 ], [ 73.0693066, 19.0413318 ], [ 73.0693556, 19.0413406 ] ] } },
{ "type": "Feature", "properties": { "name": null, "highway": "residential" }, "geometry": { "type": "LineString", "coordinates": [ [ 73.0638923, 19.04768 ], [ 73.0640039, 19.0485952 ], [ 73.0641194, 19.0495421 ] ] } },
{ "type": "Feature", "properties": { "name": "Kharghar Police Station Road", "highway": "tertiary" }, "geometry": { "type": "LineString", "coordinates": [ [ 73.0638374, 19.0350964 ], [ 73.0639753, 19.0350046 ], [ 73.0640433, 19.0349594 ], [ 73.0644779, 19.0346703 ], [ 73.0647856, 19.0343035 ], [ 73.06545, 19.0333947 ], [ 73.0658747, 19.0328623 ], [ 73.0659166, 19.0328361 ] ] } },
{ "type": "Feature", "properties": { "name": "Ryan International School Road", "highway": "tertiary" }, "geometry": { "type": "LineString", "coordinates": [ [ 73.0696024, 19.0353688 ], [ 73.0697583, 19.0355465 ] ] } },
{ "type": "Feature", "properties": { "name": "APJ Abdul Kalam Road", "highway": "residential" }, "geometry": { "type": "LineString", "coordinates": [ [ 73.0672309, 19.0432078 ], [ 73.067491, 19.043396 ] ] } },
{ "type": "Feature", "properties": { "name": null, "highway": "tertiary_link" }, "geometry": { "type": "LineString", "coordinates": [ [ 73.0644526, 19.0494667 ], [ 73.0643212, 19.0494824 ] ] } },
{ "type": "Feature", "properties": { "name": null, "highway": "tertiary" }, "geometry": { "type": "LineString", "coordinates": [ [ 73.0628566, 19.0357696 ], [ 73.0628565, 19.0358538 ], [ 73.0630974, 19.0361576 ], [ 73.0634093, 19.0365484 ], [ 73.063641, 19.0368621 ], [ 73.0639104, 19.0371775 ] ] } },
{ "type": "Feature", "properties": { "name": "Ryan International School Road", "highway": "tertiary" }, "geometry": { "type": "LineString", "coordinates": [ [ 73.0715046, 19.0396059 ], [ 73.0715489, 19.0399398 ] ] } },
{ "type": "Feature", "properties": { "name": null, "highway": "tertiary_link" }, "geometry": { "type": "LineString", "coordinates": [ [ 73.0643235, 19.0495545 ], [ 73.0644622, 19.049538 ] ] } },
{ "type": "Feature", "properties": { "name": null, "highway": "residential" }, "geometry": { "type": "LineString", "coordinates": [ [ 73.0638729, 19.0475245 ], [ 73.0638853, 19.0476238 ], [ 73.0638923, 19.04768 ] ] } },
{ "type": "Feature", "properties": { "name": null, "highway": "unclassified" }, "geometry": { "type": "LineString", "coordinates": [ [ 73.0579988, 19.0509751 ], [ 73.0580883, 19.0507629 ], [ 73.0581934, 19.0505346 ], [ 73.0582489, 19.0504459 ], [ 73.0582844, 19.0504002 ], [ 73.0583327, 19.0503613 ], [ 73.0587334, 19.0501451 ], [ 73.0590204, 19.0499678 ], [ 73.05936, 19.0497422 ], [ 73.0594658, 19.0496764 ], [ 73.0595631, 19.04963 ], [ 73.0596889, 19.0495931 ], [ 73.0598075, 19.0495689 ], [ 73.0599247, 19.0495582 ], [ 73.0603694, 19.0495545 ], [ 73.0605021, 19.049563 ], [ 73.0607, 19.0495906 ], [ 73.061223, 19.0496734 ], [ 73.061253, 19.0496782 ], [ 73.0613745, 19.0496974 ], [ 73.0615876, 19.0497491 ] ] } },
{ "type": "Feature", "properties": { "name": null, "highway": "tertiary_link" }, "geometry": { "type": "LineString", "coordinates": [ [ 73.0641194, 19.0495421 ], [ 73.0642008, 19.0495691 ], [ 73.0643235, 19.0495545 ] ] } },
{ "type": "Feature", "properties": { "name": null, "highway": "tertiary_link" }, "geometry": { "type": "LineString", "coordinates": [ [ 73.0643212, 19.0494824 ], [ 73.0641913, 19.0494978 ], [ 73.0641194, 19.0495421 ] ] } },
{ "type": "Feature", "properties": { "name": null, "highway": "residential" }, "geometry": { "type": "LineString", "coordinates": [ [ 73.0641841, 19.0386381 ], [ 73.0642288, 19.038626 ], [ 73.0644981, 19.0385873 ], [ 73.0645314, 19.0385825 ], [ 73.0656784, 19.0384483 ], [ 73.0659519, 19.0384162 ], [ 73.0663632, 19.038368 ] ] } },
{ "type": "Feature", "properties": { "name": "Hiranandani Service Road", "highway": "tertiary" }, "geometry": { "type": "LineString", "coordinates": [ [ 73.0659166, 19.0328361 ], [ 73.0659796, 19.0328427 ], [ 73.0664438, 19.0331533 ], [ 73.0664614, 19.0331654 ], [ 73.0665503, 19.0332313 ], [ 73.0668673, 19.0334532 ], [ 73.0669137, 19.0334868 ], [ 73.0670756, 19.0335904 ], [ 73.0671376, 19.0336328 ], [ 73.0675996, 19.0339575 ], [ 73.0676321, 19.0339818 ], [ 73.0680926, 19.0343128 ], [ 73.0681855, 19.0343776 ], [ 73.0683397, 19.034458 ], [ 73.0683803, 19.0344877 ], [ 73.0683938, 19.0344958 ], [ 73.0686363, 19.0346628 ], [ 73.069123, 19.0349897 ] ] } },
{ "type": "Feature", "properties": { "name": null, "highway": "residential" }, "geometry": { "type": "LineString", "coordinates": [ [ 73.0618813, 19.0328499 ], [ 73.0611912, 19.0333408 ], [ 73.0610108, 19.0334711 ], [ 73.0610014, 19.0334941 ], [ 73.0610057, 19.0335427 ], [ 73.0612966, 19.0339284 ], [ 73.0616049, 19.0342804 ], [ 73.0617866, 19.034504 ], [ 73.0624262, 19.0352914 ], [ 73.0624585, 19.0352913 ], [ 73.0624867, 19.0352918 ], [ 73.0634192, 19.034676 ], [ 73.0640546, 19.0342209 ], [ 73.0641219, 19.0341677 ], [ 73.06418, 19.0341093 ], [ 73.0642782, 19.0339549 ] ] } },
{ "type": "Feature", "properties": { "name": "Raghunath Road", "highway": "secondary" }, "geometry": { "type": "LineString", "coordinates": [ [ 73.0730036, 19.0470564 ], [ 73.0730033, 19.0469263 ], [ 73.072924, 19.0462709 ], [ 73.0728438, 19.0456072 ], [ 73.0727802, 19.0450941 ], [ 73.0727187, 19.0445971 ], [ 73.0726452, 19.0440039 ], [ 73.072641, 19.0439709 ], [ 73.0726284, 19.0438726 ], [ 73.0724626, 19.0425162 ], [ 73.0723905, 19.0419025 ], [ 73.0724038, 19.0415088 ], [ 73.072435, 19.0413952 ], [ 73.0724208, 19.0412913 ] ] } },
{ "type": "Feature", "properties": { "name": "Kendriya Vihar Road - Navrang Road - Gharkul Road - Dhansoli Nirman Yojana Marg", "highway": "primary" }, "geometry": { "type": "LineString", "coordinates": [ [ 73.0693661, 19.0412433 ], [ 73.0693369, 19.0412388 ], [ 73.069084, 19.0412003 ], [ 73.0689861, 19.0411791 ], [ 73.0689104, 19.0411593 ], [ 73.06884, 19.0411324 ], [ 73.0687736, 19.0410971 ], [ 73.0687079, 19.0410465 ], [ 73.0686353, 19.0409833 ], [ 73.0685435, 19.0408894 ], [ 73.0684978, 19.0408356 ], [ 73.0684814, 19.0408167 ], [ 73.0679771, 19.040237 ], [ 73.0677363, 19.0399233 ], [ 73.0674288, 19.0395188 ], [ 73.0662528, 19.0380673 ], [ 73.0655503, 19.0372055 ], [ 73.0651303, 19.0366851 ], [ 73.0647834, 19.0362588 ], [ 73.064462, 19.0358638 ], [ 73.0638374, 19.0350964 ], [ 73.0636934, 19.0349174 ], [ 73.0636124, 19.0348176 ], [ 73.0634192, 19.034676 ] ] } },
{ "type": "Feature", "properties": { "name": null, "highway": "tertiary_link" }, "geometry": { "type": "LineString", "coordinates": [ [ 73.0644622, 19.049538 ], [ 73.0645685, 19.0495254 ], [ 73.064608, 19.049533 ], [ 73.0646451, 19.0495477 ], [ 73.0646786, 19.0495689 ], [ 73.0647071, 19.0495958 ], [ 73.0647265, 19.0496231 ] ] } },
{ "type": "Feature", "properties": { "name": null, "highway": "tertiary_link" }, "geometry": { "type": "LineString", "coordinates": [ [ 73.0646942, 19.0493215 ], [ 73.0646851, 19.0493505 ], [ 73.0646691, 19.0493796 ], [ 73.0646477, 19.0494053 ], [ 73.0646216, 19.0494268 ], [ 73.0645917, 19.0494432 ], [ 73.064559, 19.0494541 ], [ 73.0644526, 19.0494667 ] ] } },
{ "type": "Feature", "properties": { "name": null, "highway": "tertiary" }, "geometry": { "type": "LineString", "coordinates": [ [ 73.073603, 19.037614 ], [ 73.073583, 19.03764 ], [ 73.0735773, 19.0376639 ], [ 73.0735876, 19.0376955 ], [ 73.0736167, 19.0377286 ], [ 73.0737886, 19.0378378 ], [ 73.0738533, 19.0378984 ], [ 73.0738728, 19.0379453 ], [ 73.0738574, 19.0380408 ] ] } },
{ "type": "Feature", "properties": { "name": null, "highway": "residential" }, "geometry": { "type": "LineString", "coordinates": [ [ 73.0668456, 19.0445114 ], [ 73.0668914, 19.0448204 ], [ 73.0669305, 19.0451133 ] ] } },
{ "type": "Feature", "properties": { "name": null, "highway": "residential" }, "geometry": { "type": "LineString", "coordinates": [ [ 73.0701907, 19.0427997 ], [ 73.0702446, 19.0428508 ] ] } },
{ "type": "Feature", "properties": { "name": null, "highway": "residential" }, "geometry": { "type": "LineString", "coordinates": [ [ 73.0701173, 19.0427301 ], [ 73.0701907, 19.0427997 ] ] } },
{ "type": "Feature", "properties": { "name": null, "highway": "residential" }, "geometry": { "type": "LineString", "coordinates": [ [ 73.0650884, 19.0432156 ], [ 73.0659789, 19.0431158 ], [ 73.0662551, 19.0430847 ] ] } },
{ "type": "Feature", "properties": { "name": null, "highway": "residential" }, "geometry": { "type": "LineString", "coordinates": [ [ 73.0645926, 19.0400464 ], [ 73.0646664, 19.0400366 ], [ 73.0648778, 19.0400085 ], [ 73.0651064, 19.0399781 ], [ 73.0653324, 19.039948 ], [ 73.0655391, 19.0399238 ], [ 73.0658358, 19.039889 ] ] } },
{ "type": "Feature", "properties": { "name": null, "highway": "residential" }, "geometry": { "type": "LineString", "coordinates": [ [ 73.0688507, 19.0453105 ], [ 73.0692826, 19.0447533 ] ] } },
{ "type": "Feature", "properties": { "name": null, "highway": "residential" }, "geometry": { "type": "LineString", "coordinates": [ [ 73.0663088, 19.0425152 ], [ 73.0668254, 19.0418852 ], [ 73.0670131, 19.0416564 ], [ 73.0673134, 19.0412902 ] ] } },
{ "type": "Feature", "properties": { "name": null, "highway": "tertiary" }, "geometry": { "type": "LineString", "coordinates": [ [ 73.0739061, 19.0384716 ], [ 73.0739777, 19.0381941 ] ] } },
{ "type": "Feature", "properties": { "name": null, "highway": "residential" }, "geometry": { "type": "LineString", "coordinates": [ [ 73.070069, 19.04411 ], [ 73.0700789, 19.0443156 ] ] } },
{ "type": "Feature", "properties": { "name": null, "highway": "residential" }, "geometry": { "type": "LineString", "coordinates": [ [ 73.0691542, 19.0422919 ], [ 73.0693734, 19.0424521 ], [ 73.0695563, 19.0425808 ], [ 73.0697458, 19.0427217 ], [ 73.06998, 19.042878 ] ] } },
{ "type": "Feature", "properties": { "name": null, "highway": "residential" }, "geometry": { "type": "LineString", "coordinates": [ [ 73.0642411, 19.0411421 ], [ 73.0646407, 19.0411013 ], [ 73.0652724, 19.0410293 ], [ 73.0656803, 19.0410004 ], [ 73.0659771, 19.0409657 ] ] } },
{ "type": "Feature", "properties": { "name": null, "highway": "residential" }, "geometry": { "type": "LineString", "coordinates": [ [ 73.0658357, 19.0456924 ], [ 73.0658083, 19.0454744 ], [ 73.0657913, 19.0453608 ], [ 73.0657767, 19.045251 ], [ 73.0657375, 19.0449582 ], [ 73.0655999, 19.0439286 ] ] } },
{ "type": "Feature", "properties": { "name": null, "highway": "residential" }, "geometry": { "type": "LineString", "coordinates": [ [ 73.0650664, 19.0421624 ], [ 73.065162, 19.0421526 ], [ 73.0653944, 19.0421265 ], [ 73.0656075, 19.0421026 ] ] } },
{ "type": "Feature", "properties": { "name": null, "highway": "residential" }, "geometry": { "type": "LineString", "coordinates": [ [ 73.0674668, 19.0469001 ], [ 73.0674313, 19.0466566 ], [ 73.0674208, 19.0465845 ], [ 73.0673955, 19.0465681 ], [ 73.0671323, 19.0465907 ], [ 73.0669846, 19.0466234 ], [ 73.0669782, 19.0466526 ], [ 73.0670461, 19.0469907 ], [ 73.0670644, 19.0470068 ], [ 73.067872, 19.0469003 ], [ 73.0679365, 19.0468912 ] ] } },
{ "type": "Feature", "properties": { "name": null, "highway": "residential" }, "geometry": { "type": "LineString", "coordinates": [ [ 73.0657895, 19.0472118 ], [ 73.0656696, 19.0463252 ], [ 73.0656626, 19.0462733 ], [ 73.0656238, 19.0459862 ] ] } },
{ "type": "Feature", "properties": { "name": null, "highway": "residential" }, "geometry": { "type": "LineString", "coordinates": [ [ 73.0698211, 19.0464492 ], [ 73.0701971, 19.0464046 ], [ 73.070496, 19.0463714 ], [ 73.0707228, 19.0463437 ], [ 73.0707994, 19.0463343 ], [ 73.0711871, 19.046287 ] ] } },
{ "type": "Feature", "properties": { "name": null, "highway": "residential" }, "geometry": { "type": "LineString", "coordinates": [ [ 73.0696095, 19.0417215 ], [ 73.0703839, 19.0423265 ], [ 73.070405, 19.0423661 ], [ 73.0704137, 19.042401 ], [ 73.0704141, 19.0424205 ] ] } },
{ "type": "Feature", "properties": { "name": null, "highway": "residential" }, "geometry": { "type": "LineString", "coordinates": [ [ 73.0650541, 19.0473006 ], [ 73.0657895, 19.0472118 ], [ 73.0660429, 19.0471811 ] ] } },
{ "type": "Feature", "properties": { "name": null, "highway": "residential" }, "geometry": { "type": "LineString", "coordinates": [ [ 73.0680892, 19.0429012 ], [ 73.068457, 19.0431653 ], [ 73.0686525, 19.0433012 ], [ 73.0688466, 19.043442 ], [ 73.0690315, 19.0435761 ], [ 73.0692899, 19.0437635 ] ] } },
{ "type": "Feature", "properties": { "name": null, "highway": "residential" }, "geometry": { "type": "LineString", "coordinates": [ [ 73.0711579, 19.0460343 ], [ 73.0711871, 19.046287 ], [ 73.0712148, 19.0465256 ], [ 73.0712304, 19.0466605 ], [ 73.071241, 19.0467524 ], [ 73.0712809, 19.0470971 ] ] } },
{ "type": "Feature", "properties": { "name": null, "highway": "residential" }, "geometry": { "type": "LineString", "coordinates": [ [ 73.0702991, 19.0377083 ], [ 73.0703516, 19.0382128 ], [ 73.0704095, 19.0387684 ], [ 73.0704136, 19.038808 ], [ 73.0704544, 19.0392088 ], [ 73.0704609, 19.0392731 ], [ 73.0705079, 19.0397006 ] ] } },
{ "type": "Feature", "properties": { "name": null, "highway": "tertiary" }, "geometry": { "type": "LineString", "coordinates": [ [ 73.074431, 19.0388501 ], [ 73.0744122, 19.0387905 ], [ 73.074376, 19.0387499 ], [ 73.074317, 19.0387132 ], [ 73.0742083, 19.0386764 ], [ 73.0741796, 19.0386682 ], [ 73.0739768, 19.0386105 ], [ 73.0739306, 19.03859 ], [ 73.0739113, 19.0385736 ], [ 73.0738959, 19.0385382 ], [ 73.0738966, 19.0385041 ], [ 73.0739061, 19.0384716 ] ] } },
{ "type": "Feature", "properties": { "name": null, "highway": "residential" }, "geometry": { "type": "LineString", "coordinates": [ [ 73.068457, 19.0431653 ], [ 73.0687078, 19.042864 ], [ 73.0687376, 19.0427995 ], [ 73.0691542, 19.0422919 ], [ 73.0696095, 19.0417215 ], [ 73.0699108, 19.0414058 ] ] } },
{ "type": "Feature", "properties": { "name": null, "highway": "tertiary" }, "geometry": { "type": "LineString", "coordinates": [ [ 73.0738382, 19.0386206 ], [ 73.0738909, 19.038655 ], [ 73.073949, 19.038679 ], [ 73.0741829, 19.0387449 ], [ 73.0742741, 19.0387829 ], [ 73.074364, 19.0388769 ] ] } },
{ "type": "Feature", "properties": { "name": null, "highway": "residential" }, "geometry": { "type": "LineString", "coordinates": [ [ 73.0718268, 19.04487 ], [ 73.0718601, 19.0441669 ], [ 73.0718721, 19.0440833 ], [ 73.0718759, 19.0440427 ], [ 73.0718815, 19.0439818 ], [ 73.0719107, 19.0437826 ], [ 73.0719851, 19.0434731 ], [ 73.0720503, 19.0431535 ], [ 73.072149, 19.042669 ], [ 73.0721665, 19.04264 ], [ 73.072194, 19.0426142 ], [ 73.0723928, 19.0425447 ], [ 73.0724626, 19.0425162 ] ] } },
{ "type": "Feature", "properties": { "name": null, "highway": "tertiary" }, "geometry": { "type": "LineString", "coordinates": [ [ 73.0744669, 19.0392833 ], [ 73.0745809, 19.0394727 ], [ 73.0755027, 19.0407878 ], [ 73.075543, 19.0408533 ] ] } },
{ "type": "Feature", "properties": { "name": null, "highway": "residential" }, "geometry": { "type": "LineString", "coordinates": [ [ 73.0646236, 19.0440807 ], [ 73.0655999, 19.0439286 ], [ 73.0667537, 19.0437908 ], [ 73.0674103, 19.0437115 ] ] } },
{ "type": "Feature", "properties": { "name": null, "highway": "residential" }, "geometry": { "type": "LineString", "coordinates": [ [ 73.0697264, 19.0408828 ], [ 73.069319, 19.0403829 ], [ 73.0692576, 19.0403076 ], [ 73.0687186, 19.0396621 ], [ 73.0686017, 19.0395253 ], [ 73.0684705, 19.0393674 ], [ 73.0684537, 19.0393475 ], [ 73.0683571, 19.0392329 ], [ 73.0683152, 19.0391831 ], [ 73.0681545, 19.0389865 ] ] } },
{ "type": "Feature", "properties": { "name": null, "highway": "residential" }, "geometry": { "type": "LineString", "coordinates": [ [ 73.0702878, 19.042906 ], [ 73.0703409, 19.0429739 ], [ 73.0703998, 19.0431991 ], [ 73.070417, 19.0434633 ], [ 73.0704398, 19.0435762 ], [ 73.0704613, 19.0436434 ], [ 73.0705042, 19.0437347 ], [ 73.070747, 19.0442861 ], [ 73.0708475, 19.0444965 ] ] } },
{ "type": "Feature", "properties": { "name": null, "highway": "residential" }, "geometry": { "type": "LineString", "coordinates": [ [ 73.0645658, 19.0436082 ], [ 73.0651301, 19.0435449 ], [ 73.0662983, 19.0434139 ], [ 73.0665635, 19.0433842 ] ] } },
{ "type": "Feature", "properties": { "name": null, "highway": "residential" }, "geometry": { "type": "LineString", "coordinates": [ [ 73.0687186, 19.0396621 ], [ 73.069053, 19.0394206 ], [ 73.0697742, 19.0388997 ], [ 73.0698287, 19.038877 ], [ 73.0698879, 19.038856 ], [ 73.0704136, 19.038808 ] ] } },
{ "type": "Feature", "properties": { "name": null, "highway": "residential" }, "geometry": { "type": "LineString", "coordinates": [ [ 73.0648901, 19.0460744 ], [ 73.0656238, 19.0459862 ], [ 73.0657974, 19.0459653 ], [ 73.065871, 19.0459564 ], [ 73.0659204, 19.0459505 ], [ 73.0664093, 19.0458917 ], [ 73.0670247, 19.0458177 ], [ 73.0677775, 19.0457271 ] ] } },
{ "type": "Feature", "properties": { "name": null, "highway": "residential" }, "geometry": { "type": "LineString", "coordinates": [ [ 73.0703998, 19.0431991 ], [ 73.0700727, 19.0435831 ], [ 73.0700476, 19.0436273 ], [ 73.070035, 19.0436801 ], [ 73.0700282, 19.0437361 ], [ 73.070069, 19.04411 ] ] } },
{ "type": "Feature", "properties": { "name": "Sector 11 Road", "highway": "residential" }, "geometry": { "type": "LineString", "coordinates": [ [ 73.0673516, 19.0395754 ], [ 73.0674288, 19.0395188 ], [ 73.0677714, 19.0392651 ], [ 73.0678266, 19.0392257 ], [ 73.0681545, 19.0389865 ], [ 73.0694727, 19.0380197 ], [ 73.0698146, 19.0377689 ], [ 73.0698628, 19.0377515 ], [ 73.0699126, 19.0377383 ], [ 73.0702991, 19.0377083 ], [ 73.0712862, 19.0376112 ] ] } },
{ "type": "Feature", "properties": { "name": null, "highway": "footway" }, "geometry": { "type": "LineString", "coordinates": [ [ 73.0731528, 19.0502686 ], [ 73.0731904, 19.0502355 ], [ 73.0732179, 19.0502002 ], [ 73.0732705, 19.0500741 ], [ 73.0732944, 19.0499404 ], [ 73.0732887, 19.0498049 ], [ 73.0732537, 19.0496734 ], [ 73.0732352, 19.0496375 ], [ 73.0731909, 19.0495515 ], [ 73.0730705, 19.0494147 ], [ 73.0730249, 19.0493845 ] ] } },
{ "type": "Feature", "properties": { "name": null, "highway": "footway" }, "geometry": { "type": "LineString", "coordinates": [ [ 73.0732352, 19.0496375 ], [ 73.0732782, 19.0496225 ], [ 73.0733072, 19.0496182 ], [ 73.0733403, 19.0496254 ], [ 73.0733902, 19.0496494 ], [ 73.0734157, 19.0496697 ], [ 73.0734493, 19.0496851 ], [ 73.0735053, 19.0496928 ], [ 73.073542, 19.0497067 ], [ 73.0735659, 19.0497332 ], [ 73.0735985, 19.0497756 ], [ 73.0736352, 19.049804 ], [ 73.0736637, 19.049817 ], [ 73.0736989, 19.0498155 ], [ 73.0735873, 19.0498754 ], [ 73.0735058, 19.0499574 ], [ 73.0734344, 19.0500441 ], [ 73.0733987, 19.0501405 ], [ 73.0731609, 19.0503014 ] ] } },
{ "type": "Feature", "properties": { "name": null, "highway": "footway" }, "geometry": { "type": "LineString", "coordinates": [ [ 73.0727046, 19.0495052 ], [ 73.0726621, 19.0496417 ], [ 73.0726501, 19.0497719 ], [ 73.0726648, 19.0499018 ], [ 73.0727055, 19.0500266 ], [ 73.0727707, 19.0501418 ], [ 73.0728581, 19.0502431 ], [ 73.0729352, 19.050291 ], [ 73.0729797, 19.0503031 ], [ 73.073072, 19.050301 ], [ 73.0731528, 19.0502686 ] ] } },
{ "type": "Feature", "properties": { "name": null, "highway": "residential" }, "geometry": { "type": "LineString", "coordinates": [ [ 73.0723945, 19.0486893 ], [ 73.0719675, 19.0487351 ], [ 73.0717475, 19.0487597 ], [ 73.0716903, 19.0487664 ], [ 73.071673, 19.0487684 ], [ 73.0714818, 19.0487871 ], [ 73.0714307, 19.0487921 ], [ 73.0711647, 19.0488182 ], [ 73.0708276, 19.0488533 ], [ 73.0705869, 19.0488789 ], [ 73.0701986, 19.0489203 ], [ 73.0700851, 19.0489324 ] ] } },
{ "type": "Feature", "properties": { "name": null, "highway": "residential" }, "geometry": { "type": "LineString", "coordinates": [ [ 73.0715496, 19.0528749 ], [ 73.0726192, 19.0527314 ] ] } },
{ "type": "Feature", "properties": { "name": null, "highway": "residential" }, "geometry": { "type": "LineString", "coordinates": [ [ 73.0681212, 19.0511466 ], [ 73.0685959, 19.0510907 ], [ 73.0688446, 19.0510655 ], [ 73.0688772, 19.0510619 ], [ 73.0689117, 19.0510581 ], [ 73.0689518, 19.0510536 ] ] } },
{ "type": "Feature", "properties": { "name": null, "highway": "residential" }, "geometry": { "type": "LineString", "coordinates": [ [ 73.0737383, 19.0526096 ], [ 73.0743996, 19.0525315 ], [ 73.0755001, 19.0524014 ], [ 73.0758707, 19.0523576 ] ] } },
{ "type": "Feature", "properties": { "name": null, "highway": "residential" }, "geometry": { "type": "LineString", "coordinates": [ [ 73.0745423, 19.0476599 ], [ 73.0746893, 19.0486521 ], [ 73.0747316, 19.0489373 ], [ 73.0747356, 19.0489645 ], [ 73.0747396, 19.0489917 ], [ 73.0747816, 19.049275 ], [ 73.0747896, 19.0493255 ], [ 73.0748285, 19.0495782 ], [ 73.0748369, 19.0496255 ], [ 73.0748796, 19.0499605 ], [ 73.074928, 19.0502633 ] ] } },
{ "type": "Feature", "properties": { "name": null, "highway": "residential" }, "geometry": { "type": "LineString", "coordinates": [ [ 73.0731147, 19.0478093 ], [ 73.073756, 19.0477422 ], [ 73.0741901, 19.0476968 ], [ 73.0745423, 19.0476599 ] ] } },
{ "type": "Feature", "properties": { "name": null, "highway": "residential" }, "geometry": { "type": "LineString", "coordinates": [ [ 73.0726738, 19.0530954 ], [ 73.0726192, 19.0527314 ], [ 73.0725606, 19.0524005 ] ] } },
{ "type": "Feature", "properties": { "name": null, "highway": "footway" }, "geometry": { "type": "LineString", "coordinates": [ [ 73.0739124, 19.0495424 ], [ 73.0737781, 19.0495896 ], [ 73.0737272, 19.0496083 ], [ 73.0736926, 19.0496358 ], [ 73.0736661, 19.0496782 ], [ 73.0736569, 19.04972 ], [ 73.0736589, 19.0497508 ], [ 73.0736712, 19.0497792 ], [ 73.0736989, 19.0498155 ], [ 73.0737201, 19.0498433 ], [ 73.0737364, 19.0498813 ], [ 73.073745, 19.049928 ], [ 73.073743, 19.049981 ], [ 73.0737287, 19.0500272 ], [ 73.0737043, 19.0500681 ], [ 73.0736742, 19.050097 ], [ 73.0736258, 19.0501345 ], [ 73.0736009, 19.0501634 ], [ 73.0735831, 19.0502005 ], [ 73.07358, 19.0502371 ], [ 73.0735821, 19.0502854 ] ] } },
{ "type": "Feature", "properties": { "name": null, "highway": "residential" }, "geometry": { "type": "LineString", "coordinates": [ [ 73.0667945, 19.0490882 ], [ 73.0678395, 19.0489688 ], [ 73.0688958, 19.0488481 ] ] } },
{ "type": "Feature", "properties": { "name": null, "highway": "residential" }, "geometry": { "type": "LineString", "coordinates": [ [ 73.0664574, 19.0516881 ], [ 73.066394, 19.0511921 ], [ 73.0663569, 19.0509019 ], [ 73.0663451, 19.0507849 ], [ 73.0663028, 19.0504785 ] ] } },
{ "type": "Feature", "properties": { "name": null, "highway": "residential" }, "geometry": { "type": "LineString", "coordinates": [ [ 73.066394, 19.0511921 ], [ 73.0681921, 19.0517266 ], [ 73.0693562, 19.0520749 ], [ 73.0698076, 19.0522001 ] ] } },
{ "type": "Feature", "properties": { "name": "Jalvayu Phase 2nd Road", "highway": "residential" }, "geometry": { "type": "LineString", "coordinates": [ [ 73.0723945, 19.0486893 ], [ 73.0724429, 19.0490439 ], [ 73.0724752, 19.0492803 ], [ 73.0724803, 19.0493175 ], [ 73.0725121, 19.0495505 ], [ 73.0726405, 19.0505617 ], [ 73.0726854, 19.0508655 ], [ 73.0727676, 19.0514212 ] ] } },
{ "type": "Feature", "properties": { "name": null, "highway": "residential" }, "geometry": { "type": "LineString", "coordinates": [ [ 73.0726405, 19.0505617 ], [ 73.0733311, 19.0504674 ], [ 73.0733789, 19.0504613 ], [ 73.0747032, 19.0502926 ], [ 73.074928, 19.0502633 ], [ 73.0750338, 19.0502518 ], [ 73.0755994, 19.0501904 ], [ 73.075712, 19.0501732 ] ] } },
{ "type": "Feature", "properties": { "name": null, "highway": "residential" }, "geometry": { "type": "LineString", "coordinates": [ [ 73.0657338, 19.0499965 ], [ 73.0668937, 19.0498639 ], [ 73.0679387, 19.0497446 ] ] } },
{ "type": "Feature", "properties": { "name": null, "highway": "footway" }, "geometry": { "type": "LineString", "coordinates": [ [ 73.0725121, 19.0495505 ], [ 73.072628, 19.0495291 ], [ 73.0727046, 19.0495052 ] ] } },
{ "type": "Feature", "properties": { "name": null, "highway": "footway" }, "geometry": { "type": "LineString", "coordinates": [ [ 73.0731528, 19.0502686 ], [ 73.0731609, 19.0503014 ], [ 73.0731803, 19.0503158 ], [ 73.0732139, 19.0503207 ], [ 73.0735821, 19.0502854 ], [ 73.0738027, 19.0502643 ], [ 73.0738149, 19.0502581 ], [ 73.0738179, 19.0502484 ], [ 73.0738164, 19.050235 ], [ 73.0738108, 19.0501724 ], [ 73.0738139, 19.0501628 ], [ 73.0738246, 19.0501589 ], [ 73.073959, 19.0501469 ], [ 73.0739779, 19.0501411 ], [ 73.0739896, 19.0501295 ], [ 73.0739957, 19.0501117 ], [ 73.0739952, 19.0500949 ], [ 73.0739124, 19.0495424 ], [ 73.0738901, 19.0493941 ], [ 73.0738772, 19.0493526 ], [ 73.0738498, 19.0493158 ], [ 73.0738174, 19.0492865 ], [ 73.0737547, 19.0492545 ], [ 73.073687, 19.049243 ], [ 73.0736359, 19.0492491 ], [ 73.0735898, 19.0492675 ], [ 73.0734962, 19.0493102 ], [ 73.0734278, 19.0493232 ], [ 73.0733478, 19.0493184 ], [ 73.073252, 19.0492959 ], [ 73.0731886, 19.0492871 ], [ 73.0731238, 19.0492946 ], [ 73.0730813, 19.0493218 ], [ 73.0730249, 19.0493845 ] ] } },
{ "type": "Feature", "properties": { "name": "Eklavya Road", "highway": "residential" }, "geometry": { "type": "LineString", "coordinates": [ [ 73.0678395, 19.0489688 ], [ 73.0679034, 19.0494687 ], [ 73.0679387, 19.0497446 ], [ 73.0680086, 19.0502829 ], [ 73.0680618, 19.0507072 ], [ 73.0681212, 19.0511466 ], [ 73.0681921, 19.0517266 ], [ 73.0682556, 19.052223 ], [ 73.0683064, 19.05262 ], [ 73.0683234, 19.0527531 ] ] } },
{ "type": "Feature", "properties": { "name": null, "highway": "residential" }, "geometry": { "type": "LineString", "coordinates": [ [ 73.0690639, 19.0501631 ], [ 73.0689968, 19.049638 ], [ 73.0689597, 19.049348 ], [ 73.06892, 19.0490373 ], [ 73.0688958, 19.0488481 ], [ 73.0688694, 19.0486417 ], [ 73.0688444, 19.0484465 ], [ 73.0688114, 19.0481882 ], [ 73.0688081, 19.048162 ], [ 73.0687792, 19.047936 ], [ 73.0687746, 19.0479003 ], [ 73.0687226, 19.0474936 ] ] } },
{ "type": "Feature", "properties": { "name": "Shiv Shushila Marg", "highway": "residential" }, "geometry": { "type": "LineString", "coordinates": [ [ 73.0715049, 19.0525193 ], [ 73.0714469, 19.0521093 ], [ 73.0713608, 19.0516047 ] ] } },
{ "type": "Feature", "properties": { "name": null, "highway": "residential" }, "geometry": { "type": "LineString", "coordinates": [ [ 73.0654504, 19.0477799 ], [ 73.065464, 19.0478869 ], [ 73.0655644, 19.048672 ], [ 73.065607, 19.0490048 ], [ 73.065613, 19.0490382 ], [ 73.0656366, 19.0491707 ], [ 73.0657338, 19.0499965 ], [ 73.0658027, 19.0505356 ] ] } },
{ "type": "Feature", "properties": { "name": null, "highway": "residential" }, "geometry": { "type": "LineString", "coordinates": [ [ 73.0667945, 19.0490882 ], [ 73.0667493, 19.0487348 ], [ 73.0666225, 19.0477432 ], [ 73.0666088, 19.0476361 ] ] } },
{ "type": "Feature", "properties": { "name": null, "highway": "residential" }, "geometry": { "type": "LineString", "coordinates": [ [ 73.0737691, 19.0521795 ], [ 73.0736916, 19.052252 ], [ 73.0737383, 19.0526096 ], [ 73.0737854, 19.0529696 ], [ 73.073804, 19.0531123 ] ] } },
{ "type": "Feature", "properties": { "name": null, "highway": "residential" }, "geometry": { "type": "LineString", "coordinates": [ [ 73.0705602, 19.0516799 ], [ 73.0711399, 19.0516254 ], [ 73.0713608, 19.0516047 ], [ 73.0716377, 19.0515686 ], [ 73.0718529, 19.051543 ], [ 73.0719152, 19.0515324 ], [ 73.072559, 19.0514484 ], [ 73.0727676, 19.0514212 ] ] } },
{ "type": "Feature", "properties": { "name": null, "highway": "residential" }, "geometry": { "type": "LineString", "coordinates": [ [ 73.0715049, 19.0525193 ], [ 73.0725606, 19.0524005 ], [ 73.0728381, 19.0523609 ], [ 73.0728738, 19.0523359 ], [ 73.07333, 19.051847 ] ] } },
{ "type": "Feature", "properties": { "name": null, "highway": "residential" }, "geometry": { "type": "LineString", "coordinates": [ [ 73.0658027, 19.0505356 ], [ 73.0663028, 19.0504785 ], [ 73.0666811, 19.0504336 ], [ 73.0669626, 19.0504031 ], [ 73.0680086, 19.0502829 ], [ 73.0683187, 19.0502483 ], [ 73.0685028, 19.0502273 ], [ 73.0690639, 19.0501631 ], [ 73.0695402, 19.0501087 ], [ 73.0700949, 19.0500453 ] ] } },
{ "type": "Feature", "properties": { "name": null, "highway": "footway" }, "geometry": { "type": "LineString", "coordinates": [ [ 73.0730249, 19.0493845 ], [ 73.0729469, 19.0493668 ], [ 73.0728575, 19.0493745 ], [ 73.0728156, 19.0493902 ], [ 73.0727189, 19.0494773 ], [ 73.0727046, 19.0495052 ] ] } },
{ "type": "Feature", "properties": { "name": null, "highway": "residential" }, "geometry": { "type": "LineString", "coordinates": [ [ 73.075832, 19.0511315 ], [ 73.0764057, 19.0510794 ], [ 73.0768926, 19.0510238 ], [ 73.076969, 19.0509946 ], [ 73.0770575, 19.0509465 ], [ 73.077648, 19.0504404 ], [ 73.0780372, 19.0501488 ], [ 73.0782365, 19.0499981 ], [ 73.0784802, 19.0498139 ], [ 73.0785154, 19.0497954 ], [ 73.0785593, 19.0497632 ], [ 73.0787687, 19.0495668 ], [ 73.0789766, 19.0493718 ], [ 73.0792241, 19.0491396 ], [ 73.0795676, 19.0488292 ] ] } },
{ "type": "Feature", "properties": { "name": "Sector 18th Road", "highway": "residential" }, "geometry": { "type": "LineString", "coordinates": [ [ 73.0796435, 19.0453958 ], [ 73.0796187, 19.0452269 ] ] } },
{ "type": "Feature", "properties": { "name": null, "highway": "residential" }, "geometry": { "type": "LineString", "coordinates": [ [ 73.0767585, 19.0494839 ], [ 73.0771125, 19.0498679 ], [ 73.077648, 19.0504404 ] ] } },
{ "type": "Feature", "properties": { "name": null, "highway": "residential" }, "geometry": { "type": "LineString", "coordinates": [ [ 73.0823635, 19.0461838 ], [ 73.0824068, 19.0461788 ], [ 73.083073, 19.0461042 ], [ 73.0835121, 19.046055 ], [ 73.0837773, 19.0460252 ], [ 73.0839654, 19.0460041 ], [ 73.0841884, 19.0459791 ], [ 73.0842633, 19.0459707 ], [ 73.0845943, 19.0459336 ] ] } },
{ "type": "Feature", "properties": { "name": null, "highway": "residential" }, "geometry": { "type": "LineString", "coordinates": [ [ 73.0773352, 19.0466473 ], [ 73.077413, 19.0467232 ] ] } },
{ "type": "Feature", "properties": { "name": null, "highway": "residential" }, "geometry": { "type": "LineString", "coordinates": [ [ 73.0792241, 19.0491396 ], [ 73.0794111, 19.0493375 ], [ 73.0794407, 19.0493503 ], [ 73.0794835, 19.0493416 ], [ 73.0795932, 19.04927 ], [ 73.0798707, 19.0490641 ] ] } },
{ "type": "Feature", "properties": { "name": "Sector 18th Road", "highway": "residential" }, "geometry": { "type": "LineString", "coordinates": [ [ 73.0806674, 19.0477188 ], [ 73.0807159, 19.0477391 ], [ 73.0817332, 19.0476203 ] ] } },
{ "type": "Feature", "properties": { "name": null, "highway": "residential" }, "geometry": { "type": "LineString", "coordinates": [ [ 73.0805911, 19.0494032 ], [ 73.0807812, 19.049367 ], [ 73.0808596, 19.0493696 ], [ 73.0809143, 19.0493834 ], [ 73.0809649, 19.049435 ], [ 73.0809865, 19.0494939 ], [ 73.0809745, 19.0495867 ], [ 73.0809841, 19.0496677 ], [ 73.0810055, 19.0497359 ], [ 73.081057, 19.049806 ], [ 73.0813012, 19.0500462 ], [ 73.0817646, 19.0504909 ], [ 73.082092, 19.0503912 ] ] } },
{ "type": "Feature", "properties": { "name": null, "highway": "residential" }, "geometry": { "type": "LineString", "coordinates": [ [ 73.0807886, 19.0515113 ], [ 73.0812764, 19.0514583 ], [ 73.0813454, 19.0514508 ], [ 73.0814211, 19.0514407 ] ] } },
{ "type": "Feature", "properties": { "name": null, "highway": "residential" }, "geometry": { "type": "LineString", "coordinates": [ [ 73.081962, 19.047599 ], [ 73.0835964, 19.0474466 ] ] } },
{ "type": "Feature", "properties": { "name": null, "highway": "residential" }, "geometry": { "type": "LineString", "coordinates": [ [ 73.077059, 19.0516462 ], [ 73.0770971, 19.0521988 ] ] } },
{ "type": "Feature", "properties": { "name": null, "highway": "residential" }, "geometry": { "type": "LineString", "coordinates": [ [ 73.0795676, 19.0488292 ], [ 73.0796556, 19.0487786 ], [ 73.0797128, 19.0487624 ], [ 73.0798791, 19.0487817 ] ] } },
{ "type": "Feature", "properties": { "name": null, "highway": "residential" }, "geometry": { "type": "LineString", "coordinates": [ [ 73.0835964, 19.0474466 ], [ 73.0836769, 19.0473985 ], [ 73.083768, 19.0473236 ], [ 73.084557, 19.0463457 ], [ 73.0846272, 19.0462099 ], [ 73.0845943, 19.0459336 ], [ 73.0844977, 19.0450785 ], [ 73.0844308, 19.0449793 ], [ 73.0843515, 19.0449466 ], [ 73.083354, 19.0450402 ], [ 73.0822097, 19.0451649 ], [ 73.0816577, 19.045225 ] ] } },
{ "type": "Feature", "properties": { "name": null, "highway": "residential" }, "geometry": { "type": "LineString", "coordinates": [ [ 73.0813673, 19.0438196 ], [ 73.0814908, 19.043807 ], [ 73.0821553, 19.0437405 ], [ 73.0825467, 19.0437015 ], [ 73.0831857, 19.0436375 ], [ 73.0834486, 19.0436112 ], [ 73.083609, 19.0435912 ], [ 73.0838335, 19.0435726 ], [ 73.0839207, 19.0435639 ], [ 73.0839998, 19.043556 ], [ 73.0844034, 19.0435155 ] ] } },
{ "type": "Feature", "properties": { "name": null, "highway": "residential" }, "geometry": { "type": "LineString", "coordinates": [ [ 73.0791518, 19.0504569 ], [ 73.0792724, 19.0504185 ], [ 73.0794088, 19.0503751 ], [ 73.079497, 19.0503147 ], [ 73.0797598, 19.0501141 ] ] } },
{ "type": "Feature", "properties": { "name": null, "highway": "residential" }, "geometry": { "type": "LineString", "coordinates": [ [ 73.0771959, 19.0465012 ], [ 73.0772646, 19.0465834 ], [ 73.0773352, 19.0466473 ] ] } },
{ "type": "Feature", "properties": { "name": "Sector 18th Road", "highway": "residential" }, "geometry": { "type": "LineString", "coordinates": [ [ 73.0804081, 19.0458092 ], [ 73.0804448, 19.0460947 ], [ 73.0804494, 19.0461359 ], [ 73.0804985, 19.0465138 ], [ 73.0805844, 19.0471828 ], [ 73.080648, 19.0476782 ], [ 73.0806674, 19.0477188 ] ] } },
{ "type": "Feature", "properties": { "name": null, "highway": "residential" }, "geometry": { "type": "LineString", "coordinates": [ [ 73.0770971, 19.0521988 ], [ 73.078753, 19.0520045 ], [ 73.0793884, 19.0519328 ] ] } },
{ "type": "Feature", "properties": { "name": null, "highway": "residential" }, "geometry": { "type": "LineString", "coordinates": [ [ 73.077413, 19.0467232 ], [ 73.0775602, 19.0468633 ], [ 73.0778678, 19.0471655 ], [ 73.0782279, 19.047515 ], [ 73.0784314, 19.0477125 ], [ 73.0786105, 19.0478863 ], [ 73.079188, 19.04846 ], [ 73.0794776, 19.0487414 ], [ 73.0795676, 19.0488292 ] ] } },
{ "type": "Feature", "properties": { "name": null, "highway": "residential" }, "geometry": { "type": "LineString", "coordinates": [ [ 73.08125, 19.0419195 ], [ 73.0823313, 19.0417995 ], [ 73.082946, 19.0417312 ], [ 73.0833622, 19.0416852 ] ] } },
{ "type": "Feature", "properties": { "name": null, "highway": "residential" }, "geometry": { "type": "LineString", "coordinates": [ [ 73.0802843, 19.0523506 ], [ 73.0802655, 19.052209 ], [ 73.0802318, 19.0518251 ] ] } },
{ "type": "Feature", "properties": { "name": null, "highway": "residential" }, "geometry": { "type": "LineString", "coordinates": [ [ 73.0793675, 19.0459427 ], [ 73.0792839, 19.0459761 ], [ 73.0787185, 19.0464181 ] ] } },
{ "type": "Feature", "properties": { "name": "Sector 18th Road", "highway": "residential" }, "geometry": { "type": "LineString", "coordinates": [ [ 73.0796187, 19.0452269 ], [ 73.0796107, 19.0451308 ], [ 73.0795959, 19.0450107 ] ] } },
{ "type": "Feature", "properties": { "name": "Sector 18th Road", "highway": "residential" }, "geometry": { "type": "LineString", "coordinates": [ [ 73.0798798, 19.0472605 ], [ 73.0798534, 19.0469839 ], [ 73.0798264, 19.0466973 ], [ 73.0797724, 19.0463564 ], [ 73.0796959, 19.0459004 ] ] } },
{ "type": "Feature", "properties": { "name": null, "highway": "residential" }, "geometry": { "type": "LineString", "coordinates": [ [ 73.0808588, 19.0522831 ], [ 73.0808422, 19.0521397 ], [ 73.0808139, 19.0518075 ], [ 73.0807886, 19.0515113 ], [ 73.0807374, 19.0512129 ], [ 73.0807557, 19.0511124 ], [ 73.080778, 19.0510594 ], [ 73.08095, 19.0509187 ], [ 73.0811183, 19.0508962 ], [ 73.0811545, 19.0508708 ], [ 73.0810544, 19.0504737 ] ] } },
{ "type": "Feature", "properties": { "name": null, "highway": "residential" }, "geometry": { "type": "LineString", "coordinates": [ [ 73.083095, 19.0429152 ], [ 73.0831857, 19.0436375 ], [ 73.0833201, 19.0446915 ], [ 73.083326, 19.0447067 ] ] } },
{ "type": "Feature", "properties": { "name": null, "highway": "residential" }, "geometry": { "type": "LineString", "coordinates": [ [ 73.0761589, 19.0490714 ], [ 73.0763167, 19.0489416 ], [ 73.0763574, 19.0489082 ], [ 73.0764321, 19.0488467 ], [ 73.0770901, 19.0483056 ] ] } },
{ "type": "Feature", "properties": { "name": null, "highway": "residential" }, "geometry": { "type": "LineString", "coordinates": [ [ 73.076484, 19.0517163 ], [ 73.077059, 19.0516462 ], [ 73.0771977, 19.0516318 ], [ 73.0775092, 19.0515996 ], [ 73.0775369, 19.0515966 ], [ 73.0776991, 19.0515792 ], [ 73.078316, 19.0515173 ], [ 73.0785214, 19.051495 ], [ 73.0787132, 19.0514751 ], [ 73.0793343, 19.0514138 ] ] } },
{ "type": "Feature", "properties": { "name": null, "highway": "residential" }, "geometry": { "type": "LineString", "coordinates": [ [ 73.0796959, 19.0459004 ], [ 73.0801537, 19.0458418 ], [ 73.0804081, 19.0458092 ], [ 73.0806951, 19.0457897 ], [ 73.080938, 19.0457446 ], [ 73.0810588, 19.045725 ], [ 73.0814838, 19.0456725 ] ] } },
{ "type": "Feature", "properties": { "name": null, "highway": "residential" }, "geometry": { "type": "LineString", "coordinates": [ [ 73.075803, 19.0470693 ], [ 73.0759114, 19.0470577 ], [ 73.0759847, 19.0476442 ], [ 73.0760176, 19.047885 ], [ 73.0761589, 19.0490714 ], [ 73.0762077, 19.0494683 ], [ 73.0762209, 19.0495756 ], [ 73.0762449, 19.0498938 ], [ 73.0764057, 19.0510794 ], [ 73.076484, 19.0517163 ] ] } },
{ "type": "Feature", "properties": { "name": null, "highway": "residential" }, "geometry": { "type": "LineString", "coordinates": [ [ 73.0753219, 19.0479737 ], [ 73.0754345, 19.0479559 ], [ 73.0760176, 19.047885 ], [ 73.0764712, 19.0478609 ], [ 73.0765574, 19.0478924 ], [ 73.0766186, 19.0479267 ], [ 73.0766715, 19.0479536 ], [ 73.0768422, 19.0480455 ], [ 73.0770901, 19.0483056 ], [ 73.0771579, 19.0483768 ], [ 73.0775486, 19.0487811 ], [ 73.0778187, 19.0490661 ], [ 73.0778438, 19.0490919 ], [ 73.0779256, 19.0491762 ], [ 73.0781028, 19.0493403 ], [ 73.0785593, 19.0497632 ], [ 73.0788145, 19.050087 ], [ 73.0791518, 19.0504569 ], [ 73.0791956, 19.050505 ], [ 73.0792359, 19.0506004 ], [ 73.0792518, 19.0506664 ], [ 73.0793254, 19.0513468 ], [ 73.0793343, 19.0514138 ], [ 73.0793884, 19.0519328 ], [ 73.0794518, 19.0523036 ], [ 73.0794706, 19.0524462 ] ] } },
{ "type": "Feature", "properties": { "name": null, "highway": "residential" }, "geometry": { "type": "LineString", "coordinates": [ [ 73.078753, 19.0520045 ], [ 73.0787132, 19.0514751 ], [ 73.0786905, 19.0511321 ], [ 73.0786639, 19.0508842 ], [ 73.0786589, 19.0508403 ], [ 73.0786568, 19.0508222 ], [ 73.078632, 19.0507752 ], [ 73.0783721, 19.0505015 ], [ 73.0780372, 19.0501488 ] ] } },
{ "type": "Feature", "properties": { "name": null, "highway": "residential" }, "geometry": { "type": "LineString", "coordinates": [ [ 73.0822899, 19.05197 ], [ 73.0821384, 19.0507611 ], [ 73.082092, 19.0503912 ], [ 73.0818574, 19.0485792 ], [ 73.0817332, 19.0476203 ], [ 73.0817174, 19.0474968 ], [ 73.0816627, 19.0470696 ], [ 73.0816128, 19.0467313 ], [ 73.0816054, 19.046664 ], [ 73.0815704, 19.0463488 ], [ 73.0815287, 19.0460234 ], [ 73.0814838, 19.0456725 ], [ 73.081419, 19.0452248 ], [ 73.0813761, 19.0449285 ] ] } },
{ "type": "Feature", "properties": { "name": null, "highway": "residential" }, "geometry": { "type": "LineString", "coordinates": [ [ 73.0793254, 19.0513468 ], [ 73.0795933, 19.0513281 ], [ 73.0797169, 19.0513142 ], [ 73.0797559, 19.051287 ], [ 73.0798401, 19.0512029 ], [ 73.0798935, 19.0511208 ], [ 73.0799097, 19.0510543 ], [ 73.0799214, 19.0509376 ], [ 73.079945, 19.0508708 ], [ 73.0799829, 19.050804 ] ] } },
{ "type": "Feature", "properties": { "name": null, "highway": "residential" }, "geometry": { "type": "LineString", "coordinates": [ [ 73.0762449, 19.0498938 ], [ 73.0767585, 19.0494839 ], [ 73.0770976, 19.0491823 ], [ 73.0775486, 19.0487811 ], [ 73.0776926, 19.0486597 ], [ 73.0786105, 19.0478863 ] ] } },
{ "type": "Feature", "properties": { "name": null, "highway": "trunk" }, "geometry": { "type": "LineString", "coordinates": [ [ 73.0924608, 19.0665992 ], [ 73.0924118, 19.0666823 ], [ 73.0922095, 19.0670256 ], [ 73.0918933, 19.0675392 ], [ 73.0917112, 19.0678108 ], [ 73.0915762, 19.0680213 ], [ 73.0914358, 19.0682517 ], [ 73.0912434, 19.0686389 ], [ 73.0909589, 19.0692112 ], [ 73.090829, 19.0694946 ], [ 73.0907361, 19.0696773 ], [ 73.0906368, 19.0698559 ], [ 73.0905634, 19.0699881 ], [ 73.0905212, 19.0700684 ], [ 73.0903805, 19.0702654 ], [ 73.0901605, 19.0705872 ], [ 73.0900169, 19.0708265 ], [ 73.0899923, 19.0708642 ], [ 73.0898735, 19.0711141 ], [ 73.0896893, 19.0715791 ], [ 73.08912, 19.0730167 ], [ 73.0888801, 19.0736025 ], [ 73.0888105, 19.0737726 ], [ 73.0884203, 19.0748086 ], [ 73.0880128, 19.0758902 ], [ 73.0879051, 19.0762298 ], [ 73.0878792, 19.0763088 ], [ 73.0870595, 19.0788754 ], [ 73.0868329, 19.0795848 ], [ 73.0867592, 19.0797824 ], [ 73.0866872, 19.0799351 ], [ 73.0865598, 19.0801604 ], [ 73.0864173, 19.0803701 ], [ 73.0863818, 19.0804146 ], [ 73.08531, 19.0817598 ], [ 73.0851028, 19.0820197 ], [ 73.0849455, 19.0822071 ], [ 73.0849319, 19.0822215 ], [ 73.0845917, 19.0825808 ], [ 73.0844697, 19.0827097 ], [ 73.0839103, 19.0833006 ], [ 73.0837002, 19.0835342 ], [ 73.0835782, 19.0836698 ], [ 73.0834882, 19.0837699 ], [ 73.0834257, 19.0838415 ], [ 73.0830048, 19.0843237 ], [ 73.0826088, 19.0847832 ], [ 73.0823662, 19.0850647 ], [ 73.082192, 19.0852667 ], [ 73.0817765, 19.0857223 ], [ 73.0812782, 19.0862031 ], [ 73.0811573, 19.0863198 ], [ 73.0802086, 19.0872897 ], [ 73.0797863, 19.0877285 ], [ 73.0791781, 19.0883433 ], [ 73.0789902, 19.0885355 ], [ 73.0788706, 19.0886613 ], [ 73.0788438, 19.0886895 ], [ 73.0786629, 19.0889088 ], [ 73.078253, 19.0894558 ], [ 73.077138, 19.0908409 ], [ 73.0770996, 19.0908887 ], [ 73.0770563, 19.0909425 ], [ 73.0769033, 19.091133 ], [ 73.0768768, 19.091166 ], [ 73.076754, 19.0913187 ], [ 73.0766783, 19.0914128 ], [ 73.0762346, 19.0919858 ], [ 73.0754396, 19.0930663 ], [ 73.0752356, 19.0933874 ], [ 73.0750631, 19.0936741 ], [ 73.0749326, 19.0938636 ], [ 73.0749036, 19.0939057 ], [ 73.0748461, 19.093985 ], [ 73.0746263, 19.0942985 ], [ 73.0745944, 19.0943326 ], [ 73.0743905, 19.0945964 ], [ 73.074253, 19.0947553 ], [ 73.0742154, 19.0947987 ], [ 73.074086, 19.0949369 ], [ 73.0740754, 19.0949482 ], [ 73.0736046, 19.0953996 ], [ 73.0733047, 19.0957048 ], [ 73.0732513, 19.0957592 ], [ 73.0729185, 19.096149 ], [ 73.07285, 19.0962292 ], [ 73.0724784, 19.0966646 ], [ 73.0720848, 19.0970833 ], [ 73.0718899, 19.0972905 ], [ 73.0716552, 19.0976122 ] ] } },
{ "type": "Feature", "properties": { "name": "Kalamboli Link Road", "highway": "secondary" }, "geometry": { "type": "LineString", "coordinates": [ [ 73.0860886, 19.0336313 ], [ 73.0863149, 19.0340244 ] ] } },
{ "type": "Feature", "properties": { "name": "Kalamboli Link Road", "highway": "secondary" }, "geometry": { "type": "LineString", "coordinates": [ [ 73.0863911, 19.0339852 ], [ 73.0861648, 19.0335921 ] ] } },
{ "type": "Feature", "properties": { "name": "Kalamboli Link Road", "highway": "secondary" }, "geometry": { "type": "LineString", "coordinates": [ [ 73.0863149, 19.0340244 ], [ 73.0877527, 19.0365893 ], [ 73.0879003, 19.0368596 ], [ 73.0880665, 19.0371242 ], [ 73.0882297, 19.0373685 ], [ 73.0883963, 19.0375901 ], [ 73.0885573, 19.0377969 ], [ 73.0887165, 19.0379906 ], [ 73.0890028, 19.0383365 ], [ 73.0891597, 19.0385074 ], [ 73.0892825, 19.0386299 ], [ 73.0893904, 19.0387319 ], [ 73.0894905, 19.0388151 ], [ 73.0899876, 19.0391875 ], [ 73.0902088, 19.0393432 ], [ 73.0904295, 19.0394837 ], [ 73.0912215, 19.0399901 ], [ 73.0949911, 19.0424121 ], [ 73.0950697, 19.0424625 ], [ 73.0963269, 19.0432696 ], [ 73.0967406, 19.0435318 ], [ 73.0970024, 19.043693 ], [ 73.0971014, 19.0437463 ], [ 73.0971579, 19.0437768 ], [ 73.0973907, 19.043884 ], [ 73.0976248, 19.0439798 ], [ 73.0981114, 19.0441456 ], [ 73.0982686, 19.0441882 ], [ 73.0984875, 19.0442328 ], [ 73.0987306, 19.0442704 ], [ 73.0989955, 19.0443045 ], [ 73.0992217, 19.0443201 ], [ 73.099475, 19.044328 ], [ 73.0997099, 19.0443228 ], [ 73.1007364, 19.0442507 ], [ 73.1013451, 19.044208 ], [ 73.101684, 19.0441889 ], [ 73.1020325, 19.0441853 ], [ 73.1021773, 19.0441838 ], [ 73.1022914, 19.0441837 ], [ 73.1027441, 19.0442013 ], [ 73.1028005, 19.0442101 ], [ 73.1033886, 19.0442732 ], [ 73.1037598, 19.0443228 ], [ 73.1038509, 19.044335 ] ] } },
{ "type": "Feature", "properties": { "name": "Kalamboli Link Road", "highway": "secondary" }, "geometry": { "type": "LineString", "coordinates": [ [ 73.0861648, 19.0335921 ], [ 73.085991, 19.0332848 ], [ 73.0858625, 19.0330576 ], [ 73.0858223, 19.0329947 ], [ 73.085815, 19.0329832 ], [ 73.0856593, 19.0327393 ], [ 73.0854401, 19.0324508 ] ] } },
{ "type": "Feature", "properties": { "name": "Kopra Flyover", "highway": "motorway" }, "geometry": { "type": "LineString", "coordinates": [ [ 73.0746143, 19.0381591 ], [ 73.0751262, 19.0384071 ] ] } },
{ "type": "Feature", "properties": { "name": null, "highway": "motorway_link" }, "geometry": { "type": "LineString", "coordinates": [ [ 73.0885302, 19.0304585 ], [ 73.0879827, 19.0307224 ], [ 73.0858784, 19.032183 ], [ 73.085602, 19.0323572 ], [ 73.0854401, 19.0324508 ], [ 73.0853614, 19.0324991 ], [ 73.0846664, 19.0329073 ], [ 73.0840592, 19.0332607 ], [ 73.0836681, 19.0335919 ] ] } },
{ "type": "Feature", "properties": { "name": "Mansarovar Station Road", "highway": "secondary" }, "geometry": { "type": "LineString", "coordinates": [ [ 73.0840782, 19.0144716 ], [ 73.0841086, 19.0145619 ], [ 73.0841835, 19.014635 ], [ 73.0842531, 19.0147059 ], [ 73.0857255, 19.0161851 ] ] } },
{ "type": "Feature", "properties": { "name": "The Spring Road", "highway": "tertiary" }, "geometry": { "type": "LineString", "coordinates": [ [ 73.0879003, 19.0368596 ], [ 73.0879827, 19.0368149 ], [ 73.0881696, 19.0367297 ], [ 73.088577, 19.036544 ], [ 73.0888725, 19.0364092 ], [ 73.0891584, 19.0362789 ], [ 73.0896024, 19.0360955 ], [ 73.0896386, 19.0360785 ], [ 73.0898322, 19.0359872 ], [ 73.090367, 19.0357352 ], [ 73.0909433, 19.035494 ], [ 73.0910049, 19.0354632 ], [ 73.0912682, 19.0353304 ], [ 73.0913961, 19.0353006 ], [ 73.0915291, 19.0352918 ], [ 73.0919446, 19.0352931 ], [ 73.0921256, 19.0352937 ], [ 73.0924127, 19.0352946 ] ] } },
{ "type": "Feature", "properties": { "name": null, "highway": "residential" }, "geometry": { "type": "LineString", "coordinates": [ [ 73.0891584, 19.0362789 ], [ 73.0894374, 19.0367881 ], [ 73.0895898, 19.0370661 ], [ 73.0896064, 19.0370964 ], [ 73.0897586, 19.0373742 ], [ 73.089802, 19.0374534 ], [ 73.0898511, 19.0374998 ], [ 73.0899042, 19.0375295 ], [ 73.0903371, 19.0377917 ], [ 73.0907358, 19.0380319 ], [ 73.0912177, 19.0383249 ], [ 73.0912579, 19.0383494 ], [ 73.0913305, 19.0383809 ], [ 73.0914122, 19.0383933 ], [ 73.091552, 19.0383887 ], [ 73.0916846, 19.0383844 ], [ 73.0922634, 19.0383716 ] ] } },
{ "type": "Feature", "properties": { "name": null, "highway": "service" }, "geometry": { "type": "LineString", "coordinates": [ [ 73.0886315, 19.0310517 ], [ 73.0892164, 19.0318066 ] ] } },
{ "type": "Feature", "properties": { "name": null, "highway": "service" }, "geometry": { "type": "LineString", "coordinates": [ [ 73.0889021, 19.0308937 ], [ 73.0891865, 19.0312941 ], [ 73.0895077, 19.0317055 ] ] } },
{ "type": "Feature", "properties": { "name": null, "highway": "service" }, "geometry": { "type": "LineString", "coordinates": [ [ 73.0891865, 19.0312941 ], [ 73.0908104, 19.0301671 ], [ 73.0918624, 19.029437 ], [ 73.0920944, 19.0292665 ] ] } },
{ "type": "Feature", "properties": { "name": null, "highway": "tertiary" }, "geometry": { "type": "LineString", "coordinates": [ [ 73.086962, 19.0325836 ], [ 73.0869568, 19.0322567 ], [ 73.0869663, 19.0322131 ], [ 73.0870069, 19.0321657 ], [ 73.0880501, 19.0314469 ], [ 73.0886315, 19.0310517 ], [ 73.0889021, 19.0308937 ], [ 73.0905352, 19.0297976 ] ] } },
{ "type": "Feature", "properties": { "name": "Sion Panvel Highway", "highway": "motorway" }, "geometry": { "type": "LineString", "coordinates": [ [ 73.0471271, 19.0224535 ], [ 73.0467988, 19.0225013 ] ] } },
{ "type": "Feature", "properties": { "name": "Sion Panvel Highway", "highway": "motorway" }, "geometry": { "type": "LineString", "coordinates": [ [ 73.0468321, 19.0227057 ], [ 73.0471604, 19.0226579 ] ] } },
{ "type": "Feature", "properties": { "name": "Sion Panvel Highway", "highway": "motorway" }, "geometry": { "type": "LineString", "coordinates": [ [ 73.0471604, 19.0226579 ], [ 73.0488777, 19.0223887 ], [ 73.049126, 19.0223505 ], [ 73.0493658, 19.0223288 ], [ 73.0496066, 19.0223222 ], [ 73.0498473, 19.0223306 ], [ 73.0500869, 19.022354 ], [ 73.0503244, 19.0223924 ], [ 73.0505586, 19.0224455 ], [ 73.0507887, 19.0225131 ], [ 73.0510135, 19.0225949 ], [ 73.0512321, 19.0226906 ], [ 73.0514549, 19.0228056 ], [ 73.0532992, 19.023726 ], [ 73.0536019, 19.0238888 ], [ 73.0538925, 19.0240645 ], [ 73.0541794, 19.0242584 ], [ 73.0598596, 19.0281302 ], [ 73.0600858, 19.0282844 ], [ 73.0605246, 19.0285835 ], [ 73.0627074, 19.0300714 ] ] } },
{ "type": "Feature", "properties": { "name": "Sion-Panvel Highway", "highway": "motorway" }, "geometry": { "type": "LineString", "coordinates": [ [ 73.0467988, 19.0225013 ], [ 73.0451467, 19.0227623 ], [ 73.0446333, 19.0228434 ] ] } },
{ "type": "Feature", "properties": { "name": "Kharghar Station Road", "highway": "tertiary" }, "geometry": { "type": "LineString", "coordinates": [ [ 73.0714203, 19.0353094 ], [ 73.070698, 19.0348311 ] ] } },
{ "type": "Feature", "properties": { "name": null, "highway": "trunk" }, "geometry": { "type": "LineString", "coordinates": [ [ 73.0717989, 19.097698 ], [ 73.072035, 19.0973881 ], [ 73.0722454, 19.0970942 ], [ 73.0725355, 19.0967122 ], [ 73.0729754, 19.0961968 ], [ 73.0733089, 19.0958062 ], [ 73.0736595, 19.0954493 ], [ 73.074131, 19.0949972 ], [ 73.0742733, 19.0948453 ], [ 73.0744506, 19.0946403 ], [ 73.0746565, 19.0943741 ], [ 73.0747168, 19.0942908 ], [ 73.0749669, 19.0939456 ], [ 73.0749961, 19.0939032 ], [ 73.0751281, 19.0937115 ], [ 73.0753013, 19.0934237 ], [ 73.0754565, 19.0931793 ], [ 73.0755033, 19.0931056 ], [ 73.0763057, 19.0920345 ], [ 73.0767396, 19.0914553 ], [ 73.0769639, 19.0911764 ], [ 73.0771985, 19.0908844 ], [ 73.077812, 19.0901367 ], [ 73.0783143, 19.0894984 ], [ 73.078724, 19.0889516 ], [ 73.0789022, 19.0887356 ], [ 73.0790464, 19.0885838 ], [ 73.079234, 19.0883921 ], [ 73.0805007, 19.087097 ], [ 73.0806673, 19.0869266 ], [ 73.0812124, 19.0863693 ], [ 73.0818326, 19.085771 ], [ 73.0822503, 19.0853129 ], [ 73.0826698, 19.0848262 ], [ 73.0830636, 19.0843692 ], [ 73.0831608, 19.0842579 ], [ 73.0835465, 19.0838161 ], [ 73.0837532, 19.0835863 ], [ 73.0839676, 19.0833478 ], [ 73.0839809, 19.0833337 ], [ 73.0846486, 19.0826284 ], [ 73.0849771, 19.0822815 ], [ 73.0850037, 19.0822534 ], [ 73.0851629, 19.0820636 ], [ 73.0853707, 19.081803 ], [ 73.0860287, 19.0809774 ], [ 73.086446, 19.0804537 ], [ 73.0864798, 19.0804112 ], [ 73.0866255, 19.0801968 ], [ 73.0867555, 19.0799667 ], [ 73.0868299, 19.0798091 ], [ 73.0869052, 19.0796071 ], [ 73.0871308, 19.0789005 ], [ 73.0879528, 19.0763268 ], [ 73.0879752, 19.0762583 ], [ 73.088085, 19.0759127 ], [ 73.0888818, 19.0737976 ], [ 73.0891911, 19.0730422 ], [ 73.0893979, 19.0725199 ], [ 73.0899439, 19.0711415 ], [ 73.0900601, 19.0708969 ], [ 73.0900793, 19.0708654 ], [ 73.0902255, 19.0706246 ], [ 73.0904447, 19.0703039 ], [ 73.0906294, 19.0700239 ], [ 73.0906939, 19.0699079 ], [ 73.0908041, 19.0697096 ], [ 73.0908982, 19.0695245 ], [ 73.0910282, 19.0692408 ], [ 73.0913136, 19.0686667 ], [ 73.0915033, 19.068285 ], [ 73.0916416, 19.0680578 ], [ 73.0917759, 19.0678486 ], [ 73.0919575, 19.0675777 ], [ 73.0923045, 19.0670743 ], [ 73.0926002, 19.0666662 ] ] } },
{ "type": "Feature", "properties": { "name": null, "highway": "primary" }, "geometry": { "type": "LineString", "coordinates": [ [ 73.0879752, 19.0762583 ], [ 73.0879051, 19.0762298 ], [ 73.0878138, 19.0761845 ], [ 73.0877035, 19.076108 ], [ 73.0875792, 19.0760181 ], [ 73.0866479, 19.0752996 ], [ 73.0858111, 19.0746506 ], [ 73.0850283, 19.0740452 ], [ 73.0836658, 19.0729912 ], [ 73.083381, 19.0727709 ] ] } },
{ "type": "Feature", "properties": { "name": null, "highway": "tertiary" }, "geometry": { "type": "LineString", "coordinates": [ [ 73.0880646, 19.0130337 ], [ 73.087951, 19.0130578 ], [ 73.0874846, 19.0136907 ], [ 73.0868238, 19.0146351 ], [ 73.0863559, 19.0153038 ], [ 73.0857917, 19.0160913 ], [ 73.0857255, 19.0161851 ] ] } },
{ "type": "Feature", "properties": { "name": null, "highway": "tertiary" }, "geometry": { "type": "LineString", "coordinates": [ [ 73.0857971, 19.0162757 ], [ 73.0858635, 19.016182 ], [ 73.0861517, 19.0157819 ], [ 73.0861775, 19.0157461 ], [ 73.0862693, 19.0156186 ], [ 73.0863757, 19.0154709 ], [ 73.0864407, 19.0153806 ], [ 73.0868261, 19.0148072 ], [ 73.086862, 19.0147573 ], [ 73.0870735, 19.0144632 ], [ 73.0875815, 19.0137568 ], [ 73.0880494, 19.0131376 ], [ 73.0880646, 19.0130337 ] ] } },
{ "type": "Feature", "properties": { "name": "Mansarovar Station Road", "highway": "secondary" }, "geometry": { "type": "LineString", "coordinates": [ [ 73.0857255, 19.0161851 ], [ 73.0857971, 19.0162757 ], [ 73.086729, 19.0174555 ], [ 73.0868178, 19.0175648 ], [ 73.0872519, 19.0181399 ], [ 73.0875742, 19.0185821 ] ] } },
{ "type": "Feature", "properties": { "name": "Sector 36 Seaface", "highway": "residential" }, "geometry": { "type": "LineString", "coordinates": [ [ 73.0894973, 19.0262638 ], [ 73.0896226, 19.0263411 ], [ 73.0905392, 19.0263852 ], [ 73.090703, 19.026389 ], [ 73.0911787, 19.0264 ], [ 73.0912831, 19.0263933 ], [ 73.0913624, 19.0263721 ], [ 73.0914406, 19.0263359 ], [ 73.0928145, 19.0253713 ], [ 73.0928826, 19.0252548 ] ] } },
{ "type": "Feature", "properties": { "name": "Sector 36 Seaface", "highway": "residential" }, "geometry": { "type": "LineString", "coordinates": [ [ 73.0928826, 19.0252548 ], [ 73.0927368, 19.0252913 ], [ 73.0921038, 19.0257491 ], [ 73.0918755, 19.0259143 ], [ 73.0918276, 19.0259461 ], [ 73.0914405, 19.0262037 ], [ 73.0913806, 19.0262436 ], [ 73.0913215, 19.026271 ], [ 73.0912635, 19.0262865 ], [ 73.0911762, 19.0262921 ], [ 73.0907047, 19.0262812 ], [ 73.0905435, 19.0262775 ], [ 73.0899974, 19.0262512 ], [ 73.0896284, 19.0262334 ], [ 73.0894973, 19.0262638 ] ] } },
{ "type": "Feature", "properties": { "name": null, "highway": "residential" }, "geometry": { "type": "LineString", "coordinates": [ [ 73.0894973, 19.0262638 ], [ 73.0894654, 19.026244 ], [ 73.0894321, 19.026208 ], [ 73.0894138, 19.0261682 ], [ 73.0894099, 19.0261179 ], [ 73.0894325, 19.025481 ], [ 73.0894395, 19.0252852 ], [ 73.0894372, 19.0252226 ], [ 73.0894237, 19.0251717 ], [ 73.0893912, 19.0251196 ], [ 73.0890629, 19.024704 ], [ 73.089039, 19.0246737 ], [ 73.0884564, 19.0239361 ] ] } },
{ "type": "Feature", "properties": { "name": null, "highway": "residential" }, "geometry": { "type": "LineString", "coordinates": [ [ 73.0879589, 19.0225252 ], [ 73.0881323, 19.0227272 ], [ 73.0881783, 19.0227807 ], [ 73.0883184, 19.022944 ], [ 73.0884349, 19.0230711 ], [ 73.0886187, 19.0233124 ], [ 73.0888704, 19.0236429 ] ] } },
{ "type": "Feature", "properties": { "name": null, "highway": "residential" }, "geometry": { "type": "LineString", "coordinates": [ [ 73.0882928, 19.0252249 ], [ 73.0887379, 19.0249238 ], [ 73.0890629, 19.024704 ] ] } },
{ "type": "Feature", "properties": { "name": null, "highway": "residential" }, "geometry": { "type": "LineString", "coordinates": [ [ 73.0885054, 19.0213251 ], [ 73.087975, 19.0217171 ], [ 73.0876258, 19.0219752 ], [ 73.0871548, 19.0223233 ], [ 73.0866756, 19.0226775 ] ] } },
{ "type": "Feature", "properties": { "name": null, "highway": "residential" }, "geometry": { "type": "LineString", "coordinates": [ [ 73.0894372, 19.0252226 ], [ 73.0901388, 19.0250355 ], [ 73.0907554, 19.0248711 ] ] } },
{ "type": "Feature", "properties": { "name": "Sector 35 Seaface", "highway": "residential" }, "geometry": { "type": "LineString", "coordinates": [ [ 73.0889285, 19.0218471 ], [ 73.0888956, 19.0218062 ], [ 73.0887447, 19.0216184 ] ] } },
{ "type": "Feature", "properties": { "name": null, "highway": "residential" }, "geometry": { "type": "LineString", "coordinates": [ [ 73.0855207, 19.0212613 ], [ 73.0864646, 19.0205575 ], [ 73.0874261, 19.0199249 ] ] } },
{ "type": "Feature", "properties": { "name": null, "highway": "residential" }, "geometry": { "type": "LineString", "coordinates": [ [ 73.0852152, 19.020882 ], [ 73.0871162, 19.0195438 ] ] } },
{ "type": "Feature", "properties": { "name": "Sector 35 Seaface", "highway": "residential" }, "geometry": { "type": "LineString", "coordinates": [ [ 73.0885054, 19.0213251 ], [ 73.0882819, 19.0210256 ], [ 73.0878584, 19.0204578 ] ] } },
{ "type": "Feature", "properties": { "name": "Sector 35 Seaface", "highway": "residential" }, "geometry": { "type": "LineString", "coordinates": [ [ 73.087076, 19.0231729 ], [ 73.0875539, 19.02278 ], [ 73.087571, 19.022766 ], [ 73.0877357, 19.0226592 ], [ 73.087786, 19.022629 ], [ 73.0879589, 19.0225252 ] ] } },
{ "type": "Feature", "properties": { "name": "Sector 34 Seaface", "highway": "residential" }, "geometry": { "type": "LineString", "coordinates": [ [ 73.0868189, 19.0173901 ], [ 73.086729, 19.0174555 ], [ 73.0851398, 19.018589 ], [ 73.0850732, 19.0186407 ], [ 73.0850374, 19.01873 ], [ 73.0850692, 19.0188121 ] ] } },
{ "type": "Feature", "properties": { "name": "Sector 34 Seaface", "highway": "residential" }, "geometry": { "type": "LineString", "coordinates": [ [ 73.0850692, 19.0188121 ], [ 73.0851613, 19.018742 ], [ 73.0852726, 19.0186647 ], [ 73.0854009, 19.0185734 ], [ 73.0854707, 19.0185237 ], [ 73.0859157, 19.0182069 ], [ 73.0863436, 19.0179024 ], [ 73.0868178, 19.0175648 ], [ 73.0869087, 19.0175037 ] ] } },
{ "type": "Feature", "properties": { "name": "Sector 34", "highway": "residential" }, "geometry": { "type": "LineString", "coordinates": [ [ 73.0859829, 19.0218102 ], [ 73.0863534, 19.021543 ], [ 73.0863854, 19.0215199 ], [ 73.0867414, 19.0212632 ], [ 73.0868521, 19.0212075 ], [ 73.0868667, 19.0211962 ], [ 73.0868847, 19.0211823 ], [ 73.0869334, 19.0211447 ], [ 73.0872424, 19.0209064 ], [ 73.0873288, 19.0208397 ], [ 73.0875557, 19.0206761 ], [ 73.0878271, 19.0204804 ], [ 73.0878429, 19.020469 ], [ 73.0878584, 19.0204578 ] ] } },
{ "type": "Feature", "properties": { "name": "Sky Ave Road", "highway": "residential" }, "geometry": { "type": "LineString", "coordinates": [ [ 73.0867358, 19.0191267 ], [ 73.0871162, 19.0195438 ], [ 73.0874261, 19.0199249 ], [ 73.0878584, 19.0204578 ] ] } },
{ "type": "Feature", "properties": { "name": "Sector 34 Seaface", "highway": "residential" }, "geometry": { "type": "LineString", "coordinates": [ [ 73.0849511, 19.0204522 ], [ 73.0849722, 19.0204134 ], [ 73.0849944, 19.0203901 ], [ 73.0856516, 19.0199314 ], [ 73.0857963, 19.0197677 ] ] } },
{ "type": "Feature", "properties": { "name": "Sector 34 Seaface", "highway": "residential" }, "geometry": { "type": "LineString", "coordinates": [ [ 73.0850692, 19.0188121 ], [ 73.0850899, 19.0188527 ], [ 73.0851178, 19.0189134 ], [ 73.0851527, 19.0189651 ], [ 73.0855266, 19.019414 ], [ 73.0856, 19.019509 ], [ 73.0856576, 19.0195849 ], [ 73.0857963, 19.0197677 ] ] } },
{ "type": "Feature", "properties": { "name": null, "highway": "residential" }, "geometry": { "type": "LineString", "coordinates": [ [ 73.090703, 19.026389 ], [ 73.0907047, 19.0262812 ], [ 73.0907243, 19.0258304 ], [ 73.0907303, 19.0256909 ], [ 73.0907319, 19.025653 ], [ 73.090743, 19.0253984 ], [ 73.0907633, 19.0249317 ], [ 73.0907554, 19.0248711 ], [ 73.0907393, 19.0248217 ], [ 73.0907295, 19.0247816 ], [ 73.0906683, 19.0246905 ], [ 73.0905539, 19.0245912 ], [ 73.0905454, 19.0245838 ], [ 73.0904176, 19.0244444 ], [ 73.0902702, 19.0242479 ], [ 73.0900809, 19.0239738 ], [ 73.0898528, 19.0236955 ], [ 73.0894647, 19.023222 ] ] } },
{ "type": "Feature", "properties": { "name": "Sector 35 Seaface", "highway": "residential" }, "geometry": { "type": "LineString", "coordinates": [ [ 73.0859829, 19.0218102 ], [ 73.0866756, 19.0226775 ], [ 73.087076, 19.0231729 ] ] } },
{ "type": "Feature", "properties": { "name": null, "highway": "residential" }, "geometry": { "type": "LineString", "coordinates": [ [ 73.0893547, 19.0157235 ], [ 73.0896926, 19.0161352 ], [ 73.0897274, 19.0161776 ], [ 73.0898091, 19.0162771 ], [ 73.0898572, 19.0163357 ], [ 73.0898759, 19.016349 ], [ 73.0899083, 19.016372 ], [ 73.089963, 19.0163927 ], [ 73.0900306, 19.0163961 ], [ 73.090109, 19.016384 ], [ 73.0901784, 19.0163651 ], [ 73.0902543, 19.016344 ], [ 73.0903175, 19.0163306 ], [ 73.0903783, 19.0162888 ], [ 73.0907225, 19.0160522 ], [ 73.0907782, 19.0160139 ], [ 73.0908985, 19.0159312 ], [ 73.0909484, 19.0158969 ], [ 73.0911141, 19.015783 ], [ 73.0912367, 19.0156934 ], [ 73.0912587, 19.0156796 ], [ 73.0913381, 19.0156297 ], [ 73.0913594, 19.015589 ], [ 73.0914263, 19.0153611 ], [ 73.0914439, 19.0152374 ], [ 73.0914517, 19.0151825 ], [ 73.0914963, 19.0147045 ] ] } },
{ "type": "Feature", "properties": { "name": null, "highway": "residential" }, "geometry": { "type": "LineString", "coordinates": [ [ 73.0879234, 19.0141905 ], [ 73.088552, 19.0137416 ], [ 73.0885909, 19.0137145 ], [ 73.0888949, 19.0135025 ], [ 73.0892759, 19.0132368 ] ] } },
{ "type": "Feature", "properties": { "name": null, "highway": "residential" }, "geometry": { "type": "LineString", "coordinates": [ [ 73.0903225, 19.020666 ], [ 73.0899962, 19.0202192 ], [ 73.089857, 19.0200314 ], [ 73.0898301, 19.0199611 ], [ 73.0898434, 19.0199214 ] ] } },
{ "type": "Feature", "properties": { "name": null, "highway": "tertiary" }, "geometry": { "type": "LineString", "coordinates": [ [ 73.0900468, 19.0189574 ], [ 73.0897064, 19.0185192 ], [ 73.0895073, 19.0182614 ], [ 73.0892665, 19.0179495 ], [ 73.0892122, 19.0178792 ], [ 73.0885798, 19.0170604 ], [ 73.0881891, 19.0165516 ] ] } },
{ "type": "Feature", "properties": { "name": null, "highway": "residential" }, "geometry": { "type": "LineString", "coordinates": [ [ 73.087279, 19.0153918 ], [ 73.0874554, 19.0156004 ], [ 73.0876394, 19.0158391 ], [ 73.0876795, 19.015891 ], [ 73.0877373, 19.015966 ], [ 73.087976, 19.016292 ], [ 73.0881891, 19.0165516 ] ] } },
{ "type": "Feature", "properties": { "name": null, "highway": "residential" }, "geometry": { "type": "LineString", "coordinates": [ [ 73.0884979, 19.0124436 ], [ 73.0889584, 19.0128739 ], [ 73.0891229, 19.0130619 ], [ 73.0892384, 19.013194 ], [ 73.0892759, 19.0132368 ], [ 73.0896404, 19.0136932 ] ] } },
{ "type": "Feature", "properties": { "name": null, "highway": "residential" }, "geometry": { "type": "LineString", "coordinates": [ [ 73.0896404, 19.0136932 ], [ 73.0901806, 19.0137702 ], [ 73.0902043, 19.0137741 ], [ 73.0906128, 19.0138409 ], [ 73.0910005, 19.0138846 ] ] } },
{ "type": "Feature", "properties": { "name": null, "highway": "residential" }, "geometry": { "type": "LineString", "coordinates": [ [ 73.087279, 19.0153918 ], [ 73.0873455, 19.0153425 ], [ 73.0876114, 19.0151455 ], [ 73.0879637, 19.0148844 ], [ 73.0882841, 19.0146715 ], [ 73.0890031, 19.0141468 ], [ 73.0891759, 19.0140238 ], [ 73.0893856, 19.0138746 ], [ 73.0896404, 19.0136932 ] ] } },
{ "type": "Feature", "properties": { "name": null, "highway": "tertiary" }, "geometry": { "type": "LineString", "coordinates": [ [ 73.0892173, 19.0158211 ], [ 73.0887001, 19.0151693 ], [ 73.0884746, 19.0149016 ], [ 73.0882841, 19.0146715 ], [ 73.0879234, 19.0141905 ], [ 73.0875815, 19.0137568 ], [ 73.0874846, 19.0136907 ] ] } },
{ "type": "Feature", "properties": { "name": null, "highway": "residential" }, "geometry": { "type": "LineString", "coordinates": [ [ 73.0896404, 19.0136932 ], [ 73.0898984, 19.013324 ], [ 73.0900855, 19.0130591 ], [ 73.0900885, 19.0130521 ], [ 73.0901364, 19.0129398 ], [ 73.0901476, 19.0129049 ], [ 73.0901812, 19.0127958 ], [ 73.0901882, 19.0127448 ], [ 73.0902383, 19.0123696 ] ] } },
{ "type": "Feature", "properties": { "name": null, "highway": "residential" }, "geometry": { "type": "LineString", "coordinates": [ [ 73.0898434, 19.0199214 ], [ 73.0903103, 19.0195381 ], [ 73.0903587, 19.0195174 ], [ 73.0904271, 19.019507 ], [ 73.0904773, 19.0195036 ], [ 73.0910032, 19.019503 ] ] } },
{ "type": "Feature", "properties": { "name": null, "highway": "residential" }, "geometry": { "type": "LineString", "coordinates": [ [ 73.0876795, 19.015891 ], [ 73.0886413, 19.0152108 ], [ 73.0887001, 19.0151693 ], [ 73.0893542, 19.0147067 ], [ 73.0895518, 19.0145669 ], [ 73.0899423, 19.0142907 ], [ 73.0900408, 19.0142211 ], [ 73.0900718, 19.0141942 ], [ 73.0900847, 19.0141686 ], [ 73.0900937, 19.0141406 ], [ 73.0901806, 19.0137702 ] ] } },
{ "type": "Feature", "properties": { "name": null, "highway": "tertiary" }, "geometry": { "type": "LineString", "coordinates": [ [ 73.0887415, 19.019821 ], [ 73.0892358, 19.0194681 ], [ 73.0897036, 19.019116 ], [ 73.0898107, 19.0190538 ], [ 73.0899371, 19.0189916 ], [ 73.0900468, 19.0189574 ], [ 73.0901694, 19.0189367 ], [ 73.0909921, 19.0189596 ], [ 73.0914404, 19.0189716 ], [ 73.0919675, 19.0189868 ] ] } },
{ "type": "Feature", "properties": { "name": null, "highway": "service" }, "geometry": { "type": "LineString", "coordinates": [ [ 73.0824153, 19.0168205 ], [ 73.0827492, 19.0171106 ], [ 73.082798, 19.0171424 ], [ 73.0828501, 19.0171624 ], [ 73.0829055, 19.0171667 ], [ 73.0829583, 19.017158 ], [ 73.0830078, 19.0171393 ], [ 73.0830493, 19.0171075 ], [ 73.0836534, 19.0164751 ], [ 73.0836831, 19.0164221 ], [ 73.0836956, 19.0163779 ], [ 73.0836956, 19.0163267 ], [ 73.0836791, 19.0162725 ], [ 73.0836501, 19.0162332 ], [ 73.0830491, 19.0157237 ] ] } },
{ "type": "Feature", "properties": { "name": null, "highway": "track" }, "geometry": { "type": "LineString", "coordinates": [ [ 73.0814782, 19.0178102 ], [ 73.0820038, 19.0182975 ] ] } },
{ "type": "Feature", "properties": { "name": null, "highway": "residential" }, "geometry": { "type": "LineString", "coordinates": [ [ 73.0842523, 19.014567 ], [ 73.0848698, 19.0139577 ] ] } },
{ "type": "Feature", "properties": { "name": null, "highway": "track" }, "geometry": { "type": "LineString", "coordinates": [ [ 73.0820826, 19.0182197 ], [ 73.0815594, 19.0177214 ] ] } },
{ "type": "Feature", "properties": { "name": null, "highway": "track" }, "geometry": { "type": "LineString", "coordinates": [ [ 73.0820038, 19.0182975 ], [ 73.0820826, 19.0182197 ] ] } },
{ "type": "Feature", "properties": { "name": null, "highway": "residential" }, "geometry": { "type": "LineString", "coordinates": [ [ 73.0842151, 19.0133646 ], [ 73.0848698, 19.0139577 ], [ 73.0863559, 19.0153038 ], [ 73.0864407, 19.0153806 ] ] } },
{ "type": "Feature", "properties": { "name": "Kharghar Station Skywalk", "highway": "footway" }, "geometry": { "type": "LineString", "coordinates": [ [ 73.0632919, 19.0348848 ], [ 73.063759, 19.034567 ], [ 73.0641907, 19.0342734 ], [ 73.0644358, 19.034002 ], [ 73.0650707, 19.033141 ], [ 73.0655391, 19.0324898 ], [ 73.0654271, 19.0321935 ], [ 73.0589696, 19.027802 ], [ 73.0586806, 19.0276311 ], [ 73.0575004, 19.0268164 ] ] } },
{ "type": "Feature", "properties": { "name": "Kharghar Station Skywalk", "highway": "footway" }, "geometry": { "type": "LineString", "coordinates": [ [ 73.06545, 19.0333947 ], [ 73.0650707, 19.033141 ] ] } },
{ "type": "Feature", "properties": { "name": "Kharghar Station Skywalk", "highway": "footway" }, "geometry": { "type": "LineString", "coordinates": [ [ 73.063759, 19.034567 ], [ 73.0640433, 19.0349594 ] ] } },
{ "type": "Feature", "properties": { "name": null, "highway": "path" }, "geometry": { "type": "LineString", "coordinates": [ [ 73.0718721, 19.0440833 ], [ 73.0725726, 19.0440107 ], [ 73.0726452, 19.0440039 ], [ 73.0735078, 19.0439335 ], [ 73.0736599, 19.0439211 ], [ 73.0741846, 19.0438782 ], [ 73.074447, 19.044137 ], [ 73.0748962, 19.0445801 ], [ 73.0749756, 19.0447832 ], [ 73.0750433, 19.0450436 ], [ 73.075111, 19.0454961 ], [ 73.0751227, 19.0456506 ], [ 73.0751317, 19.04565 ], [ 73.0751659, 19.0456459 ] ] } },
{ "type": "Feature", "properties": { "name": null, "highway": "footway" }, "geometry": { "type": "LineString", "coordinates": [ [ 73.0745423, 19.0476599 ], [ 73.074603, 19.0475796 ], [ 73.0752615, 19.0474909 ] ] } },
{ "type": "Feature", "properties": { "name": null, "highway": "path" }, "geometry": { "type": "LineString", "coordinates": [ [ 73.0715357, 19.04491 ], [ 73.0715973, 19.0440415 ] ] } },
{ "type": "Feature", "properties": { "name": null, "highway": "residential" }, "geometry": { "type": "LineString", "coordinates": [ [ 73.079001, 19.0122601 ], [ 73.0788724, 19.0120025 ], [ 73.0786911, 19.0116849 ], [ 73.078587, 19.0114738 ], [ 73.0785331, 19.0113654 ], [ 73.0784639, 19.0111 ], [ 73.0784134, 19.0108169 ], [ 73.0784271, 19.0106886 ], [ 73.0784683, 19.0106458 ], [ 73.0785719, 19.0105808 ], [ 73.0787284, 19.0105274 ], [ 73.0788924, 19.0105487 ], [ 73.0790602, 19.0106717 ], [ 73.0793099, 19.0108877 ], [ 73.0793745, 19.0110444 ], [ 73.079413, 19.0112107 ], [ 73.0794386, 19.0112608 ], [ 73.0794648, 19.0112899 ], [ 73.0795573, 19.0113525 ], [ 73.0799239, 19.0114778 ] ] } },
{ "type": "Feature", "properties": { "name": null, "highway": "track" }, "geometry": { "type": "LineString", "coordinates": [ [ 73.0788378, 19.007189 ], [ 73.078752, 19.0072955 ], [ 73.0787145, 19.0073729 ], [ 73.0786823, 19.0074946 ], [ 73.0786608, 19.0076024 ], [ 73.078642, 19.007648 ], [ 73.0785924, 19.0076848 ], [ 73.0785659, 19.0077305 ], [ 73.0785633, 19.0077689 ], [ 73.0786001, 19.0079802 ], [ 73.0785951, 19.0080309 ], [ 73.0785656, 19.0081007 ], [ 73.0785106, 19.0081603 ], [ 73.0784529, 19.0082199 ], [ 73.0784208, 19.0082883 ], [ 73.0783939, 19.0083974 ], [ 73.0783604, 19.0088222 ], [ 73.0783753, 19.0091104 ], [ 73.078406, 19.0092482 ], [ 73.0784489, 19.0094828 ], [ 73.0784892, 19.0098581 ], [ 73.0784978, 19.0100606 ], [ 73.0785039, 19.0101865 ], [ 73.0785025, 19.0103615 ], [ 73.0784683, 19.0106458 ] ] } },
{ "type": "Feature", "properties": { "name": null, "highway": "residential" }, "geometry": { "type": "LineString", "coordinates": [ [ 73.0814952, 19.0134785 ], [ 73.0812408, 19.0134999 ], [ 73.0810306, 19.0134587 ], [ 73.0809563, 19.0134 ], [ 73.0809128, 19.013368 ], [ 73.0807733, 19.0132094 ], [ 73.0806111, 19.0130258 ], [ 73.080417, 19.0128797 ], [ 73.0801073, 19.0127837 ], [ 73.07971, 19.0126979 ], [ 73.0796405, 19.0126663 ], [ 73.0795439, 19.0126184 ], [ 73.0794067, 19.0125652 ], [ 73.0793195, 19.0125101 ], [ 73.079242, 19.0124388 ], [ 73.0790755, 19.0123311 ], [ 73.079001, 19.0122601 ] ] } },
{ "type": "Feature", "properties": { "name": null, "highway": "residential" }, "geometry": { "type": "LineString", "coordinates": [ [ 73.0809563, 19.0134 ], [ 73.0808331, 19.0136032 ], [ 73.0807181, 19.0137957 ], [ 73.0806239, 19.0138812 ], [ 73.0805108, 19.0139187 ], [ 73.0803901, 19.0139302 ], [ 73.0802779, 19.0139677 ], [ 73.080195, 19.0140853 ], [ 73.0801347, 19.0142929 ], [ 73.0801461, 19.0144179 ], [ 73.08016, 19.0145693 ], [ 73.080126, 19.0149667 ], [ 73.0800823, 19.0152614 ], [ 73.080137, 19.0153737 ], [ 73.0802482, 19.01542 ], [ 73.0804555, 19.01542 ], [ 73.0807768, 19.0153624 ], [ 73.0809528, 19.0152969 ], [ 73.0811234, 19.0151734 ] ] } },
{ "type": "Feature", "properties": { "name": null, "highway": "residential" }, "geometry": { "type": "LineString", "coordinates": [ [ 73.0801461, 19.0144179 ], [ 73.0798672, 19.0143797 ], [ 73.0795769, 19.0143173 ], [ 73.0790265, 19.014003 ], [ 73.0788841, 19.0139219 ], [ 73.0787965, 19.0137722 ], [ 73.078738, 19.0135985 ], [ 73.0786721, 19.0134247 ], [ 73.078656, 19.0133338 ], [ 73.0786702, 19.0132402 ], [ 73.0786895, 19.013154 ], [ 73.0786452, 19.0131104 ], [ 73.0786092, 19.0131003 ], [ 73.0785092, 19.0131066 ], [ 73.0783279, 19.0131217 ], [ 73.0782586, 19.0131267 ], [ 73.078172, 19.0130902 ], [ 73.0781213, 19.0130121 ], [ 73.0780427, 19.0128999 ], [ 73.077996, 19.0128457 ], [ 73.077912, 19.012818 ], [ 73.0777974, 19.0128155 ], [ 73.0776921, 19.012794 ], [ 73.0775841, 19.012731 ], [ 73.0774375, 19.0126113 ], [ 73.0773779, 19.0124928 ], [ 73.0773599, 19.0123087 ], [ 73.0774165, 19.0120628 ], [ 73.0773825, 19.0119505 ], [ 73.077424, 19.0118114 ] ] } },
{ "type": "Feature", "properties": { "name": null, "highway": "footway" }, "geometry": { "type": "LineString", "coordinates": [ [ 73.0425891, 19.0145172 ], [ 73.0449696, 19.0169665 ], [ 73.045001, 19.0169876 ], [ 73.0458914, 19.0176255 ], [ 73.0457772, 19.0177712 ], [ 73.0457513, 19.0178043 ] ] } },
{ "type": "Feature", "properties": { "name": null, "highway": "footway" }, "geometry": { "type": "LineString", "coordinates": [ [ 73.0888956, 19.0218062 ], [ 73.0889438, 19.0217698 ], [ 73.0896245, 19.021272 ], [ 73.0897002, 19.0212188 ] ] } },
{ "type": "Feature", "properties": { "name": null, "highway": "residential" }, "geometry": { "type": "LineString", "coordinates": [ [ 73.0889171, 19.0190662 ], [ 73.0886881, 19.0187875 ], [ 73.0886082, 19.0186903 ], [ 73.0886056, 19.0186372 ], [ 73.0886346, 19.0186048 ], [ 73.0886628, 19.0186012 ], [ 73.0888841, 19.0186245 ] ] } },
{ "type": "Feature", "properties": { "name": null, "highway": "service" }, "geometry": { "type": "LineString", "coordinates": [ [ 73.0893667, 19.0203671 ], [ 73.0897655, 19.0200891 ], [ 73.0899211, 19.0202722 ] ] } },
{ "type": "Feature", "properties": { "name": null, "highway": "residential" }, "geometry": { "type": "LineString", "coordinates": [ [ 73.0881153, 19.0132171 ], [ 73.0884901, 19.0136686 ] ] } },
{ "type": "Feature", "properties": { "name": null, "highway": "residential" }, "geometry": { "type": "LineString", "coordinates": [ [ 73.0893345, 19.0187772 ], [ 73.0897064, 19.0185192 ] ] } },
{ "type": "Feature", "properties": { "name": null, "highway": "residential" }, "geometry": { "type": "LineString", "coordinates": [ [ 73.0885798, 19.0170604 ], [ 73.088114, 19.0173853 ], [ 73.0878271, 19.0175854 ], [ 73.0878015, 19.0176268 ], [ 73.0877999, 19.0176644 ], [ 73.0879195, 19.0178106 ], [ 73.0882968, 19.0182717 ], [ 73.0883943, 19.0183049 ], [ 73.0885032, 19.0183169 ], [ 73.0890053, 19.0183723 ], [ 73.0891041, 19.0184256 ], [ 73.0893345, 19.0187772 ], [ 73.0889171, 19.0190662 ], [ 73.0892358, 19.0194681 ] ] } },
{ "type": "Feature", "properties": { "name": null, "highway": "residential" }, "geometry": { "type": "LineString", "coordinates": [ [ 73.0447103, 19.0329622 ], [ 73.0447476, 19.0324858 ], [ 73.0450766, 19.0324805 ] ] } },
{ "type": "Feature", "properties": { "name": null, "highway": "service" }, "geometry": { "type": "LineString", "coordinates": [ [ 73.0450649, 19.0329638 ], [ 73.0450636, 19.0330423 ], [ 73.0450623, 19.0331208 ], [ 73.0450515, 19.0337718 ] ] } },
{ "type": "Feature", "properties": { "name": null, "highway": "residential" }, "geometry": { "type": "LineString", "coordinates": [ [ 73.067491, 19.0407587 ], [ 73.06763, 19.0408705 ], [ 73.0678108, 19.040999 ], [ 73.0681603, 19.0412629 ], [ 73.0685207, 19.0415026 ], [ 73.0689404, 19.0418057 ] ] } },
{ "type": "Feature", "properties": { "name": null, "highway": "service" }, "geometry": { "type": "LineString", "coordinates": [ [ 73.0671563, 19.0411751 ], [ 73.0671918, 19.0411309 ], [ 73.067491, 19.0407587 ] ] } },
{ "type": "Feature", "properties": { "name": null, "highway": "residential" }, "geometry": { "type": "LineString", "coordinates": [ [ 73.0671671, 19.04316 ], [ 73.0679836, 19.0421645 ], [ 73.0681798, 19.0419252 ] ] } },
{ "type": "Feature", "properties": { "name": null, "highway": "service" }, "geometry": { "type": "LineString", "coordinates": [ [ 73.0678378, 19.0416745 ], [ 73.0678923, 19.041605 ], [ 73.0681603, 19.0412629 ] ] } },
{ "type": "Feature", "properties": { "name": null, "highway": "service" }, "geometry": { "type": "LineString", "coordinates": [ [ 73.0643336, 19.0370158 ], [ 73.0642937, 19.0369568 ], [ 73.0639981, 19.0365719 ], [ 73.0637872, 19.0363666 ], [ 73.0634457, 19.0359522 ], [ 73.0634211, 19.0359429 ], [ 73.0633966, 19.0359491 ], [ 73.0631808, 19.0360982 ], [ 73.0630974, 19.0361576 ] ] } },
{ "type": "Feature", "properties": { "name": null, "highway": "residential" }, "geometry": { "type": "LineString", "coordinates": [ [ 73.0668621, 19.0409566 ], [ 73.0671563, 19.0411751 ], [ 73.0672975, 19.0412785 ], [ 73.0673134, 19.0412902 ], [ 73.0674865, 19.0414171 ], [ 73.0676596, 19.0415439 ], [ 73.0678378, 19.0416745 ], [ 73.0681798, 19.0419252 ] ] } },
{ "type": "Feature", "properties": { "name": null, "highway": "service" }, "geometry": { "type": "LineString", "coordinates": [ [ 73.0672975, 19.0412785 ], [ 73.0673323, 19.0412358 ], [ 73.06763, 19.0408705 ] ] } },
{ "type": "Feature", "properties": { "name": null, "highway": "service" }, "geometry": { "type": "LineString", "coordinates": [ [ 73.0674865, 19.0414171 ], [ 73.0678108, 19.040999 ] ] } },
{ "type": "Feature", "properties": { "name": null, "highway": "service" }, "geometry": { "type": "LineString", "coordinates": [ [ 73.0580375, 19.0309633 ], [ 73.0575277, 19.0314641 ], [ 73.0573587, 19.0316745 ], [ 73.0572641, 19.0318422 ], [ 73.0571488, 19.0321908 ], [ 73.0570925, 19.032774 ] ] } },
{ "type": "Feature", "properties": { "name": null, "highway": "service" }, "geometry": { "type": "LineString", "coordinates": [ [ 73.0571659, 19.0277031 ], [ 73.0568465, 19.0277465 ], [ 73.0566835, 19.0278392 ], [ 73.056603, 19.0279899 ], [ 73.0565546, 19.0282595 ], [ 73.0565829, 19.0284617 ] ] } },
{ "type": "Feature", "properties": { "name": null, "highway": "track" }, "geometry": { "type": "LineString", "coordinates": [ [ 73.0804588, 19.0609528 ], [ 73.0797947, 19.0609986 ], [ 73.0792154, 19.0610848 ], [ 73.0787581, 19.0610454 ], [ 73.0782875, 19.0610921 ], [ 73.0779114, 19.0611487 ], [ 73.0772216, 19.0612439 ] ] } },
{ "type": "Feature", "properties": { "name": null, "highway": "footway" }, "geometry": { "type": "LineString", "coordinates": [ [ 73.0875742, 19.0185821 ], [ 73.0874957, 19.0186308 ], [ 73.0871819, 19.0188525 ], [ 73.0867939, 19.0190877 ] ] } },
{ "type": "Feature", "properties": { "name": null, "highway": "residential" }, "geometry": { "type": "LineString", "coordinates": [ [ 73.0456856, 19.0304525 ], [ 73.0457957, 19.0304641 ], [ 73.0458762, 19.0304542 ], [ 73.0462962, 19.0304733 ] ] } },
{ "type": "Feature", "properties": { "name": null, "highway": "residential" }, "geometry": { "type": "LineString", "coordinates": [ [ 73.0726186, 19.0373593 ], [ 73.0725841, 19.0373606 ], [ 73.072538, 19.0373805 ], [ 73.0724946, 19.0374082 ], [ 73.0724406, 19.0374584 ], [ 73.0723542, 19.03753 ], [ 73.0722654, 19.0376007 ], [ 73.0720978, 19.0376775 ], [ 73.0719247, 19.037734 ], [ 73.0718352, 19.0377459 ], [ 73.0717545, 19.0377479 ], [ 73.0716554, 19.037726 ], [ 73.0716148, 19.0376899 ], [ 73.0715251, 19.0374717 ], [ 73.0714989, 19.0374105 ], [ 73.0714489, 19.0372871 ], [ 73.0714253, 19.0372689 ], [ 73.0713802, 19.0372659 ], [ 73.0712178, 19.0372872 ] ] } },
{ "type": "Feature", "properties": { "name": null, "highway": "service" }, "geometry": { "type": "LineString", "coordinates": [ [ 73.0786109, 19.0454809 ], [ 73.0773812, 19.0440216 ] ] } },
{ "type": "Feature", "properties": { "name": null, "highway": "service" }, "geometry": { "type": "LineString", "coordinates": [ [ 73.0819393, 19.0166444 ], [ 73.0816765, 19.0164083 ] ] } },
{ "type": "Feature", "properties": { "name": null, "highway": "path" }, "geometry": { "type": "LineString", "coordinates": [ [ 73.0671302, 19.0564571 ], [ 73.0672751, 19.0565053 ], [ 73.0674092, 19.0566042 ], [ 73.0674896, 19.0567258 ], [ 73.0675057, 19.056774 ], [ 73.0675567, 19.0569084 ], [ 73.0676184, 19.0570782 ], [ 73.0676693, 19.0571695 ], [ 73.0677793, 19.0572912 ], [ 73.0679161, 19.0574357 ] ] } },
{ "type": "Feature", "properties": { "name": null, "highway": "path" }, "geometry": { "type": "LineString", "coordinates": [ [ 73.0647692, 19.0602776 ], [ 73.0649489, 19.0602637 ], [ 73.065256, 19.0602637 ], [ 73.065417, 19.0602878 ], [ 73.0657388, 19.0604412 ], [ 73.0658327, 19.0605223 ], [ 73.0658971, 19.0605578 ], [ 73.0659655, 19.0605616 ], [ 73.0660437, 19.06056 ], [ 73.0661195, 19.0605643 ], [ 73.0661967, 19.060593 ] ] } },
{ "type": "Feature", "properties": { "name": null, "highway": "path" }, "geometry": { "type": "LineString", "coordinates": [ [ 73.0675057, 19.056774 ], [ 73.0675647, 19.0566815 ], [ 73.0676358, 19.0566042 ], [ 73.0677887, 19.0565116 ], [ 73.0679067, 19.0564381 ], [ 73.0680435, 19.0562682 ], [ 73.0681776, 19.0562606 ], [ 73.0685142, 19.0562264 ], [ 73.0685952, 19.0562385 ], [ 73.0686926, 19.056253 ], [ 73.0689984, 19.0564127 ], [ 73.0692344, 19.0566358 ], [ 73.0694436, 19.0568158 ], [ 73.0696099, 19.0569578 ], [ 73.0697306, 19.0569933 ], [ 73.0700015, 19.0569756 ], [ 73.0701453, 19.056968 ] ] } },
{ "type": "Feature", "properties": { "name": null, "highway": "path" }, "geometry": { "type": "LineString", "coordinates": [ [ 73.0657639, 19.0556572 ], [ 73.0656975, 19.0556612 ], [ 73.0656377, 19.0556888 ], [ 73.0655937, 19.0557359 ], [ 73.0655721, 19.0557954 ], [ 73.0655762, 19.0558582 ], [ 73.0656055, 19.0559147 ], [ 73.0656554, 19.0559563 ], [ 73.0657183, 19.0559767 ], [ 73.0657847, 19.0559728 ], [ 73.0658445, 19.0559451 ], [ 73.0658885, 19.055898 ], [ 73.0659101, 19.0558385 ], [ 73.0659059, 19.0557758 ], [ 73.0658767, 19.0557193 ], [ 73.0658268, 19.0556777 ], [ 73.0657639, 19.0556572 ] ] } },
{ "type": "Feature", "properties": { "name": null, "highway": "path" }, "geometry": { "type": "LineString", "coordinates": [ [ 73.0679664, 19.0581743 ], [ 73.0678924, 19.058189 ], [ 73.0678274, 19.0582254 ], [ 73.0677781, 19.0582796 ], [ 73.06775, 19.0583459 ], [ 73.0677458, 19.0584172 ], [ 73.0677552, 19.0584593 ], [ 73.067773, 19.0584988 ], [ 73.0677987, 19.0585343 ], [ 73.0678312, 19.0585644 ], [ 73.0678693, 19.0585879 ], [ 73.0679115, 19.0586039 ], [ 73.0679562, 19.0586118 ], [ 73.0680017, 19.0586114 ], [ 73.0680462, 19.0586025 ], [ 73.068088, 19.0585856 ], [ 73.0681256, 19.0585614 ], [ 73.0681574, 19.0585307 ], [ 73.0681822, 19.0584947 ], [ 73.0681992, 19.0584548 ], [ 73.0682076, 19.0584125 ], [ 73.0682071, 19.0583695 ], [ 73.0681977, 19.0583275 ], [ 73.0681636, 19.0582638 ], [ 73.0681096, 19.0582138 ], [ 73.0680414, 19.0581829 ], [ 73.0679664, 19.0581743 ] ] } },
{ "type": "Feature", "properties": { "name": null, "highway": "path" }, "geometry": { "type": "LineString", "coordinates": [ [ 73.0677458, 19.0584172 ], [ 73.0670757, 19.0583921 ] ] } },
{ "type": "Feature", "properties": { "name": null, "highway": "path" }, "geometry": { "type": "LineString", "coordinates": [ [ 73.0680462, 19.0586025 ], [ 73.0681039, 19.058832 ] ] } },
{ "type": "Feature", "properties": { "name": null, "highway": "service" }, "geometry": { "type": "LineString", "coordinates": [ [ 73.0644663, 19.0428495 ], [ 73.0645544, 19.0428396 ], [ 73.065034, 19.0427858 ] ] } },
{ "type": "Feature", "properties": { "name": null, "highway": "path" }, "geometry": { "type": "LineString", "coordinates": [ [ 73.0683677, 19.0593112 ], [ 73.0685233, 19.0595505 ], [ 73.0685756, 19.0596309 ] ] } },
{ "type": "Feature", "properties": { "name": null, "highway": "path" }, "geometry": { "type": "LineString", "coordinates": [ [ 73.0653481, 19.0557815 ], [ 73.0655721, 19.0557954 ] ] } },
{ "type": "Feature", "properties": { "name": null, "highway": "path" }, "geometry": { "type": "LineString", "coordinates": [ [ 73.0652613, 19.060115 ], [ 73.065256, 19.0602637 ] ] } },
{ "type": "Feature", "properties": { "name": null, "highway": "path" }, "geometry": { "type": "LineString", "coordinates": [ [ 73.0671278, 19.0587806 ], [ 73.0670838, 19.0585973 ], [ 73.0670757, 19.0583921 ], [ 73.0670822, 19.0582032 ], [ 73.0671195, 19.0579763 ], [ 73.0671798, 19.0578344 ], [ 73.0672831, 19.0577114 ], [ 73.0674727, 19.0575788 ], [ 73.0677026, 19.0574796 ], [ 73.0679161, 19.0574357 ], [ 73.0681977, 19.0574617 ], [ 73.0683734, 19.0575308 ], [ 73.068551, 19.0576474 ], [ 73.0687476, 19.0578077 ], [ 73.0688507, 19.0579549 ], [ 73.0688844, 19.058003 ], [ 73.0689742, 19.0581208 ], [ 73.0689972, 19.0581753 ] ] } },
{ "type": "Feature", "properties": { "name": null, "highway": "path" }, "geometry": { "type": "LineString", "coordinates": [ [ 73.0681977, 19.0583275 ], [ 73.0688507, 19.0579549 ] ] } },
{ "type": "Feature", "properties": { "name": null, "highway": "path" }, "geometry": { "type": "LineString", "coordinates": [ [ 73.0664022, 19.0588605 ], [ 73.0663101, 19.059024 ], [ 73.0662069, 19.059152 ], [ 73.0661264, 19.0592281 ], [ 73.0659601, 19.0593105 ], [ 73.0657723, 19.059332 ], [ 73.0656411, 19.0593272 ], [ 73.0653942, 19.0592382 ], [ 73.0652359, 19.0591875 ], [ 73.0651098, 19.0591748 ], [ 73.0649824, 19.0591989 ], [ 73.0648033, 19.0593082 ], [ 73.0646941, 19.0594537 ], [ 73.064627, 19.0596096 ], [ 73.0646351, 19.0597503 ], [ 73.0647156, 19.0599544 ], [ 73.0647893, 19.0600685 ], [ 73.0648899, 19.0601281 ], [ 73.0651836, 19.0601357 ], [ 73.0652613, 19.060115 ], [ 73.0655067, 19.0600515 ], [ 73.0656838, 19.0600026 ], [ 73.0658593, 19.0599733 ], [ 73.0659266, 19.059962 ], [ 73.0661129, 19.0599512 ], [ 73.066168, 19.0599481 ], [ 73.066404, 19.0599798 ], [ 73.0665636, 19.0600406 ], [ 73.0667178, 19.0601661 ], [ 73.0668841, 19.0603207 ], [ 73.0670363, 19.0605072 ] ] } },
{ "type": "Feature", "properties": { "name": null, "highway": "track" }, "geometry": { "type": "LineString", "coordinates": [ [ 73.0788528, 19.0349758 ], [ 73.079102, 19.0348174 ], [ 73.0792013, 19.0347223 ], [ 73.0792804, 19.0345955 ], [ 73.07933, 19.0345156 ], [ 73.0793367, 19.034451 ], [ 73.0792817, 19.0343432 ], [ 73.0792268, 19.0342126 ], [ 73.0792375, 19.0341581 ], [ 73.0792952, 19.0340618 ], [ 73.0793636, 19.0339679 ], [ 73.0794789, 19.0339109 ], [ 73.0798718, 19.0338995 ], [ 73.0800475, 19.0339717 ], [ 73.0801508, 19.0340263 ], [ 73.0802661, 19.0341252 ], [ 73.080368, 19.0341606 ], [ 73.0805021, 19.0341708 ], [ 73.0806443, 19.0341733 ], [ 73.0807784, 19.034224 ], [ 73.0808964, 19.0343559 ], [ 73.0810305, 19.034399 ], [ 73.0811807, 19.0343508 ], [ 73.0812746, 19.0342519 ], [ 73.0813846, 19.0341733 ], [ 73.0815133, 19.0341302 ], [ 73.0816448, 19.034224 ], [ 73.0818593, 19.0346551 ] ] } },
{ "type": "Feature", "properties": { "name": null, "highway": "path" }, "geometry": { "type": "LineString", "coordinates": [ [ 73.0658885, 19.055898 ], [ 73.0662039, 19.0564735 ], [ 73.066225, 19.056572 ], [ 73.0662708, 19.056883 ], [ 73.0662333, 19.0571708 ], [ 73.0661756, 19.0573964 ], [ 73.0659986, 19.0576043 ], [ 73.0658568, 19.0578548 ], [ 73.065835, 19.0578933 ], [ 73.0658216, 19.0581899 ], [ 73.0658658, 19.0583687 ], [ 73.0659865, 19.0585816 ], [ 73.0660763, 19.0586515 ], [ 73.0661997, 19.0587477 ], [ 73.0664022, 19.0588605 ], [ 73.0665891, 19.0588808 ], [ 73.0669951, 19.0587985 ], [ 73.0671278, 19.0587806 ], [ 73.0674517, 19.0588433 ], [ 73.0676696, 19.0589923 ], [ 73.0677574, 19.0591232 ], [ 73.0678158, 19.0592103 ], [ 73.067916, 19.0592969 ], [ 73.0680024, 19.0593245 ], [ 73.0681185, 19.0593413 ], [ 73.0682351, 19.059339 ], [ 73.0683677, 19.0593112 ], [ 73.0684592, 19.059218 ], [ 73.0685238, 19.0590399 ], [ 73.0685629, 19.0588922 ], [ 73.0687782, 19.0584471 ], [ 73.0689972, 19.0581753 ], [ 73.0692961, 19.057939 ], [ 73.0695131, 19.0578066 ], [ 73.0696257, 19.0577124 ], [ 73.0698052, 19.0574142 ], [ 73.0698733, 19.0572969 ], [ 73.0699591, 19.0571797 ], [ 73.0701453, 19.056968 ], [ 73.070362, 19.0568519 ], [ 73.0704654, 19.0566947 ], [ 73.0705047, 19.056632 ], [ 73.0705597, 19.0564673 ], [ 73.0705931, 19.0563778 ], [ 73.0705999, 19.0563595 ], [ 73.0705522, 19.0561553 ], [ 73.070451, 19.0560008 ], [ 73.0703385, 19.055939 ], [ 73.0703102, 19.0559234 ], [ 73.0700203, 19.0558423 ], [ 73.0697896, 19.0557941 ], [ 73.0696155, 19.0557437 ], [ 73.0695088, 19.0557018 ], [ 73.0693082, 19.0556052 ], [ 73.0691653, 19.0555172 ], [ 73.06904, 19.0554075 ], [ 73.0690131, 19.0553802 ], [ 73.068875, 19.0552402 ], [ 73.0686618, 19.0550133 ], [ 73.0685281, 19.054927 ], [ 73.0684204, 19.0549042 ], [ 73.0682702, 19.054917 ], [ 73.0678437, 19.0551477 ], [ 73.0678248, 19.0551572 ], [ 73.0676626, 19.0552389 ], [ 73.067613, 19.0553175 ], [ 73.0676099, 19.055462 ], [ 73.0676364, 19.0555863 ], [ 73.0676398, 19.0556256 ], [ 73.0676318, 19.055765 ], [ 73.0676023, 19.0558803 ], [ 73.0675057, 19.056068 ], [ 73.0674105, 19.0562302 ], [ 73.0672456, 19.056357 ], [ 73.0671302, 19.0564571 ], [ 73.066921, 19.0564863 ], [ 73.0665361, 19.0564584 ], [ 73.0663638, 19.0564339 ], [ 73.0662039, 19.0564735 ] ] } },
{ "type": "Feature", "properties": { "name": null, "highway": "path" }, "geometry": { "type": "LineString", "coordinates": [ [ 73.0677574, 19.0591232 ], [ 73.0679338, 19.0589553 ], [ 73.0681039, 19.058832 ], [ 73.0683156, 19.0588329 ], [ 73.0685629, 19.0588922 ] ] } },
{ "type": "Feature", "properties": { "name": null, "highway": "path" }, "geometry": { "type": "LineString", "coordinates": [ [ 73.0676023, 19.0558803 ], [ 73.0676653, 19.0558848 ], [ 73.0677257, 19.0559038 ], [ 73.0677921, 19.055997 ], [ 73.0678705, 19.0561066 ], [ 73.067947, 19.0561719 ], [ 73.068012, 19.0562131 ], [ 73.0680435, 19.0562682 ] ] } },
{ "type": "Feature", "properties": { "name": null, "highway": "residential" }, "geometry": { "type": "LineString", "coordinates": [ [ 73.0710197, 19.0494957 ], [ 73.0710463, 19.0494857 ], [ 73.0712147, 19.0494595 ], [ 73.0716508, 19.0494058 ], [ 73.0717865, 19.04939 ], [ 73.0723247, 19.0493341 ], [ 73.0724255, 19.049898 ], [ 73.072442, 19.0500482 ], [ 73.0724696, 19.0502993 ], [ 73.0724737, 19.0503371 ], [ 73.0724865, 19.0506465 ] ] } },
{ "type": "Feature", "properties": { "name": null, "highway": "residential" }, "geometry": { "type": "LineString", "coordinates": [ [ 73.0707125, 19.0480211 ], [ 73.0710428, 19.0479871 ], [ 73.0712883, 19.0479632 ], [ 73.0713533, 19.0479569 ], [ 73.071683, 19.0479295 ], [ 73.0719814, 19.0478996 ], [ 73.0720245, 19.0478953 ], [ 73.0723236, 19.0479037 ], [ 73.0727923, 19.0482159 ] ] } },
{ "type": "Feature", "properties": { "name": null, "highway": "residential" }, "geometry": { "type": "LineString", "coordinates": [ [ 73.0707125, 19.0480211 ], [ 73.0708276, 19.0488533 ] ] } },
{ "type": "Feature", "properties": { "name": null, "highway": "residential" }, "geometry": { "type": "LineString", "coordinates": [ [ 73.0708663, 19.0506804 ], [ 73.0708012, 19.0507312 ], [ 73.0706758, 19.0508376 ], [ 73.0706416, 19.0508946 ], [ 73.0706525, 19.0509593 ], [ 73.0707882, 19.0510662 ], [ 73.0708828, 19.0510736 ], [ 73.0710884, 19.0508712 ], [ 73.0711973, 19.0508869 ], [ 73.0715486, 19.0509376 ], [ 73.0719773, 19.0509205 ], [ 73.072305, 19.0508791 ], [ 73.0724264, 19.0508657 ], [ 73.0724956, 19.0507998 ], [ 73.0724865, 19.0506465 ] ] } },
{ "type": "Feature", "properties": { "name": null, "highway": "residential" }, "geometry": { "type": "LineString", "coordinates": [ [ 73.0679034, 19.0494687 ], [ 73.0689597, 19.049348 ], [ 73.0693591, 19.0493042 ], [ 73.0695539, 19.0492828 ], [ 73.0698179, 19.0492539 ] ] } },
{ "type": "Feature", "properties": { "name": null, "highway": "residential" }, "geometry": { "type": "LineString", "coordinates": [ [ 73.066075, 19.0417452 ], [ 73.0662636, 19.041755 ] ] } },
{ "type": "Feature", "properties": { "name": null, "highway": "service" }, "geometry": { "type": "LineString", "coordinates": [ [ 73.069993, 19.0397803 ], [ 73.0700823, 19.0398786 ], [ 73.0702523, 19.039961 ] ] } },
{ "type": "Feature", "properties": { "name": null, "highway": "service" }, "geometry": { "type": "LineString", "coordinates": [ [ 73.0648386, 19.045689 ], [ 73.0647626, 19.0456639 ], [ 73.0647114, 19.0453339 ] ] } },
{ "type": "Feature", "properties": { "name": null, "highway": "service" }, "geometry": { "type": "LineString", "coordinates": [ [ 73.0661755, 19.0471651 ], [ 73.0662094, 19.0474159 ], [ 73.0662109, 19.0474269 ], [ 73.0662274, 19.0475485 ] ] } },
{ "type": "Feature", "properties": { "name": null, "highway": "residential" }, "geometry": { "type": "LineString", "coordinates": [ [ 73.0669677, 19.0464945 ], [ 73.0669583, 19.0463879 ], [ 73.0669707, 19.0463535 ], [ 73.0670052, 19.0463099 ], [ 73.0670212, 19.0462189 ], [ 73.0670683, 19.0461613 ], [ 73.0677583, 19.0460743 ], [ 73.0677798, 19.0460716 ], [ 73.0678232, 19.0460661 ] ] } },
{ "type": "Feature", "properties": { "name": null, "highway": "residential" }, "geometry": { "type": "LineString", "coordinates": [ [ 73.0706273, 19.0521915 ], [ 73.0708023, 19.0521739 ], [ 73.0713586, 19.0521182 ], [ 73.071384, 19.0521156 ], [ 73.0714469, 19.0521093 ] ] } },
{ "type": "Feature", "properties": { "name": null, "highway": "residential" }, "geometry": { "type": "LineString", "coordinates": [ [ 73.0722636, 19.0345536 ], [ 73.0718617, 19.034243 ], [ 73.0718094, 19.0342101 ], [ 73.071608, 19.0340834 ], [ 73.0715749, 19.0340598 ], [ 73.0715513, 19.0340427 ], [ 73.0715351, 19.0340172 ], [ 73.0715281, 19.0339866 ], [ 73.0715342, 19.0339452 ], [ 73.0716845, 19.0337169 ], [ 73.0719467, 19.033441 ] ] } },
{ "type": "Feature", "properties": { "name": null, "highway": "residential" }, "geometry": { "type": "LineString", "coordinates": [ [ 73.0722636, 19.0345536 ], [ 73.0723302, 19.0346051 ] ] } },
{ "type": "Feature", "properties": { "name": null, "highway": "residential" }, "geometry": { "type": "LineString", "coordinates": [ [ 73.0727238, 19.0366066 ], [ 73.0728808, 19.0363653 ] ] } },
{ "type": "Feature", "properties": { "name": null, "highway": "residential" }, "geometry": { "type": "LineString", "coordinates": [ [ 73.0852305, 19.0688447 ], [ 73.0848539, 19.0689038 ] ] } },
{ "type": "Feature", "properties": { "name": null, "highway": "residential" }, "geometry": { "type": "LineString", "coordinates": [ [ 73.0847501, 19.0689201 ], [ 73.0846369, 19.0689335 ] ] } },
{ "type": "Feature", "properties": { "name": null, "highway": "path" }, "geometry": { "type": "LineString", "coordinates": [ [ 73.0685824, 19.0471317 ], [ 73.0685975, 19.0471123 ], [ 73.0686206, 19.0471023 ], [ 73.068646, 19.0471042 ], [ 73.0686672, 19.0471175 ], [ 73.0686789, 19.0471388 ], [ 73.0686782, 19.0471628 ], [ 73.0686641, 19.0471846 ], [ 73.0686402, 19.0471964 ], [ 73.0686133, 19.047195 ], [ 73.0685908, 19.0471806 ], [ 73.0685794, 19.0471572 ], [ 73.0685824, 19.0471317 ] ] } },
{ "type": "Feature", "properties": { "name": null, "highway": "path" }, "geometry": { "type": "LineString", "coordinates": [ [ 73.0686133, 19.047195 ], [ 73.0685739, 19.0472029 ], [ 73.0684748, 19.0472297 ], [ 73.0683545, 19.0472464 ], [ 73.0682554, 19.0472397 ], [ 73.0681563, 19.0471962 ], [ 73.0681032, 19.0471159 ], [ 73.0681032, 19.0470089 ], [ 73.0681068, 19.0469353 ], [ 73.0681068, 19.0468516 ], [ 73.0681061, 19.0467322 ] ] } },
{ "type": "Feature", "properties": { "name": null, "highway": "path" }, "geometry": { "type": "LineString", "coordinates": [ [ 73.0686971, 19.046332 ], [ 73.0686403, 19.0463328 ], [ 73.0685872, 19.0463518 ], [ 73.0685441, 19.0463868 ], [ 73.0685162, 19.0464336 ], [ 73.0685068, 19.0464866 ], [ 73.0685172, 19.0465394 ], [ 73.068546, 19.0465857 ], [ 73.0685898, 19.0466199 ], [ 73.0686433, 19.046638 ], [ 73.0687001, 19.0466378 ], [ 73.0687534, 19.0466192 ], [ 73.0687969, 19.0465845 ], [ 73.0688224, 19.0465448 ], [ 73.0688343, 19.0464997 ], [ 73.0688315, 19.0464533 ], [ 73.0688143, 19.0464097 ], [ 73.0687842, 19.0463729 ], [ 73.0687439, 19.0463463 ], [ 73.0686971, 19.046332 ] ] } },
{ "type": "Feature", "properties": { "name": null, "highway": "path" }, "geometry": { "type": "LineString", "coordinates": [ [ 73.0686782, 19.0471628 ], [ 73.0688288, 19.0471527 ], [ 73.0689597, 19.047146 ], [ 73.0690553, 19.047126 ], [ 73.0691119, 19.0470758 ], [ 73.0692075, 19.0470289 ], [ 73.0693313, 19.0470089 ], [ 73.0693927, 19.0470279 ], [ 73.0694534, 19.0469926 ], [ 73.0695165, 19.0468999 ], [ 73.0694978, 19.0467719 ], [ 73.0694114, 19.0465755 ], [ 73.0693787, 19.0464761 ], [ 73.0693764, 19.0463923 ], [ 73.069409, 19.0462973 ], [ 73.069395, 19.046251 ], [ 73.0693904, 19.0461495 ], [ 73.069318, 19.0460435 ], [ 73.0692433, 19.0460325 ], [ 73.0690798, 19.0460413 ], [ 73.0690277, 19.0460444 ], [ 73.0689827, 19.0460138 ], [ 73.0689593, 19.0459969 ], [ 73.0689513, 19.0459956 ], [ 73.0689304, 19.0459923 ], [ 73.068856, 19.046014 ], [ 73.0687998, 19.0460387 ], [ 73.0687722, 19.0461046 ], [ 73.0687428, 19.0461205 ], [ 73.0687412, 19.0461712 ], [ 73.0686455, 19.0462069 ], [ 73.0685674, 19.0462489 ], [ 73.0684665, 19.0463298 ], [ 73.0684496, 19.0462625 ], [ 73.0684369, 19.0462238 ], [ 73.0683965, 19.0461909 ], [ 73.0683381, 19.0461479 ], [ 73.0682622, 19.0461258 ], [ 73.0681692, 19.0461318 ], [ 73.0680991, 19.0461892 ], [ 73.0680711, 19.046251 ], [ 73.0680594, 19.0463172 ], [ 73.0680851, 19.0463768 ], [ 73.0680804, 19.0464761 ], [ 73.0680547, 19.0465688 ], [ 73.0680641, 19.0466637 ], [ 73.0681061, 19.0467322 ], [ 73.0681878, 19.0468094 ], [ 73.0682602, 19.0468293 ], [ 73.0683469, 19.0468383 ], [ 73.0684039, 19.0468691 ], [ 73.0684467, 19.0469203 ], [ 73.0684712, 19.0469858 ], [ 73.0684766, 19.0470173 ], [ 73.0684852, 19.0470383 ], [ 73.0685644, 19.0471061 ], [ 73.0685824, 19.0471317 ] ] } },
{ "type": "Feature", "properties": { "name": null, "highway": "path" }, "geometry": { "type": "LineString", "coordinates": [ [ 73.0648033, 19.0593082 ], [ 73.0647704, 19.0592578 ], [ 73.0647471, 19.0592049 ], [ 73.0647471, 19.0591475 ], [ 73.0647611, 19.0590835 ], [ 73.0647985, 19.0590283 ], [ 73.0648358, 19.0589753 ], [ 73.0648778, 19.0589113 ], [ 73.0649035, 19.0588473 ], [ 73.0649292, 19.0587745 ], [ 73.0649689, 19.0587061 ], [ 73.0649846, 19.0586996 ], [ 73.0651183, 19.0586443 ], [ 73.0652024, 19.0586465 ], [ 73.0652935, 19.058684 ], [ 73.0653752, 19.0587237 ], [ 73.0654499, 19.0587657 ], [ 73.0655573, 19.0587944 ], [ 73.0656461, 19.0588231 ], [ 73.0657161, 19.0588694 ], [ 73.0657815, 19.058929 ], [ 73.0658048, 19.0589908 ], [ 73.0658095, 19.0590702 ], [ 73.0657791, 19.0591409 ], [ 73.0657138, 19.0592291 ], [ 73.0656411, 19.0593272 ] ] } },
{ "type": "Feature", "properties": { "name": null, "highway": "path" }, "geometry": { "type": "LineString", "coordinates": [ [ 73.0662069, 19.059152 ], [ 73.0661364, 19.0591078 ], [ 73.0661014, 19.0590769 ], [ 73.0660523, 19.059004 ], [ 73.0660267, 19.05894 ] ] } },
{ "type": "Feature", "properties": { "name": null, "highway": "path" }, "geometry": { "type": "LineString", "coordinates": [ [ 73.0660267, 19.05894 ], [ 73.066015, 19.0588628 ], [ 73.0660173, 19.0587701 ], [ 73.066036, 19.0587083 ], [ 73.0660763, 19.0586515 ] ] } },
{ "type": "Feature", "properties": { "name": null, "highway": "path" }, "geometry": { "type": "LineString", "coordinates": [ [ 73.0657815, 19.058929 ], [ 73.0657811, 19.0588508 ], [ 73.0657995, 19.0587911 ], [ 73.0658196, 19.0587183 ], [ 73.0658596, 19.058663 ], [ 73.0659212, 19.0586178 ], [ 73.0659865, 19.0585816 ] ] } },
{ "type": "Feature", "properties": { "name": null, "highway": "path" }, "geometry": { "type": "LineString", "coordinates": [ [ 73.0658196, 19.0587183 ], [ 73.0657595, 19.0586921 ], [ 73.065701, 19.0586732 ], [ 73.0656162, 19.0586411 ], [ 73.0655115, 19.0585916 ], [ 73.0654622, 19.0585436 ], [ 73.0654329, 19.0584999 ], [ 73.065419, 19.05843 ], [ 73.0654252, 19.0583514 ], [ 73.065443, 19.0582903 ], [ 73.0654783, 19.0582064 ], [ 73.0654844, 19.0581469 ], [ 73.0654824, 19.0581142 ], [ 73.0654539, 19.0580239 ], [ 73.0654498, 19.0579989 ], [ 73.0654559, 19.0579086 ], [ 73.0654905, 19.0578863 ], [ 73.065519, 19.0578421 ], [ 73.0655454, 19.0577864 ], [ 73.065582, 19.0577499 ], [ 73.0656369, 19.0577422 ], [ 73.0657283, 19.057773 ], [ 73.0657913, 19.0578171 ], [ 73.0658568, 19.0578548 ] ] } },
{ "type": "Feature", "properties": { "name": null, "highway": "path" }, "geometry": { "type": "LineString", "coordinates": [ [ 73.0648813, 19.0582057 ], [ 73.0651548, 19.0580978 ], [ 73.0654559, 19.0579086 ], [ 73.0653909, 19.0577364 ], [ 73.0655454, 19.0577864 ] ] } },
{ "type": "Feature", "properties": { "name": null, "highway": "path" }, "geometry": { "type": "LineString", "coordinates": [ [ 73.0656411, 19.0593272 ], [ 73.0651498, 19.0589966 ], [ 73.0649846, 19.0586996 ], [ 73.064954, 19.0586417 ], [ 73.064954, 19.0585529 ], [ 73.0649889, 19.0584896 ], [ 73.0650291, 19.0584363 ], [ 73.0650989, 19.0583831 ], [ 73.0651713, 19.0583273 ], [ 73.0652464, 19.058307 ], [ 73.0653322, 19.0582817 ], [ 73.065443, 19.0582903 ] ] } },
{ "type": "Feature", "properties": { "name": null, "highway": "path" }, "geometry": { "type": "LineString", "coordinates": [ [ 73.0647985, 19.0590283 ], [ 73.0647256, 19.058955 ], [ 73.0646548, 19.0588914 ], [ 73.0646123, 19.0588613 ], [ 73.0646017, 19.0587744 ], [ 73.0646194, 19.0586305 ], [ 73.0646406, 19.0585068 ], [ 73.0646654, 19.0584398 ], [ 73.0647256, 19.058393 ], [ 73.0648034, 19.0583395 ], [ 73.0648636, 19.0582626 ], [ 73.0648813, 19.0582057 ], [ 73.0648777, 19.0581354 ], [ 73.0648247, 19.0580618 ], [ 73.0647751, 19.0579882 ], [ 73.0647468, 19.057928 ], [ 73.0647503, 19.0578344 ], [ 73.0647893, 19.0577374 ], [ 73.0648388, 19.0576705 ], [ 73.0649096, 19.0575969 ], [ 73.0649662, 19.0575634 ], [ 73.0650689, 19.0575433 ], [ 73.0651786, 19.0575567 ], [ 73.0653024, 19.0576169 ], [ 73.0653909, 19.0577364 ] ] } },
{ "type": "Feature", "properties": { "name": null, "highway": "path" }, "geometry": { "type": "LineString", "coordinates": [ [ 73.0704654, 19.0566947 ], [ 73.0703564, 19.0566198 ], [ 73.0701813, 19.056639 ], [ 73.0700061, 19.0566968 ], [ 73.0699654, 19.0566313 ], [ 73.069831, 19.0564812 ], [ 73.0698758, 19.056435 ], [ 73.0699735, 19.0563965 ], [ 73.0701015, 19.0564208 ], [ 73.0701733, 19.0564101 ], [ 73.0702505, 19.0563233 ], [ 73.0704664, 19.056331 ], [ 73.0705931, 19.0563778 ] ] } },
{ "type": "Feature", "properties": { "name": null, "highway": "path" }, "geometry": { "type": "LineString", "coordinates": [ [ 73.0702505, 19.0563233 ], [ 73.0701517, 19.0561976 ], [ 73.0703385, 19.055939 ] ] } },
{ "type": "Feature", "properties": { "name": null, "highway": "path" }, "geometry": { "type": "LineString", "coordinates": [ [ 73.0701517, 19.0561976 ], [ 73.0700895, 19.0561546 ], [ 73.0700453, 19.056114 ], [ 73.0699997, 19.056095 ], [ 73.0699474, 19.0560785 ], [ 73.0697476, 19.0560418 ], [ 73.0696953, 19.056062 ], [ 73.0696523, 19.0561507 ], [ 73.0695772, 19.0562369 ], [ 73.0695048, 19.0562775 ], [ 73.0694726, 19.0563206 ], [ 73.0695236, 19.0564169 ], [ 73.0695638, 19.0564778 ], [ 73.069588, 19.0564955 ], [ 73.0696979, 19.0564727 ], [ 73.0697596, 19.0564676 ], [ 73.069831, 19.0564812 ] ] } },
{ "type": "Feature", "properties": { "name": null, "highway": "path" }, "geometry": { "type": "LineString", "coordinates": [ [ 73.0689984, 19.0564127 ], [ 73.0690358, 19.0563515 ], [ 73.0691502, 19.0562831 ], [ 73.0692716, 19.0562897 ], [ 73.0694726, 19.0563206 ] ] } },
{ "type": "Feature", "properties": { "name": null, "highway": "path" }, "geometry": { "type": "LineString", "coordinates": [ [ 73.0691502, 19.0562831 ], [ 73.0691219, 19.0561986 ], [ 73.0690629, 19.0561429 ], [ 73.0689592, 19.0560833 ], [ 73.068823, 19.0561025 ], [ 73.068758, 19.056066 ], [ 73.068695, 19.0559796 ], [ 73.0687885, 19.05592 ], [ 73.06888, 19.0558739 ], [ 73.0689592, 19.0558335 ], [ 73.0690442, 19.055825 ], [ 73.0690429, 19.0558135 ], [ 73.0690447, 19.0558021 ], [ 73.0690493, 19.0557914 ], [ 73.0690586, 19.0557801 ], [ 73.069071, 19.0557719 ], [ 73.0690855, 19.0557677 ], [ 73.0690982, 19.0557674 ], [ 73.0691106, 19.0557702 ], [ 73.0691219, 19.0557758 ], [ 73.0691341, 19.0557874 ], [ 73.0691414, 19.0558023 ], [ 73.0691429, 19.0558185 ], [ 73.0691399, 19.0558312 ], [ 73.0691333, 19.0558426 ], [ 73.0691747, 19.0558604 ], [ 73.0692194, 19.0559046 ], [ 73.069256, 19.0559488 ], [ 73.0692906, 19.0559892 ], [ 73.0693495, 19.0560295 ], [ 73.0694329, 19.0560564 ], [ 73.0694898, 19.0560353 ], [ 73.0695467, 19.0559949 ], [ 73.0695903, 19.0559518 ], [ 73.0696097, 19.0558739 ], [ 73.0696155, 19.0557437 ] ] } },
{ "type": "Feature", "properties": { "name": null, "highway": "path" }, "geometry": { "type": "LineString", "coordinates": [ [ 73.0690442, 19.055825 ], [ 73.0690486, 19.0558365 ], [ 73.069056, 19.0558464 ], [ 73.0690658, 19.0558543 ], [ 73.0690768, 19.0558593 ], [ 73.0690887, 19.0558617 ], [ 73.0691009, 19.0558613 ], [ 73.0691133, 19.0558578 ], [ 73.0691244, 19.0558514 ], [ 73.0691333, 19.0558426 ] ] } },
{ "type": "Feature", "properties": { "name": null, "highway": "path" }, "geometry": { "type": "LineString", "coordinates": [ [ 73.0678705, 19.0561066 ], [ 73.0679359, 19.0560263 ], [ 73.0680091, 19.0559302 ], [ 73.0682002, 19.0559264 ], [ 73.0682225, 19.055927 ], [ 73.0684644, 19.0559341 ], [ 73.0686108, 19.0559994 ], [ 73.068695, 19.0559796 ] ] } },
{ "type": "Feature", "properties": { "name": null, "highway": "path" }, "geometry": { "type": "LineString", "coordinates": [ [ 73.0685952, 19.0562385 ], [ 73.0685738, 19.0561768 ], [ 73.0685268, 19.0561312 ], [ 73.0683686, 19.0560995 ], [ 73.0683398, 19.0560827 ], [ 73.0683055, 19.0560628 ], [ 73.0682506, 19.0560146 ], [ 73.0682117, 19.0559601 ], [ 73.0682225, 19.055927 ] ] } },
{ "type": "Feature", "properties": { "name": null, "highway": "path" }, "geometry": { "type": "LineString", "coordinates": [ [ 73.0680091, 19.0559302 ], [ 73.0680132, 19.0558395 ], [ 73.0679944, 19.0557482 ], [ 73.0679434, 19.0556975 ], [ 73.0678576, 19.0556417 ], [ 73.0677745, 19.0556037 ], [ 73.0676364, 19.0555863 ] ] } },
{ "type": "Feature", "properties": { "name": null, "highway": "path" }, "geometry": { "type": "LineString", "coordinates": [ [ 73.0678576, 19.0556417 ], [ 73.0678335, 19.0556037 ], [ 73.0678388, 19.0555124 ], [ 73.0678978, 19.0554237 ], [ 73.0679086, 19.0553223 ], [ 73.0679166, 19.0552919 ], [ 73.0678771, 19.0552192 ], [ 73.0678248, 19.0551572 ] ] } },
{ "type": "Feature", "properties": { "name": null, "highway": "path" }, "geometry": { "type": "LineString", "coordinates": [ [ 73.0684644, 19.0559341 ], [ 73.0685081, 19.0558293 ], [ 73.0685671, 19.0557761 ], [ 73.068661, 19.0557152 ], [ 73.0687495, 19.0556265 ], [ 73.0688031, 19.0554997 ], [ 73.0688621, 19.0554541 ], [ 73.0690131, 19.0553802 ] ] } },
{ "type": "Feature", "properties": { "name": null, "highway": "path" }, "geometry": { "type": "LineString", "coordinates": [ [ 73.0687969, 19.0465845 ], [ 73.068852, 19.0466076 ], [ 73.0689405, 19.0464656 ], [ 73.0690106, 19.0464101 ], [ 73.0690572, 19.0464006 ], [ 73.0691591, 19.0464082 ], [ 73.0692276, 19.0464337 ], [ 73.0692825, 19.0464913 ], [ 73.0693341, 19.046635 ], [ 73.0691881, 19.0467805 ], [ 73.0691605, 19.0469408 ], [ 73.0690619, 19.0470266 ], [ 73.0689001, 19.0470154 ], [ 73.0686782, 19.0471628 ] ] } },
{ "type": "Feature", "properties": { "name": null, "highway": "path" }, "geometry": { "type": "LineString", "coordinates": [ [ 73.0687412, 19.0461712 ], [ 73.0687742, 19.0461705 ], [ 73.0688094, 19.0461801 ], [ 73.0688332, 19.046201 ], [ 73.0688323, 19.0462378 ], [ 73.0688138, 19.0462758 ], [ 73.0687682, 19.0462929 ], [ 73.0686971, 19.046332 ] ] } },
{ "type": "Feature", "properties": { "name": null, "highway": "path" }, "geometry": { "type": "LineString", "coordinates": [ [ 73.0682602, 19.0468293 ], [ 73.0682388, 19.0469333 ], [ 73.0682369, 19.0469882 ], [ 73.0682425, 19.0470228 ], [ 73.0682836, 19.0470383 ], [ 73.0683463, 19.0470339 ], [ 73.0684451, 19.0470319 ], [ 73.0684766, 19.0470173 ] ] } },
{ "type": "Feature", "properties": { "name": null, "highway": "residential" }, "geometry": { "type": "LineString", "coordinates": [ [ 73.0817578, 19.012757 ], [ 73.0817005, 19.0129975 ], [ 73.0816147, 19.0133116 ], [ 73.0814952, 19.0134785 ] ] } },
{ "type": "Feature", "properties": { "name": null, "highway": "residential" }, "geometry": { "type": "LineString", "coordinates": [ [ 73.0698711, 19.0526969 ], [ 73.0698246, 19.0523331 ], [ 73.0698076, 19.0522001 ], [ 73.0697748, 19.0519478 ], [ 73.0697684, 19.051899 ], [ 73.0697533, 19.0517775 ], [ 73.0697467, 19.0517238 ], [ 73.069739, 19.0516636 ], [ 73.0697202, 19.0515163 ], [ 73.0696891, 19.0512729 ], [ 73.0696469, 19.0509429 ], [ 73.0695402, 19.0501087 ] ] } },
{ "type": "Feature", "properties": { "name": null, "highway": "service" }, "geometry": { "type": "LineString", "coordinates": [ [ 73.0650323, 19.0687759 ], [ 73.0654874, 19.0702876 ] ] } },
{ "type": "Feature", "properties": { "name": "YMCA Marg", "highway": "secondary" }, "geometry": { "type": "LineString", "coordinates": [ [ 73.0423871, 19.028898 ], [ 73.0438571, 19.0275953 ], [ 73.0438808, 19.0275743 ], [ 73.0442904, 19.0272113 ], [ 73.0446462, 19.026896 ], [ 73.0450405, 19.0265466 ], [ 73.0453666, 19.0262577 ], [ 73.0462424, 19.0254934 ], [ 73.0463082, 19.0254186 ], [ 73.046353, 19.0253439 ], [ 73.0463952, 19.0252542 ], [ 73.0466244, 19.0247013 ], [ 73.0466666, 19.0245767 ], [ 73.0466903, 19.0244572 ], [ 73.0467087, 19.0243351 ], [ 73.0467219, 19.024233 ], [ 73.0467783, 19.0233319 ], [ 73.04679, 19.0231452 ], [ 73.0467971, 19.0230334 ] ] } },
{ "type": "Feature", "properties": { "name": null, "highway": "residential" }, "geometry": { "type": "LineString", "coordinates": [ [ 73.0461303, 19.0251474 ], [ 73.0458461, 19.0248555 ], [ 73.0450227, 19.0240099 ], [ 73.0446978, 19.0236762 ], [ 73.0446558, 19.0236331 ], [ 73.0445792, 19.0235544 ] ] } },
{ "type": "Feature", "properties": { "name": null, "highway": "service" }, "geometry": { "type": "LineString", "coordinates": [ [ 73.0454037, 19.0276842 ], [ 73.0446462, 19.026896 ] ] } },
{ "type": "Feature", "properties": { "name": null, "highway": "steps" }, "geometry": { "type": "LineString", "coordinates": [ [ 73.0632919, 19.0348848 ], [ 73.063153, 19.0349497 ] ] } },
{ "type": "Feature", "properties": { "name": "Kharghar Station Skywalk", "highway": "steps" }, "geometry": { "type": "LineString", "coordinates": [ [ 73.0575004, 19.0268164 ], [ 73.0572976, 19.0266807 ] ] } },
{ "type": "Feature", "properties": { "name": null, "highway": "footway" }, "geometry": { "type": "LineString", "coordinates": [ [ 73.0777734, 19.038253 ], [ 73.0774503, 19.0377506 ] ] } },
{ "type": "Feature", "properties": { "name": null, "highway": "footway" }, "geometry": { "type": "LineString", "coordinates": [ [ 73.0772957, 19.0378395 ], [ 73.0772564, 19.0377784 ], [ 73.0774875, 19.0376457 ], [ 73.0774803, 19.0375827 ] ] } },
{ "type": "Feature", "properties": { "name": null, "highway": "steps" }, "geometry": { "type": "LineString", "coordinates": [ [ 73.0777734, 19.038253 ], [ 73.0779245, 19.0381662 ] ] } },
{ "type": "Feature", "properties": { "name": null, "highway": "path" }, "geometry": { "type": "LineString", "coordinates": [ [ 73.0695903, 19.0559518 ], [ 73.0696707, 19.0560122 ], [ 73.0696953, 19.056062 ] ] } },
{ "type": "Feature", "properties": { "name": "Kharghar Station Skywalk", "highway": "footway" }, "geometry": { "type": "LineString", "coordinates": [ [ 73.0586806, 19.0276311 ], [ 73.0593635, 19.0267014 ] ] } },
{ "type": "Feature", "properties": { "name": null, "highway": "service" }, "geometry": { "type": "LineString", "coordinates": [ [ 73.0775293, 19.036669 ], [ 73.0775393, 19.036783 ] ] } },
{ "type": "Feature", "properties": { "name": null, "highway": "residential" }, "geometry": { "type": "LineString", "coordinates": [ [ 73.069993, 19.0397803 ], [ 73.0700697, 19.0397654 ], [ 73.0701635, 19.0397515 ], [ 73.0705079, 19.0397006 ], [ 73.071115, 19.0395743 ], [ 73.0714945, 19.0394953 ] ] } },
{ "type": "Feature", "properties": { "name": null, "highway": "residential" }, "geometry": { "type": "LineString", "coordinates": [ [ 73.0692576, 19.0403076 ], [ 73.0698699, 19.0398377 ], [ 73.069993, 19.0397803 ] ] } },
{ "type": "Feature", "properties": { "name": "Vastu Vihar Marg", "highway": "primary" }, "geometry": { "type": "LineString", "coordinates": [ [ 73.0816806, 19.0462664 ], [ 73.0821996, 19.0503698 ], [ 73.0824006, 19.051957 ] ] } },
{ "type": "Feature", "properties": { "name": "Vastu Vihar Marg", "highway": "primary" }, "geometry": { "type": "LineString", "coordinates": [ [ 73.0825185, 19.0519431 ], [ 73.081962, 19.047599 ], [ 73.0817912, 19.046248 ], [ 73.0817468, 19.0459076 ], [ 73.0817401, 19.0458565 ], [ 73.0817105, 19.0456295 ], [ 73.0817017, 19.0455645 ], [ 73.0816577, 19.045225 ] ] } },
{ "type": "Feature", "properties": { "name": "Vastu Vihar Marg", "highway": "primary" }, "geometry": { "type": "LineString", "coordinates": [ [ 73.0806855, 19.038498 ], [ 73.0806925, 19.0385525 ], [ 73.0813673, 19.0438196 ], [ 73.0814923, 19.0448 ], [ 73.0814944, 19.0449141 ] ] } },
{ "type": "Feature", "properties": { "name": "Vastu Vihar Marg", "highway": "primary" }, "geometry": { "type": "LineString", "coordinates": [ [ 73.0803725, 19.0374173 ], [ 73.0804382, 19.0374172 ], [ 73.0805011, 19.0374621 ], [ 73.0805447, 19.0375164 ], [ 73.0805721, 19.0375783 ], [ 73.0806855, 19.038498 ] ] } },
{ "type": "Feature", "properties": { "name": null, "highway": "primary" }, "geometry": { "type": "LineString", "coordinates": [ [ 73.0847501, 19.0689201 ], [ 73.0845502, 19.0676032 ], [ 73.0845345, 19.0674964 ], [ 73.0843899, 19.0665101 ], [ 73.0843262, 19.0660753 ], [ 73.0842797, 19.0657116 ], [ 73.0840125, 19.0636201 ], [ 73.0839591, 19.0632077 ], [ 73.0838505, 19.0624686 ], [ 73.0837677, 19.061729 ], [ 73.0836197, 19.0605691 ], [ 73.0834446, 19.0591974 ], [ 73.0831464, 19.0568614 ], [ 73.0831278, 19.056715 ], [ 73.0831129, 19.0566056 ], [ 73.0830828, 19.0563853 ], [ 73.0830395, 19.0560687 ], [ 73.0829712, 19.0555845 ] ] } },
{ "type": "Feature", "properties": { "name": null, "highway": "residential" }, "geometry": { "type": "LineString", "coordinates": [ [ 73.0726268, 19.0723089 ], [ 73.0720701, 19.071892 ], [ 73.0718463, 19.0717387 ], [ 73.0716586, 19.0715987 ], [ 73.0715801, 19.0715394 ], [ 73.071538, 19.0714555 ], [ 73.0714538, 19.070113 ], [ 73.0714477, 19.0699475 ], [ 73.0714256, 19.0693454 ], [ 73.0713947, 19.0691953 ] ] } },
{ "type": "Feature", "properties": { "name": null, "highway": "residential" }, "geometry": { "type": "LineString", "coordinates": [ [ 73.0705232, 19.0701941 ], [ 73.0714538, 19.070113 ] ] } },
{ "type": "Feature", "properties": { "name": null, "highway": "service" }, "geometry": { "type": "LineString", "coordinates": [ [ 73.0688459, 19.0806499 ], [ 73.0692839, 19.0794801 ], [ 73.0705721, 19.0760876 ], [ 73.070968, 19.0750451 ], [ 73.0709696, 19.0749971 ], [ 73.0709495, 19.0749566 ], [ 73.0709106, 19.0749363 ], [ 73.0705868, 19.0749282 ] ] } },
{ "type": "Feature", "properties": { "name": null, "highway": "service" }, "geometry": { "type": "LineString", "coordinates": [ [ 73.0705868, 19.0749282 ], [ 73.0697994, 19.0749614 ], [ 73.0696525, 19.0749738 ], [ 73.0689753, 19.0752707 ], [ 73.0675607, 19.0758908 ], [ 73.0675021, 19.0759356 ], [ 73.0674726, 19.0760048 ], [ 73.0664975, 19.0785282 ], [ 73.0660577, 19.0797291 ], [ 73.0655399, 19.0811179 ] ] } },
{ "type": "Feature", "properties": { "name": null, "highway": "service" }, "geometry": { "type": "LineString", "coordinates": [ [ 73.0496811, 19.0228269 ], [ 73.0496815, 19.0229559 ], [ 73.0496826, 19.0232363 ], [ 73.0495847, 19.0237876 ], [ 73.0494185, 19.0248381 ], [ 73.0521283, 19.025216 ], [ 73.0522347, 19.0252308 ], [ 73.0522832, 19.0252116 ], [ 73.0522995, 19.0251668 ], [ 73.052446, 19.024192 ], [ 73.0524664, 19.0240252 ], [ 73.0524868, 19.0238583 ] ] } },
{ "type": "Feature", "properties": { "name": null, "highway": "track" }, "geometry": { "type": "LineString", "coordinates": [ [ 73.08145, 19.0153257 ], [ 73.0814669, 19.0152242 ], [ 73.0815735, 19.0151186 ], [ 73.0817282, 19.0149891 ], [ 73.0819084, 19.0148548 ], [ 73.0821773, 19.0146797 ], [ 73.0824259, 19.0144614 ], [ 73.0826492, 19.0142072 ], [ 73.0828065, 19.0139961 ], [ 73.0831491, 19.0137102 ] ] } },
{ "type": "Feature", "properties": { "name": null, "highway": "service" }, "geometry": { "type": "LineString", "coordinates": [ [ 73.0892329, 19.0231912 ], [ 73.0892144, 19.023167 ], [ 73.0890882, 19.0230011 ], [ 73.0889093, 19.0227659 ], [ 73.0887649, 19.0225761 ], [ 73.089245, 19.0222341 ], [ 73.0895296, 19.0225837 ], [ 73.0897237, 19.0228178 ], [ 73.0894772, 19.0229776 ], [ 73.0892144, 19.023167 ] ] } },
{ "type": "Feature", "properties": { "name": null, "highway": "steps" }, "geometry": { "type": "LineString", "coordinates": [ [ 73.0593635, 19.0267014 ], [ 73.0594366, 19.0266395 ] ] } },
{ "type": "Feature", "properties": { "name": null, "highway": "footway" }, "geometry": { "type": "LineString", "coordinates": [ [ 73.0467659, 19.0253706 ], [ 73.0466553, 19.0253366 ] ] } },
{ "type": "Feature", "properties": { "name": null, "highway": "footway" }, "geometry": { "type": "LineString", "coordinates": [ [ 73.0466553, 19.0253366 ], [ 73.0464595, 19.0252746 ] ] } },
{ "type": "Feature", "properties": { "name": null, "highway": "footway" }, "geometry": { "type": "LineString", "coordinates": [ [ 73.0464595, 19.0252746 ], [ 73.0463952, 19.0252542 ] ] } },
{ "type": "Feature", "properties": { "name": "Jagannath Shankarseth Marg", "highway": "unclassified" }, "geometry": { "type": "LineString", "coordinates": [ [ 73.0447015, 19.0172568 ], [ 73.0455998, 19.0178279 ], [ 73.0456471, 19.017858 ], [ 73.0458731, 19.0180017 ], [ 73.0459995, 19.018082 ], [ 73.0461408, 19.0180952 ] ] } },
{ "type": "Feature", "properties": { "name": "Mansarovar Station Subway (South)", "highway": "footway" }, "geometry": { "type": "LineString", "coordinates": [ [ 73.0807934, 19.0157383 ], [ 73.0809859, 19.0159112 ], [ 73.0810842, 19.0159994 ], [ 73.0811771, 19.0160828 ], [ 73.0814432, 19.0163205 ] ] } },
{ "type": "Feature", "properties": { "name": "Mansarovar Station Subway (North)", "highway": "footway" }, "geometry": { "type": "LineString", "coordinates": [ [ 73.079912, 19.0166185 ], [ 73.0801082, 19.0167962 ], [ 73.0802087, 19.0168873 ], [ 73.0803057, 19.0169752 ], [ 73.0805602, 19.0172057 ] ] } },
{ "type": "Feature", "properties": { "name": null, "highway": "footway" }, "geometry": { "type": "LineString", "coordinates": [ [ 73.0805861, 19.0172292 ], [ 73.0807231, 19.0173463 ] ] } },
{ "type": "Feature", "properties": { "name": null, "highway": "footway" }, "geometry": { "type": "LineString", "coordinates": [ [ 73.0815733, 19.0164365 ], [ 73.0818889, 19.0167242 ] ] } },
{ "type": "Feature", "properties": { "name": null, "highway": "steps" }, "geometry": { "type": "LineString", "coordinates": [ [ 73.0808797, 19.0160183 ], [ 73.0809859, 19.0159112 ] ] } },
{ "type": "Feature", "properties": { "name": null, "highway": "steps" }, "geometry": { "type": "LineString", "coordinates": [ [ 73.0809786, 19.016106 ], [ 73.0810842, 19.0159994 ] ] } },
{ "type": "Feature", "properties": { "name": null, "highway": "steps" }, "geometry": { "type": "LineString", "coordinates": [ [ 73.0810726, 19.0161888 ], [ 73.0811771, 19.0160828 ] ] } },
{ "type": "Feature", "properties": { "name": null, "highway": "steps" }, "geometry": { "type": "LineString", "coordinates": [ [ 73.0802299, 19.0166722 ], [ 73.0801082, 19.0167962 ] ] } },
{ "type": "Feature", "properties": { "name": null, "highway": "steps" }, "geometry": { "type": "LineString", "coordinates": [ [ 73.0801086, 19.0169895 ], [ 73.0802087, 19.0168873 ] ] } },
{ "type": "Feature", "properties": { "name": null, "highway": "steps" }, "geometry": { "type": "LineString", "coordinates": [ [ 73.080208, 19.0170758 ], [ 73.0803057, 19.0169752 ] ] } },
{ "type": "Feature", "properties": { "name": null, "highway": "footway" }, "geometry": { "type": "LineString", "coordinates": [ [ 73.0585464, 19.0258198 ], [ 73.0585067, 19.025891 ], [ 73.0584361, 19.0260117 ] ] } },
{ "type": "Feature", "properties": { "name": null, "highway": "steps" }, "geometry": { "type": "LineString", "coordinates": [ [ 73.0584655, 19.0256636 ], [ 73.0585975, 19.0257327 ] ] } },
{ "type": "Feature", "properties": { "name": null, "highway": "footway" }, "geometry": { "type": "LineString", "coordinates": [ [ 73.059698, 19.0266278 ], [ 73.0597905, 19.0265067 ], [ 73.0596724, 19.0264042 ] ] } },
{ "type": "Feature", "properties": { "name": "APJ Abdul Kalam Road", "highway": "residential" }, "geometry": { "type": "LineString", "coordinates": [ [ 73.067491, 19.043396 ], [ 73.0675619, 19.0434545 ], [ 73.0682837, 19.0439965 ], [ 73.0688041, 19.0443908 ], [ 73.0692826, 19.0447533 ], [ 73.0694458, 19.0448789 ] ] } },
{ "type": "Feature", "properties": { "name": "APJ Abdul Kalam Road", "highway": "residential" }, "geometry": { "type": "LineString", "coordinates": [ [ 73.0657385, 19.0391473 ], [ 73.0657672, 19.0393657 ], [ 73.0658358, 19.039889 ], [ 73.0659132, 19.040479 ], [ 73.0659771, 19.0409657 ], [ 73.066075, 19.0417452 ], [ 73.0661188, 19.0420453 ], [ 73.0661747, 19.0424718 ] ] } },
{ "type": "Feature", "properties": { "name": "APJ Abdul Kalam Road", "highway": "residential" }, "geometry": { "type": "LineString", "coordinates": [ [ 73.0661747, 19.0424718 ], [ 73.0663088, 19.0425152 ], [ 73.066904, 19.0429623 ], [ 73.0671671, 19.04316 ], [ 73.0672309, 19.0432078 ] ] } },
{ "type": "Feature", "properties": { "name": null, "highway": "residential" }, "geometry": { "type": "LineString", "coordinates": [ [ 73.0665635, 19.0433842 ], [ 73.066904, 19.0429623 ] ] } },
{ "type": "Feature", "properties": { "name": null, "highway": "residential" }, "geometry": { "type": "LineString", "coordinates": [ [ 73.0674103, 19.0437115 ], [ 73.067487, 19.0441913 ], [ 73.0676234, 19.0447231 ], [ 73.0677017, 19.0452334 ], [ 73.0677073, 19.0452697 ], [ 73.0677356, 19.0454542 ], [ 73.0677407, 19.0454874 ], [ 73.0677775, 19.0457271 ], [ 73.0678232, 19.0460661 ], [ 73.0678597, 19.0463014 ], [ 73.0678817, 19.0465008 ], [ 73.0679365, 19.0468912 ], [ 73.0680112, 19.0474627 ], [ 73.0680265, 19.0475765 ] ] } },
{ "type": "Feature", "properties": { "name": null, "highway": "residential" }, "geometry": { "type": "LineString", "coordinates": [ [ 73.0676234, 19.0447231 ], [ 73.0674298, 19.0447488 ], [ 73.0668914, 19.0448204 ], [ 73.0657375, 19.0449582 ], [ 73.065092, 19.0450353 ], [ 73.0647566, 19.0450754 ], [ 73.0641546, 19.0451473 ], [ 73.0640421, 19.0451607 ] ] } },
{ "type": "Feature", "properties": { "name": null, "highway": "residential" }, "geometry": { "type": "LineString", "coordinates": [ [ 73.0674103, 19.0437115 ], [ 73.0675619, 19.0434545 ], [ 73.0680892, 19.0429012 ], [ 73.0681501, 19.0428203 ] ] } },
{ "type": "Feature", "properties": { "name": null, "highway": "tertiary_link" }, "geometry": { "type": "LineString", "coordinates": [ [ 73.0598689, 19.0285763 ], [ 73.0600321, 19.0283813 ] ] } },
{ "type": "Feature", "properties": { "name": null, "highway": "residential" }, "geometry": { "type": "LineString", "coordinates": [ [ 73.075215, 19.0345036 ], [ 73.0752779, 19.0344444 ] ] } },
{ "type": "Feature", "properties": { "name": null, "highway": "service" }, "geometry": { "type": "LineString", "coordinates": [ [ 73.0690402, 19.0712784 ], [ 73.0690914, 19.0712313 ], [ 73.0691925, 19.0711383 ], [ 73.0689291, 19.070971 ], [ 73.0686705, 19.0700339 ], [ 73.0685341, 19.0696597 ], [ 73.0689302, 19.0697873 ], [ 73.0700391, 19.0701443 ] ] } },
{ "type": "Feature", "properties": { "name": null, "highway": "residential" }, "geometry": { "type": "LineString", "coordinates": [ [ 73.065358, 19.0346967 ], [ 73.0654043, 19.0346325 ], [ 73.0656749, 19.0342609 ], [ 73.0661521, 19.0335963 ], [ 73.0664246, 19.0332187 ], [ 73.0664614, 19.0331654 ] ] } },
{ "type": "Feature", "properties": { "name": null, "highway": "residential" }, "geometry": { "type": "LineString", "coordinates": [ [ 73.0817646, 19.0504909 ], [ 73.0817796, 19.0507253 ], [ 73.0817675, 19.050769 ], [ 73.0817326, 19.0508007 ], [ 73.0815537, 19.0508282 ], [ 73.0815223, 19.0508554 ], [ 73.0815033, 19.0509141 ], [ 73.0815342, 19.051127 ], [ 73.081567, 19.0513534 ], [ 73.0815221, 19.0514091 ], [ 73.0814211, 19.0514407 ] ] } },
{ "type": "Feature", "properties": { "name": null, "highway": "tertiary_link" }, "geometry": { "type": "LineString", "coordinates": [ [ 73.0721407, 19.0649575 ], [ 73.0722865, 19.0649395 ] ] } },
{ "type": "Feature", "properties": { "name": null, "highway": "residential" }, "geometry": { "type": "LineString", "coordinates": [ [ 73.0824521, 19.0580859 ], [ 73.08283, 19.0580487 ], [ 73.0829718, 19.0580566 ], [ 73.0830721, 19.05808 ] ] } },
{ "type": "Feature", "properties": { "name": null, "highway": "tertiary_link" }, "geometry": { "type": "LineString", "coordinates": [ [ 73.0800577, 19.0687233 ], [ 73.0800948, 19.0688241 ] ] } },
{ "type": "Feature", "properties": { "name": "Stadium Road", "highway": "residential" }, "geometry": { "type": "LineString", "coordinates": [ [ 73.0813412, 19.0688485 ], [ 73.0811841, 19.0684434 ], [ 73.0811367, 19.068347 ] ] } },
{ "type": "Feature", "properties": { "name": null, "highway": "residential" }, "geometry": { "type": "LineString", "coordinates": [ [ 73.0779182, 19.0407978 ], [ 73.0781563, 19.0410919 ], [ 73.077972, 19.0412155 ], [ 73.0779002, 19.0412695 ], [ 73.0777324, 19.0413938 ], [ 73.0775057, 19.0411477 ] ] } },
{ "type": "Feature", "properties": { "name": null, "highway": "residential" }, "geometry": { "type": "LineString", "coordinates": [ [ 73.0775112, 19.0406583 ], [ 73.0770877, 19.0401366 ], [ 73.0770208, 19.0400547 ], [ 73.0769725, 19.0399991 ] ] } },
{ "type": "Feature", "properties": { "name": null, "highway": "residential" }, "geometry": { "type": "LineString", "coordinates": [ [ 73.0769166, 19.0400392 ], [ 73.0769628, 19.0400964 ], [ 73.0770322, 19.0401818 ], [ 73.0774475, 19.0407027 ] ] } },
{ "type": "Feature", "properties": { "name": null, "highway": "residential" }, "geometry": { "type": "LineString", "coordinates": [ [ 73.0778678, 19.0471655 ], [ 73.0776975, 19.0473188 ], [ 73.0776372, 19.0473737 ], [ 73.0774544, 19.0475305 ], [ 73.0773436, 19.0476376 ], [ 73.0771965, 19.0477701 ], [ 73.0768422, 19.0480455 ] ] } },
{ "type": "Feature", "properties": { "name": null, "highway": "tertiary_link" }, "geometry": { "type": "LineString", "coordinates": [ [ 73.0724553, 19.0665426 ], [ 73.0723425, 19.0665594 ] ] } },
{ "type": "Feature", "properties": { "name": null, "highway": "residential" }, "geometry": { "type": "LineString", "coordinates": [ [ 73.0707678, 19.0503889 ], [ 73.0707775, 19.0505608 ], [ 73.0707939, 19.0506638 ], [ 73.0708012, 19.0507312 ] ] } },
{ "type": "Feature", "properties": { "name": null, "highway": "residential" }, "geometry": { "type": "LineString", "coordinates": [ [ 73.0703791, 19.0503476 ], [ 73.0704426, 19.0503427 ], [ 73.0704461, 19.0503423 ], [ 73.0705834, 19.0503257 ], [ 73.0707016, 19.0503106 ] ] } },
{ "type": "Feature", "properties": { "name": null, "highway": "residential" }, "geometry": { "type": "LineString", "coordinates": [ [ 73.0786944, 19.0385478 ], [ 73.0787407, 19.0385955 ] ] } },
{ "type": "Feature", "properties": { "name": null, "highway": "tertiary" }, "geometry": { "type": "LineString", "coordinates": [ [ 73.0738574, 19.0380408 ], [ 73.0738395, 19.0380806 ], [ 73.0738194, 19.0381186 ] ] } },
{ "type": "Feature", "properties": { "name": null, "highway": "tertiary" }, "geometry": { "type": "LineString", "coordinates": [ [ 73.0738194, 19.0381186 ], [ 73.0736974, 19.0383975 ] ] } },
{ "type": "Feature", "properties": { "name": null, "highway": "residential" }, "geometry": { "type": "LineString", "coordinates": [ [ 73.0757184, 19.0511412 ], [ 73.075832, 19.0511315 ] ] } },
{ "type": "Feature", "properties": { "name": "Sion-Panvel Highway", "highway": "motorway" }, "geometry": { "type": "LineString", "coordinates": [ [ 73.0446666, 19.0230478 ], [ 73.0450365, 19.0229894 ], [ 73.0451965, 19.0229641 ], [ 73.0452248, 19.0229596 ], [ 73.0468321, 19.0227057 ] ] } },
{ "type": "Feature", "properties": { "name": "Sion Panvel Highway", "highway": "motorway" }, "geometry": { "type": "LineString", "coordinates": [ [ 73.0628352, 19.0299039 ], [ 73.0605767, 19.0283644 ], [ 73.0596684, 19.0277453 ], [ 73.0543069, 19.0240906 ], [ 73.054015, 19.0238933 ], [ 73.0538179, 19.0237741 ], [ 73.0537149, 19.0237119 ], [ 73.0534043, 19.0235448 ], [ 73.0515583, 19.0226236 ], [ 73.0513305, 19.022506 ], [ 73.0510988, 19.0224046 ], [ 73.0508605, 19.0223178 ], [ 73.0506166, 19.0222462 ], [ 73.0503683, 19.0221899 ], [ 73.0501166, 19.0221492 ], [ 73.0498626, 19.0221244 ], [ 73.0496074, 19.0221154 ], [ 73.0493522, 19.0221225 ], [ 73.049098, 19.0221454 ], [ 73.0488426, 19.0221847 ], [ 73.0471271, 19.0224535 ] ] } },
{ "type": "Feature", "properties": { "name": "Kharghar Flyover", "highway": "motorway" }, "geometry": { "type": "LineString", "coordinates": [ [ 73.0627074, 19.0300714 ], [ 73.0635039, 19.0305625 ] ] } },
{ "type": "Feature", "properties": { "name": "Kharghar Station Road", "highway": "tertiary" }, "geometry": { "type": "LineString", "coordinates": [ [ 73.0676386, 19.0327236 ], [ 73.067089, 19.032345 ], [ 73.0664183, 19.0318829 ], [ 73.0661648, 19.0317083 ], [ 73.065551, 19.031274 ], [ 73.0648683, 19.030815 ], [ 73.0648068, 19.0307727 ], [ 73.0635542, 19.0299098 ], [ 73.0629844, 19.0295245 ], [ 73.0629019, 19.0294805 ], [ 73.0626032, 19.0292546 ], [ 73.0619049, 19.0287735 ], [ 73.0602026, 19.0276051 ], [ 73.0601871, 19.027563 ], [ 73.0601844, 19.027525 ], [ 73.0602447, 19.0272327 ], [ 73.0602324, 19.0271156 ], [ 73.0601857, 19.0270395 ], [ 73.0601067, 19.0269793 ], [ 73.060053, 19.02695 ], [ 73.0599793, 19.026939 ], [ 73.0598819, 19.0269458 ], [ 73.0595048, 19.0270367 ], [ 73.0593005, 19.0270859 ] ] } },
{ "type": "Feature", "properties": { "name": "Kharghar Station Road", "highway": "tertiary" }, "geometry": { "type": "LineString", "coordinates": [ [ 73.0704334, 19.034749 ], [ 73.0706476, 19.0348965 ] ] } },
{ "type": "Feature", "properties": { "name": "Kharghar Station Road", "highway": "tertiary" }, "geometry": { "type": "LineString", "coordinates": [ [ 73.0706476, 19.0348965 ], [ 73.0713585, 19.0353863 ], [ 73.0714286, 19.0354346 ] ] } },
{ "type": "Feature", "properties": { "name": "Kharghar Station Road", "highway": "tertiary" }, "geometry": { "type": "LineString", "coordinates": [ [ 73.070698, 19.0348311 ], [ 73.0704837, 19.0346837 ] ] } },
{ "type": "Feature", "properties": { "name": "Kopra Flyover", "highway": "motorway" }, "geometry": { "type": "LineString", "coordinates": [ [ 73.072133, 19.0365156 ], [ 73.0726485, 19.0368137 ] ] } },
{ "type": "Feature", "properties": { "name": "Sion-Panvel Highway", "highway": "motorway" }, "geometry": { "type": "LineString", "coordinates": [ [ 73.0722613, 19.0363483 ], [ 73.0705079, 19.0351473 ] ] } },
{ "type": "Feature", "properties": { "name": "Sion-Panvel Highway", "highway": "motorway" }, "geometry": { "type": "LineString", "coordinates": [ [ 73.0693887, 19.0346358 ], [ 73.0701338, 19.0351462 ] ] } },
{ "type": "Feature", "properties": { "name": "Kharghar Flyover", "highway": "motorway" }, "geometry": { "type": "LineString", "coordinates": [ [ 73.0695169, 19.0344685 ], [ 73.0689488, 19.0341583 ] ] } },
{ "type": "Feature", "properties": { "name": "Sion-Panvel Highway", "highway": "motorway" }, "geometry": { "type": "LineString", "coordinates": [ [ 73.0701338, 19.0351462 ], [ 73.0703793, 19.0353143 ] ] } },
{ "type": "Feature", "properties": { "name": "Sion-Panvel Highway", "highway": "motorway" }, "geometry": { "type": "LineString", "coordinates": [ [ 73.0703793, 19.0353143 ], [ 73.072133, 19.0365156 ] ] } },
{ "type": "Feature", "properties": { "name": "Sion-Panvel Highway", "highway": "motorway" }, "geometry": { "type": "LineString", "coordinates": [ [ 73.0705079, 19.0351473 ], [ 73.0702625, 19.0349792 ] ] } },
{ "type": "Feature", "properties": { "name": "Sion-Panvel Highway", "highway": "motorway" }, "geometry": { "type": "LineString", "coordinates": [ [ 73.0702625, 19.0349792 ], [ 73.0695169, 19.0344685 ] ] } },
{ "type": "Feature", "properties": { "name": "Kopra Flyover", "highway": "motorway" }, "geometry": { "type": "LineString", "coordinates": [ [ 73.0751788, 19.038247 ], [ 73.0746733, 19.0380669 ] ] } },
{ "type": "Feature", "properties": { "name": "Sion-Panvel Highway", "highway": "motorway" }, "geometry": { "type": "LineString", "coordinates": [ [ 73.078318, 19.0373946 ], [ 73.0781674, 19.0374961 ], [ 73.0779083, 19.0377003 ], [ 73.0777517, 19.0378148 ], [ 73.0775941, 19.0379213 ], [ 73.0774291, 19.0380173 ], [ 73.0772574, 19.0381022 ] ] } },
{ "type": "Feature", "properties": { "name": "Sion-Panvel Highway", "highway": "motorway" }, "geometry": { "type": "LineString", "coordinates": [ [ 73.0784449, 19.0373084 ], [ 73.0783748, 19.0373567 ], [ 73.078318, 19.0373946 ] ] } },
{ "type": "Feature", "properties": { "name": "Sion-Panvel Highway", "highway": "motorway" }, "geometry": { "type": "LineString", "coordinates": [ [ 73.0825399, 19.0346347 ], [ 73.0836881, 19.0338646 ] ] } },
{ "type": "Feature", "properties": { "name": "Sion-Panvel Highway", "highway": "motorway" }, "geometry": { "type": "LineString", "coordinates": [ [ 73.0836881, 19.0338646 ], [ 73.0837559, 19.0338158 ], [ 73.0837931, 19.0337844 ] ] } },
{ "type": "Feature", "properties": { "name": "Sion-Panvel Highway", "highway": "motorway" }, "geometry": { "type": "LineString", "coordinates": [ [ 73.0835566, 19.0336914 ], [ 73.0824082, 19.0344586 ] ] } },
{ "type": "Feature", "properties": { "name": "Sion-Panvel Highway", "highway": "motorway" }, "geometry": { "type": "LineString", "coordinates": [ [ 73.0836681, 19.0335919 ], [ 73.0836121, 19.0336335 ], [ 73.0835566, 19.0336914 ] ] } },
{ "type": "Feature", "properties": { "name": "Sion-Panvel Highway", "highway": "motorway" }, "geometry": { "type": "LineString", "coordinates": [ [ 73.0751262, 19.0384071 ], [ 73.0755239, 19.0384987 ], [ 73.0757288, 19.0385263 ], [ 73.0759352, 19.0385403 ], [ 73.0761421, 19.0385409 ], [ 73.0763485, 19.0385279 ], [ 73.0765536, 19.0385014 ], [ 73.0767561, 19.0384616 ], [ 73.0769553, 19.0384086 ], [ 73.0771501, 19.0383427 ], [ 73.0773397, 19.03827 ], [ 73.0775261, 19.0381838 ], [ 73.0777209, 19.0380784 ], [ 73.0784823, 19.0376149 ] ] } },
{ "type": "Feature", "properties": { "name": "Sion-Panvel Highway", "highway": "motorway" }, "geometry": { "type": "LineString", "coordinates": [ [ 73.0824082, 19.0344586 ], [ 73.0823305, 19.0345143 ], [ 73.080457, 19.0358575 ] ] } },
{ "type": "Feature", "properties": { "name": "Sion-Panvel Highway", "highway": "motorway" }, "geometry": { "type": "LineString", "coordinates": [ [ 73.0910937, 19.0287009 ], [ 73.0897188, 19.0295894 ], [ 73.0885302, 19.0304585 ] ] } },
{ "type": "Feature", "properties": { "name": "Sion-Panvel Highway Flyover", "highway": "motorway" }, "geometry": { "type": "LineString", "coordinates": [ [ 73.0885302, 19.0304585 ], [ 73.0880558, 19.0308165 ] ] } },
{ "type": "Feature", "properties": { "name": "Sion-Panvel Highway", "highway": "motorway" }, "geometry": { "type": "LineString", "coordinates": [ [ 73.0886573, 19.0306177 ], [ 73.0897913, 19.0298638 ], [ 73.0898584, 19.0298192 ], [ 73.0899249, 19.029775 ], [ 73.0912416, 19.0288996 ] ] } },
{ "type": "Feature", "properties": { "name": "Sion-Panvel Highway Flyover", "highway": "motorway" }, "geometry": { "type": "LineString", "coordinates": [ [ 73.088132, 19.0309146 ], [ 73.0886573, 19.0306177 ] ] } },
{ "type": "Feature", "properties": { "name": "Sion-Panvel Highway Flyover", "highway": "motorway" }, "geometry": { "type": "LineString", "coordinates": [ [ 73.0880558, 19.0308165 ], [ 73.0859493, 19.0322787 ], [ 73.0856698, 19.0324549 ], [ 73.0854262, 19.0326035 ], [ 73.0841209, 19.0333542 ] ] } },
{ "type": "Feature", "properties": { "name": "Sion-Panvel Highway Flyover", "highway": "motorway" }, "geometry": { "type": "LineString", "coordinates": [ [ 73.0841209, 19.0333542 ], [ 73.0836681, 19.0335919 ] ] } },
{ "type": "Feature", "properties": { "name": "Sion-Panvel Highway Flyover", "highway": "motorway" }, "geometry": { "type": "LineString", "coordinates": [ [ 73.0841859, 19.0334528 ], [ 73.0854912, 19.0327029 ], [ 73.0857376, 19.0325525 ], [ 73.0860201, 19.0323744 ], [ 73.088132, 19.0309146 ] ] } },
{ "type": "Feature", "properties": { "name": "Sion-Panvel Highway", "highway": "motorway" }, "geometry": { "type": "LineString", "coordinates": [ [ 73.0772574, 19.0381022 ], [ 73.0770799, 19.0381757 ], [ 73.0768975, 19.0382374 ], [ 73.076711, 19.038287 ], [ 73.0765213, 19.0383242 ], [ 73.0763293, 19.038349 ], [ 73.076136, 19.0383612 ], [ 73.0759046, 19.0383704 ], [ 73.075749, 19.0383475 ], [ 73.0755572, 19.0383217 ], [ 73.0751788, 19.038247 ] ] } },
{ "type": "Feature", "properties": { "name": "Sion-Panvel Highway", "highway": "motorway" }, "geometry": { "type": "LineString", "coordinates": [ [ 73.080457, 19.0358575 ], [ 73.0796137, 19.0364621 ], [ 73.0793847, 19.0366263 ], [ 73.0785727, 19.0372237 ], [ 73.0784449, 19.0373084 ] ] } },
{ "type": "Feature", "properties": { "name": null, "highway": "tertiary" }, "geometry": { "type": "LineString", "coordinates": [ [ 73.0868829, 19.0326077 ], [ 73.0869214, 19.032598 ], [ 73.086962, 19.0325836 ], [ 73.0892164, 19.0318066 ], [ 73.0895077, 19.0317055 ], [ 73.0914751, 19.031021 ], [ 73.0918877, 19.030879 ], [ 73.0922261, 19.0306503 ], [ 73.0925293, 19.0303862 ], [ 73.0927942, 19.0300021 ], [ 73.0931328, 19.0295806 ] ] } },
{ "type": "Feature", "properties": { "name": null, "highway": "footway" }, "geometry": { "type": "LineString", "coordinates": [ [ 73.0781637, 19.0390597 ], [ 73.0781695, 19.0388454 ], [ 73.0780691, 19.0384812 ], [ 73.0778439, 19.0384707 ] ] } },
{ "type": "Feature", "properties": { "name": null, "highway": "steps" }, "geometry": { "type": "LineString", "coordinates": [ [ 73.0801082, 19.0167962 ], [ 73.0800064, 19.0169 ] ] } },
{ "type": "Feature", "properties": { "name": null, "highway": "steps" }, "geometry": { "type": "LineString", "coordinates": [ [ 73.0802087, 19.0168873 ], [ 73.0803318, 19.0167615 ] ] } },
{ "type": "Feature", "properties": { "name": null, "highway": "steps" }, "geometry": { "type": "LineString", "coordinates": [ [ 73.0803057, 19.0169752 ], [ 73.0804303, 19.0168471 ] ] } },
{ "type": "Feature", "properties": { "name": null, "highway": "steps" }, "geometry": { "type": "LineString", "coordinates": [ [ 73.0809859, 19.0159112 ], [ 73.0811048, 19.0157914 ] ] } },
{ "type": "Feature", "properties": { "name": null, "highway": "steps" }, "geometry": { "type": "LineString", "coordinates": [ [ 73.0810842, 19.0159994 ], [ 73.0812035, 19.0158789 ] ] } },
{ "type": "Feature", "properties": { "name": null, "highway": "steps" }, "geometry": { "type": "LineString", "coordinates": [ [ 73.0811771, 19.0160828 ], [ 73.081297, 19.0159612 ] ] } },
{ "type": "Feature", "properties": { "name": null, "highway": "footway" }, "geometry": { "type": "LineString", "coordinates": [ [ 73.0805861, 19.0172292 ], [ 73.0811257, 19.0169787 ], [ 73.0811576, 19.016948 ], [ 73.0811927, 19.0169141 ], [ 73.0812571, 19.0167506 ], [ 73.0815733, 19.0164365 ] ] } },
{ "type": "Feature", "properties": { "name": null, "highway": "steps" }, "geometry": { "type": "LineString", "coordinates": [ [ 73.0805602, 19.0172057 ], [ 73.0805861, 19.0172292 ] ] } },
{ "type": "Feature", "properties": { "name": null, "highway": "steps" }, "geometry": { "type": "LineString", "coordinates": [ [ 73.0814432, 19.0163205 ], [ 73.0814692, 19.016344 ] ] } },
{ "type": "Feature", "properties": { "name": "Kharghar Station Subway (West)", "highway": "footway" }, "geometry": { "type": "LineString", "coordinates": [ [ 73.0588987, 19.0252199 ], [ 73.0588305, 19.0253361 ], [ 73.0587735, 19.0254331 ], [ 73.0587171, 19.0255292 ], [ 73.0586606, 19.0256253 ], [ 73.0585975, 19.0257327 ], [ 73.058572, 19.0257763 ] ] } },
{ "type": "Feature", "properties": { "name": null, "highway": "steps" }, "geometry": { "type": "LineString", "coordinates": [ [ 73.0585288, 19.0255556 ], [ 73.0586606, 19.0256253 ] ] } },
{ "type": "Feature", "properties": { "name": null, "highway": "steps" }, "geometry": { "type": "LineString", "coordinates": [ [ 73.0585842, 19.0254599 ], [ 73.0587171, 19.0255292 ] ] } },
{ "type": "Feature", "properties": { "name": null, "highway": "steps" }, "geometry": { "type": "LineString", "coordinates": [ [ 73.0586407, 19.0253629 ], [ 73.0587735, 19.0254331 ] ] } },
{ "type": "Feature", "properties": { "name": null, "highway": "steps" }, "geometry": { "type": "LineString", "coordinates": [ [ 73.0586968, 19.0252666 ], [ 73.0588305, 19.0253361 ] ] } },
{ "type": "Feature", "properties": { "name": null, "highway": "steps" }, "geometry": { "type": "LineString", "coordinates": [ [ 73.0585975, 19.0257327 ], [ 73.0587324, 19.0258033 ] ] } },
{ "type": "Feature", "properties": { "name": null, "highway": "steps" }, "geometry": { "type": "LineString", "coordinates": [ [ 73.0586606, 19.0256253 ], [ 73.058795, 19.0256963 ] ] } },
{ "type": "Feature", "properties": { "name": null, "highway": "steps" }, "geometry": { "type": "LineString", "coordinates": [ [ 73.0587171, 19.0255292 ], [ 73.0588513, 19.0255991 ] ] } },
{ "type": "Feature", "properties": { "name": null, "highway": "steps" }, "geometry": { "type": "LineString", "coordinates": [ [ 73.0587735, 19.0254331 ], [ 73.058907, 19.0255037 ] ] } },
{ "type": "Feature", "properties": { "name": null, "highway": "steps" }, "geometry": { "type": "LineString", "coordinates": [ [ 73.0588305, 19.0253361 ], [ 73.0589641, 19.0254056 ] ] } },
{ "type": "Feature", "properties": { "name": null, "highway": "steps" }, "geometry": { "type": "LineString", "coordinates": [ [ 73.058572, 19.0257763 ], [ 73.0585464, 19.0258198 ] ] } },
{ "type": "Feature", "properties": { "name": null, "highway": "steps" }, "geometry": { "type": "LineString", "coordinates": [ [ 73.0595907, 19.0263133 ], [ 73.0596724, 19.0264042 ] ] } },
{ "type": "Feature", "properties": { "name": "Kharghar Station Subway (East)", "highway": "footway" }, "geometry": { "type": "LineString", "coordinates": [ [ 73.0599174, 19.025757 ], [ 73.0598492, 19.0258732 ], [ 73.0597922, 19.0259702 ], [ 73.0597358, 19.0260662 ], [ 73.0596794, 19.0261623 ], [ 73.0596163, 19.0262698 ], [ 73.0595907, 19.0263133 ] ] } },
{ "type": "Feature", "properties": { "name": null, "highway": "steps" }, "geometry": { "type": "LineString", "coordinates": [ [ 73.0597155, 19.0258037 ], [ 73.0598492, 19.0258732 ] ] } },
{ "type": "Feature", "properties": { "name": null, "highway": "steps" }, "geometry": { "type": "LineString", "coordinates": [ [ 73.0598492, 19.0258732 ], [ 73.0599828, 19.0259427 ] ] } },
{ "type": "Feature", "properties": { "name": null, "highway": "steps" }, "geometry": { "type": "LineString", "coordinates": [ [ 73.0596595, 19.0259 ], [ 73.0597922, 19.0259702 ] ] } },
{ "type": "Feature", "properties": { "name": null, "highway": "steps" }, "geometry": { "type": "LineString", "coordinates": [ [ 73.0597922, 19.0259702 ], [ 73.0599257, 19.0260407 ] ] } },
{ "type": "Feature", "properties": { "name": null, "highway": "steps" }, "geometry": { "type": "LineString", "coordinates": [ [ 73.0596029, 19.025997 ], [ 73.0597358, 19.0260662 ] ] } },
{ "type": "Feature", "properties": { "name": null, "highway": "steps" }, "geometry": { "type": "LineString", "coordinates": [ [ 73.0597358, 19.0260662 ], [ 73.05987, 19.0261362 ] ] } },
{ "type": "Feature", "properties": { "name": null, "highway": "steps" }, "geometry": { "type": "LineString", "coordinates": [ [ 73.0595475, 19.0260926 ], [ 73.0596794, 19.0261623 ] ] } },
{ "type": "Feature", "properties": { "name": null, "highway": "steps" }, "geometry": { "type": "LineString", "coordinates": [ [ 73.0596794, 19.0261623 ], [ 73.0598137, 19.0262334 ] ] } },
{ "type": "Feature", "properties": { "name": null, "highway": "steps" }, "geometry": { "type": "LineString", "coordinates": [ [ 73.0594842, 19.0262006 ], [ 73.0596163, 19.0262698 ] ] } },
{ "type": "Feature", "properties": { "name": null, "highway": "steps" }, "geometry": { "type": "LineString", "coordinates": [ [ 73.0596163, 19.0262698 ], [ 73.0597511, 19.0263404 ] ] } },
{ "type": "Feature", "properties": { "name": null, "highway": "footway" }, "geometry": { "type": "LineString", "coordinates": [ [ 73.0585067, 19.025891 ], [ 73.0586249, 19.0260278 ], [ 73.058757, 19.0261528 ], [ 73.0589015, 19.0262647 ], [ 73.0590571, 19.0263625 ], [ 73.0591935, 19.0264659 ], [ 73.059268, 19.0266271 ], [ 73.0594366, 19.0266395 ], [ 73.0596024, 19.0266321 ], [ 73.059698, 19.0266278 ], [ 73.0598083, 19.0266006 ], [ 73.0599684, 19.0266109 ], [ 73.0601275, 19.0266104 ] ] } },
{ "type": "Feature", "properties": { "name": null, "highway": "footway" }, "geometry": { "type": "LineString", "coordinates": [ [ 73.0590571, 19.0263625 ], [ 73.0590149, 19.0264248 ] ] } },
{ "type": "Feature", "properties": { "name": null, "highway": "footway" }, "geometry": { "type": "LineString", "coordinates": [ [ 73.0572976, 19.0266807 ], [ 73.0572254, 19.0267842 ] ] } },
{ "type": "Feature", "properties": { "name": null, "highway": "footway" }, "geometry": { "type": "LineString", "coordinates": [ [ 73.0589696, 19.027802 ], [ 73.0589298, 19.0278544 ] ] } },
{ "type": "Feature", "properties": { "name": null, "highway": "footway" }, "geometry": { "type": "LineString", "coordinates": [ [ 73.0587807, 19.0277517 ], [ 73.0587434, 19.0278006 ] ] } },
{ "type": "Feature", "properties": { "name": null, "highway": "steps" }, "geometry": { "type": "LineString", "coordinates": [ [ 73.0589298, 19.0278544 ], [ 73.0587807, 19.0277517 ] ] } },
{ "type": "Feature", "properties": { "name": null, "highway": "footway" }, "geometry": { "type": "LineString", "coordinates": [ [ 73.0601275, 19.0266104 ], [ 73.0600902, 19.0266762 ] ] } },
{ "type": "Feature", "properties": { "name": null, "highway": "residential" }, "geometry": { "type": "LineString", "coordinates": [ [ 73.0583196, 19.0287555 ], [ 73.0581148, 19.028844 ], [ 73.0579424, 19.0288955 ], [ 73.0575313, 19.0289501 ] ] } },
{ "type": "Feature", "properties": { "name": null, "highway": "residential" }, "geometry": { "type": "LineString", "coordinates": [ [ 73.065551, 19.031274 ], [ 73.065611, 19.0311916 ], [ 73.065799, 19.0309384 ], [ 73.0659236, 19.0307714 ], [ 73.0659489, 19.0307531 ], [ 73.0659932, 19.0307559 ], [ 73.0660798, 19.0308137 ] ] } },
{ "type": "Feature", "properties": { "name": null, "highway": "service" }, "geometry": { "type": "LineString", "coordinates": [ [ 73.0544114, 19.0264008 ], [ 73.0542849, 19.0263383 ], [ 73.0542286, 19.026304 ], [ 73.0542178, 19.026247 ], [ 73.0542339, 19.0261912 ], [ 73.0542795, 19.0261506 ], [ 73.0543399, 19.0261506 ], [ 73.0545031, 19.0262393 ] ] } },
{ "type": "Feature", "properties": { "name": null, "highway": "residential" }, "geometry": { "type": "LineString", "coordinates": [ [ 73.0579518, 19.0347444 ], [ 73.0571353, 19.0348157 ], [ 73.0571699, 19.0350198 ], [ 73.0577299, 19.0349709 ], [ 73.0579842, 19.0349487 ], [ 73.0579518, 19.0347444 ] ] } },
{ "type": "Feature", "properties": { "name": null, "highway": "tertiary_link" }, "geometry": { "type": "LineString", "coordinates": [ [ 73.063436, 19.028812 ], [ 73.0635116, 19.0288638 ] ] } },
{ "type": "Feature", "properties": { "name": null, "highway": "service" }, "geometry": { "type": "LineString", "coordinates": [ [ 73.0682678, 19.0353528 ], [ 73.068232, 19.0352844 ], [ 73.0680566, 19.0349875 ], [ 73.068052, 19.0349643 ], [ 73.0680587, 19.0349408 ], [ 73.0682083, 19.03473 ], [ 73.0683311, 19.034557 ], [ 73.0683803, 19.0344877 ] ] } },
{ "type": "Feature", "properties": { "name": null, "highway": "service" }, "geometry": { "type": "LineString", "coordinates": [ [ 73.0672282, 19.0357942 ], [ 73.0671993, 19.0357397 ], [ 73.0668575, 19.0350965 ], [ 73.0668541, 19.0350616 ], [ 73.0668785, 19.0350139 ], [ 73.0670465, 19.0347831 ], [ 73.0670578, 19.0347777 ], [ 73.0670766, 19.0347753 ], [ 73.0675412, 19.0350932 ], [ 73.0676398, 19.035187 ], [ 73.0677595, 19.0354857 ], [ 73.0677864, 19.0355572 ] ] } },
{ "type": "Feature", "properties": { "name": null, "highway": "service" }, "geometry": { "type": "LineString", "coordinates": [ [ 73.0671348, 19.035832 ], [ 73.0671196, 19.0357994 ], [ 73.0667971, 19.0351203 ], [ 73.0667825, 19.0351013 ], [ 73.0667555, 19.0351038 ], [ 73.0662596, 19.0352895 ], [ 73.0662038, 19.0353089 ] ] } },
{ "type": "Feature", "properties": { "name": null, "highway": "tertiary_link" }, "geometry": { "type": "LineString", "coordinates": [ [ 73.0618567, 19.0288403 ], [ 73.0619049, 19.0287735 ] ] } },
{ "type": "Feature", "properties": { "name": null, "highway": "service" }, "geometry": { "type": "LineString", "coordinates": [ [ 73.0689172, 19.0336039 ], [ 73.0689676, 19.0335377 ], [ 73.069311, 19.0330873 ], [ 73.0693274, 19.0330658 ], [ 73.069372, 19.0330003 ], [ 73.0695614, 19.0331261 ], [ 73.069591, 19.0332618 ], [ 73.0694139, 19.0335027 ], [ 73.0697919, 19.0337813 ], [ 73.0698082, 19.0338158 ], [ 73.0698022, 19.0338689 ], [ 73.0696848, 19.0340212 ], [ 73.0696292, 19.0340947 ] ] } },
{ "type": "Feature", "properties": { "name": null, "highway": "residential" }, "geometry": { "type": "LineString", "coordinates": [ [ 73.0670479, 19.0316252 ], [ 73.0671398, 19.0315144 ], [ 73.0671585, 19.0315015 ], [ 73.0671848, 19.0315038 ], [ 73.06729, 19.0315723 ], [ 73.0673009, 19.0315924 ], [ 73.0672929, 19.0316175 ], [ 73.0671546, 19.0318035 ], [ 73.0671465, 19.0318258 ], [ 73.0671566, 19.0318483 ], [ 73.0673432, 19.0319673 ], [ 73.0673612, 19.0319717 ], [ 73.0673788, 19.0319607 ], [ 73.0676401, 19.0316231 ], [ 73.0676847, 19.0315625 ] ] } },
{ "type": "Feature", "properties": { "name": null, "highway": "tertiary_link" }, "geometry": { "type": "LineString", "coordinates": [ [ 73.071465, 19.0597504 ], [ 73.0715796, 19.0597486 ] ] } },
{ "type": "Feature", "properties": { "name": null, "highway": "residential" }, "geometry": { "type": "LineString", "coordinates": [ [ 73.0708984, 19.0502474 ], [ 73.0710321, 19.0500695 ], [ 73.0710581, 19.050035 ], [ 73.0711815, 19.0499006 ], [ 73.0712355, 19.0498627 ], [ 73.0712941, 19.049893 ], [ 73.0713615, 19.049936 ], [ 73.0715165, 19.0500293 ], [ 73.0717335, 19.0501748 ], [ 73.0715804, 19.0503702 ], [ 73.0714854, 19.0504807 ], [ 73.0713549, 19.0505775 ], [ 73.0713257, 19.0505885 ], [ 73.0712874, 19.0505941 ] ] } },
{ "type": "Feature", "properties": { "name": null, "highway": "residential" }, "geometry": { "type": "LineString", "coordinates": [ [ 73.0708294, 19.0503931 ], [ 73.0708586, 19.0503824 ], [ 73.0708831, 19.0503641 ], [ 73.0709008, 19.0503398 ], [ 73.0709107, 19.0503093 ], [ 73.0709098, 19.0502774 ], [ 73.0708984, 19.0502474 ], [ 73.0708753, 19.0502205 ], [ 73.070844, 19.0502027 ], [ 73.0708082, 19.050196 ], [ 73.070772, 19.0502013 ], [ 73.07074, 19.0502179 ], [ 73.0707158, 19.0502439 ], [ 73.0707025, 19.0502761 ], [ 73.0707016, 19.0503106 ], [ 73.0707092, 19.0503358 ], [ 73.0707235, 19.0503582 ], [ 73.0707435, 19.0503763 ], [ 73.0707678, 19.0503889 ], [ 73.0707983, 19.0503954 ], [ 73.0708294, 19.0503931 ] ] } },
{ "type": "Feature", "properties": { "name": null, "highway": "service" }, "geometry": { "type": "LineString", "coordinates": [ [ 73.0644546, 19.0649636 ], [ 73.064488, 19.0649711 ], [ 73.0645296, 19.0649711 ], [ 73.0645725, 19.0649597 ], [ 73.0646064, 19.0649306 ], [ 73.0646412, 19.0648811 ] ] } },
{ "type": "Feature", "properties": { "name": null, "highway": "secondary" }, "geometry": { "type": "LineString", "coordinates": [ [ 73.0700618, 19.0471892 ], [ 73.0700165, 19.0471592 ], [ 73.0699642, 19.0471423 ], [ 73.069909, 19.0471398 ], [ 73.0698518, 19.0471532 ], [ 73.0698013, 19.047182 ], [ 73.069762, 19.0472237 ], [ 73.0697369, 19.0472771 ], [ 73.0697305, 19.0473353 ], [ 73.0697434, 19.0473924 ], [ 73.0697745, 19.047443 ], [ 73.0698232, 19.0474835 ], [ 73.0698832, 19.0475069 ] ] } },
{ "type": "Feature", "properties": { "name": null, "highway": "residential" }, "geometry": { "type": "LineString", "coordinates": [ [ 73.0788685, 19.0387246 ], [ 73.0787629, 19.0388935 ], [ 73.0787242, 19.0390047 ] ] } },
{ "type": "Feature", "properties": { "name": null, "highway": "residential" }, "geometry": { "type": "LineString", "coordinates": [ [ 73.0805129, 19.0379866 ], [ 73.0804304, 19.0379937 ], [ 73.0803479, 19.0380007 ], [ 73.080322, 19.0378784 ], [ 73.0802877, 19.0377956 ], [ 73.0802573, 19.0377614 ], [ 73.0802019, 19.0377353 ], [ 73.0801556, 19.0377438 ], [ 73.0801156, 19.0377816 ], [ 73.0796128, 19.0381638 ], [ 73.0794047, 19.0383195 ], [ 73.0791568, 19.0385045 ], [ 73.0788685, 19.0387246 ] ] } },
{ "type": "Feature", "properties": { "name": null, "highway": "residential" }, "geometry": { "type": "LineString", "coordinates": [ [ 73.0782088, 19.0395809 ], [ 73.0783849, 19.039491 ], [ 73.0785123, 19.0395121 ], [ 73.0786447, 19.0395244 ], [ 73.0788164, 19.0395382 ], [ 73.0789419, 19.0395566 ], [ 73.0791026, 19.0395658 ], [ 73.0792943, 19.0395469 ], [ 73.0794614, 19.039501 ], [ 73.0796108, 19.0394343 ], [ 73.0797759, 19.0393405 ], [ 73.0799886, 19.0391282 ], [ 73.0800921, 19.0390008 ], [ 73.0801706, 19.0388278 ], [ 73.0802459, 19.038581 ], [ 73.080283, 19.0383784 ], [ 73.0802905, 19.0381697 ], [ 73.0803177, 19.0380912 ], [ 73.0803479, 19.0380007 ] ] } },
{ "type": "Feature", "properties": { "name": null, "highway": "service" }, "geometry": { "type": "LineString", "coordinates": [ [ 73.0781249, 19.0365226 ], [ 73.0783588, 19.0367713 ], [ 73.0783772, 19.0367983 ], [ 73.0783697, 19.0368191 ], [ 73.077918, 19.0371384 ], [ 73.0778951, 19.0371492 ], [ 73.0778706, 19.037142 ], [ 73.0776497, 19.0369051 ], [ 73.0781249, 19.0365226 ] ] } },
{ "type": "Feature", "properties": { "name": null, "highway": "residential" }, "geometry": { "type": "LineString", "coordinates": [ [ 73.0676487, 19.0675498 ], [ 73.0676141, 19.067344 ], [ 73.0676235, 19.0671931 ], [ 73.0676731, 19.067055 ], [ 73.0677214, 19.0670043 ] ] } },
{ "type": "Feature", "properties": { "name": null, "highway": "residential" }, "geometry": { "type": "LineString", "coordinates": [ [ 73.07502, 19.0341813 ], [ 73.0750624, 19.0341437 ], [ 73.0752379, 19.0339881 ], [ 73.075355, 19.0338843 ], [ 73.0753805, 19.0338729 ], [ 73.0754167, 19.0338703 ], [ 73.0754389, 19.0338831 ], [ 73.0755664, 19.0340116 ], [ 73.0755741, 19.0340195 ], [ 73.0755792, 19.0340281 ], [ 73.075578, 19.0340384 ], [ 73.0755696, 19.0340474 ], [ 73.0753845, 19.0342205 ] ] } },
{ "type": "Feature", "properties": { "name": null, "highway": "residential" }, "geometry": { "type": "LineString", "coordinates": [ [ 73.0784634, 19.0348737 ], [ 73.0776966, 19.0356021 ], [ 73.0775709, 19.0357073 ], [ 73.0775304, 19.0357095 ], [ 73.0774817, 19.0357009 ], [ 73.0773452, 19.0355679 ], [ 73.0770323, 19.0352547 ], [ 73.0770242, 19.0352251 ], [ 73.0770384, 19.035205 ], [ 73.0780038, 19.0343246 ], [ 73.0780386, 19.0342928 ], [ 73.0780413, 19.0342906 ], [ 73.0780982, 19.0342384 ] ] } },
{ "type": "Feature", "properties": { "name": null, "highway": "residential" }, "geometry": { "type": "LineString", "coordinates": [ [ 73.0767734, 19.0347044 ], [ 73.0767771, 19.0347077 ], [ 73.0770984, 19.0350373 ], [ 73.0771099, 19.0350466 ], [ 73.0771237, 19.0350482 ], [ 73.0771377, 19.0350434 ], [ 73.0771487, 19.0350354 ], [ 73.07799, 19.0342536 ], [ 73.0779931, 19.0342507 ], [ 73.0780547, 19.0341959 ] ] } },
{ "type": "Feature", "properties": { "name": null, "highway": "residential" }, "geometry": { "type": "LineString", "coordinates": [ [ 73.0715357, 19.04491 ], [ 73.0710573, 19.0450523 ] ] } },
{ "type": "Feature", "properties": { "name": null, "highway": "residential" }, "geometry": { "type": "LineString", "coordinates": [ [ 73.0718243, 19.0455965 ], [ 73.0715644, 19.045628 ], [ 73.0715372, 19.0454827 ], [ 73.0715032, 19.0453988 ], [ 73.0714791, 19.0453684 ], [ 73.0714178, 19.0453337 ], [ 73.0713637, 19.0452473 ], [ 73.0712741, 19.0451695 ], [ 73.0711506, 19.0451443 ], [ 73.0710573, 19.0450523 ], [ 73.0710417, 19.0450302 ], [ 73.0709498, 19.0448043 ], [ 73.0709247, 19.0447494 ], [ 73.0709025, 19.0446841 ], [ 73.0708647, 19.0445528 ], [ 73.0708475, 19.0444965 ] ] } },
{ "type": "Feature", "properties": { "name": null, "highway": "residential" }, "geometry": { "type": "LineString", "coordinates": [ [ 73.0783849, 19.039491 ], [ 73.0785582, 19.0393521 ], [ 73.0787639, 19.0393762 ], [ 73.0789513, 19.0393857 ], [ 73.0790935, 19.039381 ], [ 73.0792229, 19.0393616 ], [ 73.0793595, 19.0393255 ], [ 73.0794534, 19.0392853 ], [ 73.0795473, 19.0392368 ], [ 73.0796496, 19.0391735 ], [ 73.0797887, 19.0390403 ], [ 73.0798749, 19.0389359 ], [ 73.0799349, 19.0388427 ], [ 73.0799925, 19.0387398 ], [ 73.0800515, 19.0385534 ], [ 73.0800788, 19.0383629 ], [ 73.0800641, 19.0382504 ], [ 73.0800464, 19.0381222 ] ] } },
{ "type": "Feature", "properties": { "name": null, "highway": "service" }, "geometry": { "type": "LineString", "coordinates": [ [ 73.0780829, 19.0363501 ], [ 73.0781101, 19.0363798 ], [ 73.0785458, 19.0368567 ] ] } },
{ "type": "Feature", "properties": { "name": null, "highway": "residential" }, "geometry": { "type": "LineString", "coordinates": [ [ 73.0808751, 19.0587315 ], [ 73.080089, 19.0588225 ], [ 73.0800414, 19.058861 ], [ 73.0800309, 19.0589067 ], [ 73.0801249, 19.0596012 ] ] } },
{ "type": "Feature", "properties": { "name": null, "highway": "track" }, "geometry": { "type": "LineString", "coordinates": [ [ 73.055432, 19.0709405 ], [ 73.0553296, 19.0708562 ], [ 73.0552223, 19.0708157 ], [ 73.0546832, 19.0707523 ], [ 73.0544525, 19.0707675 ], [ 73.054238, 19.0708055 ], [ 73.054179, 19.0707878 ], [ 73.0541468, 19.0707574 ], [ 73.054136, 19.0706813 ], [ 73.0541173, 19.0704202 ], [ 73.0541387, 19.0703366 ], [ 73.054246, 19.0701034 ], [ 73.054297, 19.0700653 ], [ 73.054356, 19.0700628 ], [ 73.0544606, 19.0700957 ], [ 73.0545947, 19.0701439 ], [ 73.0547073, 19.0701895 ], [ 73.0547798, 19.0701997 ], [ 73.0548468, 19.0701845 ], [ 73.0548951, 19.0701515 ], [ 73.0549541, 19.0700957 ], [ 73.0549876, 19.0700374 ], [ 73.0550185, 19.0699487 ], [ 73.0550614, 19.0697535 ], [ 73.0550882, 19.0696724 ], [ 73.0551285, 19.0696179 ], [ 73.0552518, 19.0695064 ], [ 73.0552921, 19.0694544 ], [ 73.0553484, 19.0693505 ], [ 73.0553792, 19.0691299 ], [ 73.0553685, 19.0689943 ], [ 73.0553269, 19.0688473 ], [ 73.0552572, 19.0687775 ], [ 73.0551513, 19.0687167 ], [ 73.0550493, 19.0686673 ] ] } },
{ "type": "Feature", "properties": { "name": null, "highway": "track" }, "geometry": { "type": "LineString", "coordinates": [ [ 73.0558527, 19.0739071 ], [ 73.0556756, 19.0738044 ], [ 73.0556354, 19.073774 ], [ 73.0556166, 19.0737487 ], [ 73.0556166, 19.0737056 ], [ 73.0556381, 19.0735611 ], [ 73.0556327, 19.0734901 ], [ 73.0555952, 19.0734293 ], [ 73.0553618, 19.0731732 ], [ 73.055335, 19.0731175 ], [ 73.055335, 19.0730718 ], [ 73.0553591, 19.0730262 ], [ 73.0554476, 19.0729425 ], [ 73.0554771, 19.0728944 ], [ 73.0554986, 19.0728133 ], [ 73.0554745, 19.0725775 ], [ 73.055445, 19.0725015 ], [ 73.0554101, 19.0724584 ], [ 73.0552867, 19.0723848 ], [ 73.0552304, 19.0723215 ], [ 73.0552062, 19.0722834 ] ] } },
{ "type": "Feature", "properties": { "name": null, "highway": "residential" }, "geometry": { "type": "LineString", "coordinates": [ [ 73.0769294, 19.0592124 ], [ 73.0785847, 19.0589985 ] ] } },
{ "type": "Feature", "properties": { "name": null, "highway": "service" }, "geometry": { "type": "LineString", "coordinates": [ [ 73.0648225, 19.06656 ], [ 73.0648933, 19.0668467 ], [ 73.0649862, 19.0671125 ], [ 73.0649432, 19.0671848 ] ] } },
{ "type": "Feature", "properties": { "name": null, "highway": "residential" }, "geometry": { "type": "LineString", "coordinates": [ [ 73.0594255, 19.0683804 ], [ 73.0595304, 19.0684477 ], [ 73.0596089, 19.0685354 ], [ 73.059644, 19.0685745 ], [ 73.0596947, 19.0686434 ], [ 73.059736, 19.068709 ], [ 73.0597694, 19.0687376 ], [ 73.0597953, 19.0687384 ], [ 73.0598313, 19.0687281 ], [ 73.0598536, 19.0687185 ], [ 73.0598759, 19.0686956 ], [ 73.0598874, 19.0686593 ], [ 73.0599022, 19.068637 ], [ 73.0599364, 19.0686089 ], [ 73.0599963, 19.0685695 ], [ 73.0600496, 19.0685332 ], [ 73.0601091, 19.0685066 ], [ 73.0601687, 19.0684916 ] ] } },
{ "type": "Feature", "properties": { "name": null, "highway": "service" }, "geometry": { "type": "LineString", "coordinates": [ [ 73.0657421, 19.0614118 ], [ 73.0662265, 19.0624188 ], [ 73.0662995, 19.0625201 ], [ 73.0665362, 19.0627485 ], [ 73.0666204, 19.062841 ], [ 73.0666996, 19.0629647 ], [ 73.0671512, 19.0640025 ] ] } },
{ "type": "Feature", "properties": { "name": null, "highway": "service" }, "geometry": { "type": "LineString", "coordinates": [ [ 73.0732963, 19.0715304 ], [ 73.0734247, 19.0720488 ], [ 73.0734393, 19.0721303 ] ] } },
{ "type": "Feature", "properties": { "name": null, "highway": "track" }, "geometry": { "type": "LineString", "coordinates": [ [ 73.0754347, 19.0743078 ], [ 73.0756018, 19.07502 ], [ 73.0758994, 19.0762887 ], [ 73.075951, 19.076388 ], [ 73.0761245, 19.076577 ] ] } },
{ "type": "Feature", "properties": { "name": null, "highway": "service" }, "geometry": { "type": "LineString", "coordinates": [ [ 73.0721058, 19.0581512 ], [ 73.0721634, 19.058597 ], [ 73.0721897, 19.0588088 ], [ 73.0721949, 19.0588724 ], [ 73.0721886, 19.0589026 ], [ 73.0721682, 19.0589223 ], [ 73.0720632, 19.0589543 ], [ 73.072018, 19.058991 ], [ 73.072005, 19.0590202 ], [ 73.0720022, 19.0590676 ], [ 73.0721732, 19.0602778 ], [ 73.0722697, 19.0612497 ] ] } },
{ "type": "Feature", "properties": { "name": null, "highway": "service" }, "geometry": { "type": "LineString", "coordinates": [ [ 73.0630984, 19.0651205 ], [ 73.0627778, 19.065211 ], [ 73.0626239, 19.0652472 ], [ 73.0622758, 19.0653264 ] ] } },
{ "type": "Feature", "properties": { "name": null, "highway": "service" }, "geometry": { "type": "LineString", "coordinates": [ [ 73.0626239, 19.0652472 ], [ 73.062553, 19.0653848 ], [ 73.0625466, 19.065419 ], [ 73.0625524, 19.0654432 ], [ 73.0625743, 19.0654714 ], [ 73.0626948, 19.0655577 ], [ 73.0627776, 19.0656364 ], [ 73.0628344, 19.0657274 ], [ 73.0628429, 19.0658213 ], [ 73.0628394, 19.0658988 ], [ 73.0628071, 19.0660051 ], [ 73.0627649, 19.066162 ], [ 73.0627649, 19.0661979 ], [ 73.0627879, 19.0662282 ], [ 73.0628535, 19.066263 ], [ 73.0629809, 19.0662813 ], [ 73.0630151, 19.0662777 ], [ 73.063042, 19.0662672 ], [ 73.0630624, 19.0662557 ], [ 73.0631143, 19.0661177 ], [ 73.0631629, 19.0659612 ], [ 73.0631647, 19.0658705 ], [ 73.063156, 19.0657912 ], [ 73.0631129, 19.0656161 ], [ 73.0630688, 19.0655027 ], [ 73.06299, 19.0654156 ], [ 73.06287, 19.065294 ], [ 73.0627778, 19.065211 ] ] } },
{ "type": "Feature", "properties": { "name": null, "highway": "service" }, "geometry": { "type": "LineString", "coordinates": [ [ 73.0663999, 19.0668284 ], [ 73.0676162, 19.0664427 ] ] } },
{ "type": "Feature", "properties": { "name": null, "highway": "service" }, "geometry": { "type": "LineString", "coordinates": [ [ 73.0698833, 19.084243 ], [ 73.0694877, 19.083205 ], [ 73.0694541, 19.0831594 ], [ 73.0694112, 19.0831328 ], [ 73.0693428, 19.0831264 ], [ 73.0687219, 19.0831176 ], [ 73.0686119, 19.0831125 ], [ 73.0684993, 19.0830745 ], [ 73.0684242, 19.083001 ], [ 73.0683494, 19.082854 ], [ 73.0683601, 19.0828107 ], [ 73.0684188, 19.0826309 ], [ 73.0684617, 19.0825092 ], [ 73.0686173, 19.0821493 ], [ 73.0686682, 19.0820453 ], [ 73.0687487, 19.0818983 ], [ 73.0687863, 19.0817944 ], [ 73.0691108, 19.0808869 ], [ 73.0691484, 19.080816 ], [ 73.0691966, 19.0807627 ], [ 73.0693227, 19.0806487 ], [ 73.069379, 19.0805777 ], [ 73.0693978, 19.080489 ], [ 73.0694005, 19.080276 ], [ 73.0694032, 19.0801746 ], [ 73.0694273, 19.0800885 ], [ 73.0694836, 19.0800124 ], [ 73.0697545, 19.0797564 ], [ 73.0698162, 19.079693 ], [ 73.0698779, 19.0795815 ], [ 73.0699289, 19.0794623 ], [ 73.0699503, 19.0793483 ], [ 73.0699798, 19.0790111 ], [ 73.0700067, 19.0788996 ], [ 73.0700576, 19.0787602 ], [ 73.0701, 19.0786601 ], [ 73.0701756, 19.0784813 ], [ 73.0702087, 19.0783561 ], [ 73.070241, 19.0779649 ], [ 73.0703112, 19.077744 ], [ 73.0704103, 19.0775976 ], [ 73.0707334, 19.0773401 ], [ 73.0708842, 19.077189 ], [ 73.0711986, 19.0768364 ], [ 73.071306, 19.0767281 ], [ 73.0713717, 19.0765974 ], [ 73.0714155, 19.0764035 ], [ 73.0713989, 19.0762204 ], [ 73.071372, 19.0760168 ], [ 73.0713711, 19.0760096 ], [ 73.0713163, 19.0754116 ], [ 73.0713494, 19.075097 ], [ 73.0714559, 19.0746192 ], [ 73.07159, 19.0740173 ], [ 73.0716207, 19.0739206 ], [ 73.0716705, 19.0737638 ], [ 73.0718101, 19.073503 ] ] } },
{ "type": "Feature", "properties": { "name": null, "highway": "footway" }, "geometry": { "type": "LineString", "coordinates": [ [ 73.083329, 19.0447279 ], [ 73.0833465, 19.044972 ] ] } },
{ "type": "Feature", "properties": { "name": null, "highway": "residential" }, "geometry": { "type": "LineString", "coordinates": [ [ 73.0835975, 19.0466302 ], [ 73.0837395, 19.0466163 ], [ 73.0840924, 19.0465818 ], [ 73.0841157, 19.0465739 ], [ 73.0841265, 19.0465494 ], [ 73.0841171, 19.0464625 ], [ 73.0841242, 19.0464286 ], [ 73.0841577, 19.046409 ], [ 73.084195, 19.0464038 ], [ 73.0842175, 19.046389 ], [ 73.0842198, 19.0463594 ], [ 73.0841971, 19.0460849 ], [ 73.0841884, 19.0459791 ] ] } },
{ "type": "Feature", "properties": { "name": null, "highway": "residential" }, "geometry": { "type": "LineString", "coordinates": [ [ 73.0835121, 19.046055 ], [ 73.0835288, 19.0461675 ], [ 73.0835975, 19.0466302 ], [ 73.083552, 19.046637 ], [ 73.083525, 19.0466516 ], [ 73.083515, 19.0466859 ], [ 73.0835381, 19.0468914 ], [ 73.083368, 19.0468894 ], [ 73.0832975, 19.0468721 ], [ 73.0832336, 19.0468519 ], [ 73.0831569, 19.0468092 ] ] } },
{ "type": "Feature", "properties": { "name": null, "highway": "residential" }, "geometry": { "type": "LineString", "coordinates": [ [ 73.0824031, 19.0422378 ], [ 73.0818439, 19.0423278 ], [ 73.0819218, 19.0430103 ], [ 73.0824671, 19.0429659 ], [ 73.083007, 19.0429223 ], [ 73.083051, 19.0429187 ], [ 73.083095, 19.0429152 ] ] } },
{ "type": "Feature", "properties": { "name": null, "highway": "residential" }, "geometry": { "type": "LineString", "coordinates": [ [ 73.0825467, 19.0437015 ], [ 73.0825403, 19.0436397 ], [ 73.0825377, 19.0436148 ], [ 73.0825242, 19.0434788 ], [ 73.0824826, 19.0430824 ], [ 73.0824671, 19.0429659 ], [ 73.0824506, 19.0427925 ], [ 73.0824031, 19.0422378 ] ] } },
{ "type": "Feature", "properties": { "name": null, "highway": "residential" }, "geometry": { "type": "LineString", "coordinates": [ [ 73.0786447, 19.0395244 ], [ 73.0788463, 19.0396321 ], [ 73.0789585, 19.0397023 ], [ 73.0790562, 19.0397734 ], [ 73.0791691, 19.039864 ], [ 73.0792624, 19.0399713 ], [ 73.0794009, 19.0401814 ], [ 73.0794456, 19.0402777 ], [ 73.0794649, 19.0403773 ], [ 73.0794773, 19.0405428 ], [ 73.0795246, 19.0407675 ], [ 73.079535, 19.0407844 ], [ 73.0795613, 19.0407929 ], [ 73.0796756, 19.0407861 ], [ 73.0796638, 19.0405581 ], [ 73.0796712, 19.0404552 ], [ 73.0796857, 19.0403344 ], [ 73.0797954, 19.0400051 ], [ 73.0799042, 19.0398132 ], [ 73.0800184, 19.0396818 ], [ 73.0801622, 19.0395592 ], [ 73.0802959, 19.0394791 ], [ 73.0803102, 19.0394769 ], [ 73.0803234, 19.0394807 ], [ 73.0804385, 19.0396211 ] ] } },
{ "type": "Feature", "properties": { "name": null, "highway": "residential" }, "geometry": { "type": "LineString", "coordinates": [ [ 73.0779182, 19.0407978 ], [ 73.0784199, 19.0404364 ], [ 73.0785821, 19.0403192 ] ] } },
{ "type": "Feature", "properties": { "name": null, "highway": "service" }, "geometry": { "type": "LineString", "coordinates": [ [ 73.0802592, 19.0418887 ], [ 73.0802227, 19.0414977 ], [ 73.0802325, 19.0414649 ], [ 73.0802607, 19.0414344 ], [ 73.0803306, 19.0414185 ], [ 73.0806257, 19.0413728 ], [ 73.0809296, 19.0413221 ] ] } },
{ "type": "Feature", "properties": { "name": null, "highway": "residential" }, "geometry": { "type": "LineString", "coordinates": [ [ 73.0771125, 19.0498679 ], [ 73.0779256, 19.0491762 ] ] } },
{ "type": "Feature", "properties": { "name": null, "highway": "service" }, "geometry": { "type": "LineString", "coordinates": [ [ 73.0795959, 19.0450107 ], [ 73.0795628, 19.0449151 ], [ 73.0795215, 19.0448394 ], [ 73.0793724, 19.0446569 ], [ 73.0789116, 19.0441504 ] ] } },
{ "type": "Feature", "properties": { "name": null, "highway": "service" }, "geometry": { "type": "LineString", "coordinates": [ [ 73.0823313, 19.0417995 ], [ 73.0823227, 19.041718 ], [ 73.0822402, 19.0409354 ] ] } },
{ "type": "Feature", "properties": { "name": null, "highway": "residential" }, "geometry": { "type": "LineString", "coordinates": [ [ 73.0798791, 19.0487817 ], [ 73.0800842, 19.0487983 ], [ 73.0801574, 19.0488037 ], [ 73.0802214, 19.0488413 ], [ 73.0802714, 19.0489342 ], [ 73.0803022, 19.0490683 ], [ 73.0803293, 19.0492314 ], [ 73.0803332, 19.0493068 ], [ 73.0803295, 19.0493783 ], [ 73.0803257, 19.0494361 ], [ 73.0803162, 19.0495782 ], [ 73.0803046, 19.0496257 ], [ 73.0802836, 19.04967 ], [ 73.0802301, 19.0497459 ], [ 73.0801935, 19.0498053 ], [ 73.0801484, 19.0499113 ], [ 73.0801027, 19.0501517 ], [ 73.0800994, 19.050226 ], [ 73.0801076, 19.0504548 ], [ 73.0800993, 19.0505308 ], [ 73.0800682, 19.0506264 ], [ 73.0800378, 19.05069 ], [ 73.0799829, 19.050804 ] ] } },
{ "type": "Feature", "properties": { "name": "Sector 35 Seaface", "highway": "residential" }, "geometry": { "type": "LineString", "coordinates": [ [ 73.0887447, 19.0216184 ], [ 73.088729, 19.0215992 ], [ 73.0885054, 19.0213251 ] ] } },
{ "type": "Feature", "properties": { "name": null, "highway": "footway" }, "geometry": { "type": "LineString", "coordinates": [ [ 73.0897785, 19.0211321 ], [ 73.0898107, 19.0211075 ], [ 73.0901487, 19.0208496 ], [ 73.0902858, 19.0207457 ], [ 73.0903027, 19.0207268 ], [ 73.090314, 19.0207142 ], [ 73.0903379, 19.0206783 ] ] } },
{ "type": "Feature", "properties": { "name": null, "highway": "residential" }, "geometry": { "type": "LineString", "coordinates": [ [ 73.088114, 19.0173853 ], [ 73.0885324, 19.0179551 ], [ 73.0885068, 19.0180304 ], [ 73.0884907, 19.0180777 ], [ 73.0883943, 19.0183049 ] ] } },
{ "type": "Feature", "properties": { "name": null, "highway": "residential" }, "geometry": { "type": "LineString", "coordinates": [ [ 73.09089, 19.0174904 ], [ 73.0898212, 19.0171029 ], [ 73.0896695, 19.0170371 ], [ 73.0895009, 19.0169209 ], [ 73.0884948, 19.0163344 ] ] } },
{ "type": "Feature", "properties": { "name": "Mansarovar Station Road", "highway": "secondary" }, "geometry": { "type": "LineString", "coordinates": [ [ 73.0886497, 19.0198871 ], [ 73.0895263, 19.0210003 ], [ 73.0897002, 19.0212188 ], [ 73.0897186, 19.0212422 ], [ 73.0897677, 19.0213044 ], [ 73.0899985, 19.021597 ], [ 73.0902988, 19.0219777 ], [ 73.0906296, 19.0223969 ], [ 73.091204, 19.0231249 ], [ 73.091224, 19.023151 ], [ 73.0914108, 19.023395 ], [ 73.0916874, 19.0237562 ], [ 73.0919466, 19.0240742 ], [ 73.092193, 19.0244116 ], [ 73.092206, 19.0244265 ], [ 73.0925561, 19.0248487 ], [ 73.0926241, 19.024923 ], [ 73.0928826, 19.0252548 ], [ 73.0939634, 19.0266229 ] ] } },
{ "type": "Feature", "properties": { "name": null, "highway": "tertiary" }, "geometry": { "type": "LineString", "coordinates": [ [ 73.0886497, 19.0198871 ], [ 73.0887415, 19.019821 ] ] } },
{ "type": "Feature", "properties": { "name": null, "highway": "tertiary" }, "geometry": { "type": "LineString", "coordinates": [ [ 73.085731, 19.033029 ], [ 73.0858223, 19.0329947 ], [ 73.0859962, 19.0329221 ] ] } },
{ "type": "Feature", "properties": { "name": null, "highway": "residential" }, "geometry": { "type": "LineString", "coordinates": [ [ 73.0868261, 19.0148072 ], [ 73.0868942, 19.0148846 ], [ 73.0872338, 19.0153404 ], [ 73.087279, 19.0153918 ] ] } },
{ "type": "Feature", "properties": { "name": "Sky Ave Road", "highway": "residential" }, "geometry": { "type": "LineString", "coordinates": [ [ 73.0857963, 19.0197677 ], [ 73.0860775, 19.0195781 ], [ 73.0861761, 19.0195116 ], [ 73.0864854, 19.0192965 ], [ 73.0867358, 19.0191267 ] ] } },
{ "type": "Feature", "properties": { "name": null, "highway": "track" }, "geometry": { "type": "LineString", "coordinates": [ [ 73.0706978, 19.0330629 ], [ 73.0707045, 19.0332831 ], [ 73.0706824, 19.0333451 ], [ 73.070524, 19.0335425 ], [ 73.0705068, 19.0336063 ], [ 73.0704948, 19.0337195 ], [ 73.0706504, 19.0340034 ], [ 73.0707014, 19.0341049 ] ] } },
{ "type": "Feature", "properties": { "name": null, "highway": "residential" }, "geometry": { "type": "LineString", "coordinates": [ [ 73.0647792, 19.0296433 ], [ 73.0650203, 19.0298078 ], [ 73.0653656, 19.0300433 ], [ 73.0654435, 19.0300956 ] ] } },
{ "type": "Feature", "properties": { "name": null, "highway": "residential" }, "geometry": { "type": "LineString", "coordinates": [ [ 73.0639117, 19.0294022 ], [ 73.0635542, 19.0299098 ] ] } },
{ "type": "Feature", "properties": { "name": null, "highway": "service" }, "geometry": { "type": "LineString", "coordinates": [ [ 73.0636201, 19.0319219 ], [ 73.0634797, 19.0321002 ], [ 73.0630816, 19.0326063 ], [ 73.0631263, 19.0326988 ], [ 73.0633542, 19.0328488 ], [ 73.063432, 19.0327432 ], [ 73.0638032, 19.0329875 ], [ 73.0638498, 19.0330182 ] ] } },
{ "type": "Feature", "properties": { "name": null, "highway": "residential" }, "geometry": { "type": "LineString", "coordinates": [ [ 73.0573481, 19.028667 ], [ 73.0572011, 19.0287371 ], [ 73.0571515, 19.0287709 ], [ 73.0569758, 19.0289433 ], [ 73.056844, 19.0290819 ], [ 73.0568296, 19.0292324 ], [ 73.0568398, 19.0295805 ] ] } },
{ "type": "Feature", "properties": { "name": null, "highway": "residential" }, "geometry": { "type": "LineString", "coordinates": [ [ 73.056844, 19.0290819 ], [ 73.0566969, 19.0290549 ], [ 73.0566164, 19.0290557 ], [ 73.0565294, 19.029085 ], [ 73.056491, 19.0291243 ], [ 73.0564165, 19.0292831 ], [ 73.0563669, 19.0294416 ] ] } },
{ "type": "Feature", "properties": { "name": null, "highway": "residential" }, "geometry": { "type": "LineString", "coordinates": [ [ 73.0566914, 19.0338818 ], [ 73.0567541, 19.0338244 ], [ 73.0567956, 19.0338117 ], [ 73.0568645, 19.0338082 ], [ 73.0570536, 19.0338126 ], [ 73.0570972, 19.0338266 ], [ 73.057118, 19.0338576 ], [ 73.0571287, 19.0338963 ], [ 73.0571982, 19.0344477 ], [ 73.0572585, 19.0344445 ], [ 73.0574865, 19.0344253 ], [ 73.0579082, 19.0343805 ] ] } },
{ "type": "Feature", "properties": { "name": null, "highway": "service" }, "geometry": { "type": "LineString", "coordinates": [ [ 73.068519, 19.0327528 ], [ 73.0686299, 19.0326243 ], [ 73.0687567, 19.0323996 ] ] } },
{ "type": "Feature", "properties": { "name": null, "highway": "residential" }, "geometry": { "type": "LineString", "coordinates": [ [ 73.0770338, 19.0341097 ], [ 73.0769608, 19.0340437 ], [ 73.0765947, 19.0337121 ], [ 73.0765542, 19.0336767 ], [ 73.0764647, 19.0335973 ], [ 73.0764415, 19.0336023 ], [ 73.0764264, 19.0336138 ], [ 73.0763319, 19.0336965 ], [ 73.0763305, 19.0337089 ], [ 73.0763371, 19.0337195 ], [ 73.0768811, 19.0342392 ] ] } },
{ "type": "Feature", "properties": { "name": null, "highway": "residential" }, "geometry": { "type": "LineString", "coordinates": [ [ 73.0594446, 19.0325522 ], [ 73.0598515, 19.032259 ] ] } },
{ "type": "Feature", "properties": { "name": null, "highway": "service" }, "geometry": { "type": "LineString", "coordinates": [ [ 73.0595159, 19.0305969 ], [ 73.0589862, 19.0302064 ], [ 73.0589493, 19.0301998 ], [ 73.0589021, 19.0302073 ], [ 73.058868, 19.0302236 ], [ 73.0587955, 19.0302719 ], [ 73.0585849, 19.030486 ], [ 73.0585607, 19.0305213 ], [ 73.0585404, 19.0305656 ], [ 73.0584717, 19.0308492 ], [ 73.0584691, 19.0308833 ], [ 73.0584777, 19.0309098 ], [ 73.0586584, 19.0311841 ], [ 73.0586836, 19.0311922 ], [ 73.058705, 19.0311916 ], [ 73.0591751, 19.0311159 ], [ 73.059215, 19.0311038 ], [ 73.0592486, 19.0310712 ], [ 73.0593937, 19.030903 ], [ 73.0594375, 19.0308409 ], [ 73.059473, 19.0307706 ], [ 73.0594854, 19.0307202 ], [ 73.0594946, 19.0306405 ], [ 73.0595159, 19.0305969 ], [ 73.0595402, 19.0305606 ], [ 73.0596134, 19.0304692 ] ] } },
{ "type": "Feature", "properties": { "name": null, "highway": "residential" }, "geometry": { "type": "LineString", "coordinates": [ [ 73.0672688, 19.0551408 ], [ 73.0673413, 19.0542046 ], [ 73.067362, 19.0540877 ], [ 73.0674022, 19.0539562 ] ] } },
{ "type": "Feature", "properties": { "name": null, "highway": "residential" }, "geometry": { "type": "LineString", "coordinates": [ [ 73.0671981, 19.0539388 ], [ 73.0672239, 19.0540801 ], [ 73.067235, 19.0541925 ], [ 73.067138, 19.0551502 ] ] } },
{ "type": "Feature", "properties": { "name": null, "highway": "residential" }, "geometry": { "type": "LineString", "coordinates": [ [ 73.0713608, 19.0516047 ], [ 73.0713535, 19.0515323 ], [ 73.0712994, 19.0511756 ], [ 73.0712949, 19.0511289 ], [ 73.0712637, 19.0511097 ], [ 73.071189, 19.0511053 ], [ 73.0710878, 19.0511186 ], [ 73.0710676, 19.0511406 ], [ 73.0710645, 19.0511612 ], [ 73.0711282, 19.0515534 ], [ 73.0711399, 19.0516254 ] ] } },
{ "type": "Feature", "properties": { "name": null, "highway": "residential" }, "geometry": { "type": "LineString", "coordinates": [ [ 73.0709008, 19.0503398 ], [ 73.0710669, 19.050449 ], [ 73.0712874, 19.0505941 ] ] } },
{ "type": "Feature", "properties": { "name": null, "highway": "residential" }, "geometry": { "type": "LineString", "coordinates": [ [ 73.0719814, 19.0478996 ], [ 73.0719751, 19.047826 ], [ 73.0719729, 19.0478044 ], [ 73.0719567, 19.0476443 ], [ 73.0719233, 19.0472964 ], [ 73.0719099, 19.0471565 ] ] } },
{ "type": "Feature", "properties": { "name": null, "highway": "residential" }, "geometry": { "type": "LineString", "coordinates": [ [ 73.0743261, 19.0512951 ], [ 73.0743125, 19.0511326 ], [ 73.0742969, 19.0509883 ], [ 73.0744551, 19.0509633 ], [ 73.0747876, 19.0509191 ], [ 73.0747032, 19.0502926 ] ] } },
{ "type": "Feature", "properties": { "name": null, "highway": "residential" }, "geometry": { "type": "LineString", "coordinates": [ [ 73.0754988, 19.051238 ], [ 73.0743201, 19.0514063 ] ] } },
{ "type": "Feature", "properties": { "name": null, "highway": "residential" }, "geometry": { "type": "LineString", "coordinates": [ [ 73.0743458, 19.0519109 ], [ 73.0752278, 19.0518083 ], [ 73.075291, 19.0517495 ], [ 73.0752992, 19.0516932 ], [ 73.0752667, 19.0515572 ], [ 73.0752253, 19.0515282 ], [ 73.0751226, 19.0515301 ], [ 73.0743111, 19.0516014 ] ] } },
{ "type": "Feature", "properties": { "name": null, "highway": "residential" }, "geometry": { "type": "LineString", "coordinates": [ [ 73.0674022, 19.0539562 ], [ 73.0674593, 19.0539209 ], [ 73.0675015, 19.0538702 ], [ 73.0675244, 19.0538095 ], [ 73.0675257, 19.0537451 ], [ 73.0675052, 19.0536836 ], [ 73.067465, 19.0536315 ], [ 73.0674093, 19.0535943 ], [ 73.067344, 19.0535757 ], [ 73.0672759, 19.0535778 ], [ 73.0672629, 19.0535824 ], [ 73.067212, 19.0536003 ], [ 73.0671752, 19.0536289 ], [ 73.0671571, 19.0536429 ], [ 73.0671203, 19.0537002 ], [ 73.0671056, 19.0537659 ], [ 73.0671148, 19.0538325 ], [ 73.0671469, 19.0538924 ], [ 73.0671755, 19.0539183 ], [ 73.0671981, 19.0539388 ], [ 73.0672627, 19.0539667 ], [ 73.0673334, 19.0539727 ], [ 73.0674022, 19.0539562 ] ] } },
{ "type": "Feature", "properties": { "name": null, "highway": "residential" }, "geometry": { "type": "LineString", "coordinates": [ [ 73.0709415, 19.0472419 ], [ 73.0709549, 19.0473407 ], [ 73.0710278, 19.0478772 ], [ 73.071032, 19.0479079 ], [ 73.0710428, 19.0479871 ] ] } },
{ "type": "Feature", "properties": { "name": null, "highway": "service" }, "geometry": { "type": "LineString", "coordinates": [ [ 73.0646407, 19.0411013 ], [ 73.0646531, 19.0412112 ], [ 73.0647038, 19.0416622 ] ] } },
{ "type": "Feature", "properties": { "name": null, "highway": "service" }, "geometry": { "type": "LineString", "coordinates": [ [ 73.0655522, 19.041671 ], [ 73.0655974, 19.0420234 ], [ 73.0656075, 19.0421026 ] ] } },
{ "type": "Feature", "properties": { "name": null, "highway": "service" }, "geometry": { "type": "LineString", "coordinates": [ [ 73.0653391, 19.0416951 ], [ 73.0653885, 19.0420808 ], [ 73.0653944, 19.0421265 ] ] } },
{ "type": "Feature", "properties": { "name": null, "highway": "service" }, "geometry": { "type": "LineString", "coordinates": [ [ 73.0652724, 19.0410293 ], [ 73.0652835, 19.0411377 ], [ 73.065318, 19.0414732 ] ] } },
{ "type": "Feature", "properties": { "name": null, "highway": "service" }, "geometry": { "type": "LineString", "coordinates": [ [ 73.0646707, 19.0406874 ], [ 73.0655821, 19.0405666 ], [ 73.0656085, 19.0405717 ], [ 73.0656232, 19.0405986 ], [ 73.0656637, 19.0408835 ], [ 73.0656803, 19.0410004 ] ] } },
{ "type": "Feature", "properties": { "name": null, "highway": "service" }, "geometry": { "type": "LineString", "coordinates": [ [ 73.0653324, 19.039948 ], [ 73.0653377, 19.0399881 ], [ 73.0653906, 19.0403919 ] ] } },
{ "type": "Feature", "properties": { "name": null, "highway": "residential" }, "geometry": { "type": "LineString", "coordinates": [ [ 73.0713857, 19.0385035 ], [ 73.0715737, 19.0384858 ], [ 73.0717041, 19.0384735 ], [ 73.0720446, 19.0384405 ], [ 73.0720621, 19.0384388 ] ] } },
{ "type": "Feature", "properties": { "name": null, "highway": "residential" }, "geometry": { "type": "LineString", "coordinates": [ [ 73.0578655, 19.0337448 ], [ 73.0578895, 19.0341584 ], [ 73.0578984, 19.0342396 ], [ 73.0579082, 19.0343805 ] ] } },
{ "type": "Feature", "properties": { "name": null, "highway": "residential" }, "geometry": { "type": "LineString", "coordinates": [ [ 73.0580221, 19.0352266 ], [ 73.0580278, 19.0351951 ], [ 73.0579842, 19.0349487 ] ] } },
{ "type": "Feature", "properties": { "name": null, "highway": "residential" }, "geometry": { "type": "LineString", "coordinates": [ [ 73.0676321, 19.0339818 ], [ 73.067573, 19.0340601 ], [ 73.0675663, 19.0340691 ], [ 73.0673809, 19.0343214 ], [ 73.0671189, 19.0346891 ], [ 73.0671167, 19.0347127 ], [ 73.0671207, 19.0347358 ], [ 73.0671321, 19.0347503 ], [ 73.0672207, 19.0348119 ], [ 73.0674144, 19.0349466 ], [ 73.0675177, 19.0350185 ], [ 73.0675422, 19.0350293 ], [ 73.0675684, 19.0350257 ] ] } },
{ "type": "Feature", "properties": { "name": null, "highway": "residential" }, "geometry": { "type": "LineString", "coordinates": [ [ 73.0726944, 19.0352323 ], [ 73.0729759, 19.0354452 ], [ 73.0730188, 19.0355314 ], [ 73.0730261, 19.0357352 ], [ 73.0730081, 19.03579 ], [ 73.0728788, 19.0359642 ], [ 73.0728715, 19.0359742 ], [ 73.0727764, 19.0361037 ], [ 73.0726862, 19.0362266 ] ] } },
{ "type": "Feature", "properties": { "name": null, "highway": "residential" }, "geometry": { "type": "LineString", "coordinates": [ [ 73.0738165, 19.037361 ], [ 73.0739139, 19.0370949 ], [ 73.0739668, 19.0369126 ], [ 73.0744458, 19.0358407 ], [ 73.0744831, 19.0357125 ], [ 73.0745259, 19.0356305 ], [ 73.0745549, 19.0355921 ], [ 73.0746162, 19.0355556 ], [ 73.0746574, 19.0355144 ], [ 73.0746697, 19.035475 ], [ 73.0746714, 19.0354353 ], [ 73.0745907, 19.0351207 ], [ 73.0745916, 19.0350887 ], [ 73.0745527, 19.034872 ], [ 73.0745463, 19.034732 ] ] } },
{ "type": "Feature", "properties": { "name": null, "highway": "residential" }, "geometry": { "type": "LineString", "coordinates": [ [ 73.076515, 19.0418672 ], [ 73.0768207, 19.041648 ], [ 73.076862, 19.0416162 ], [ 73.0771205, 19.0414167 ], [ 73.0775057, 19.0411477 ] ] } },
{ "type": "Feature", "properties": { "name": null, "highway": "service" }, "geometry": { "type": "LineString", "coordinates": [ [ 73.0768207, 19.041648 ], [ 73.0764334, 19.0411774 ], [ 73.0761429, 19.040822 ], [ 73.0760849, 19.040751 ] ] } },
{ "type": "Feature", "properties": { "name": null, "highway": "service" }, "geometry": { "type": "LineString", "coordinates": [ [ 73.0733742, 19.0450315 ], [ 73.0735418, 19.0450137 ], [ 73.0735854, 19.0449935 ], [ 73.0736082, 19.044977 ], [ 73.0736183, 19.0449554 ], [ 73.0736223, 19.0448439 ], [ 73.0736397, 19.0447957 ], [ 73.073684, 19.0447513 ], [ 73.0737658, 19.044712 ], [ 73.0738489, 19.0446905 ], [ 73.073983, 19.0446791 ], [ 73.0741453, 19.0447196 ], [ 73.0742325, 19.0447767 ], [ 73.0742995, 19.0448388 ], [ 73.0743815, 19.0449685 ], [ 73.0744088, 19.0451318 ], [ 73.0744276, 19.0452443 ], [ 73.0744712, 19.0455056 ], [ 73.0744959, 19.0457253 ], [ 73.0745048, 19.0458051 ], [ 73.0745209, 19.0461346 ], [ 73.0745235, 19.0463283 ], [ 73.0745155, 19.0465084 ], [ 73.0745061, 19.0466529 ], [ 73.0745028, 19.0467154 ], [ 73.0744995, 19.0467779 ] ] } },
{ "type": "Feature", "properties": { "name": null, "highway": "residential" }, "geometry": { "type": "LineString", "coordinates": [ [ 73.0765574, 19.0478924 ], [ 73.0765445, 19.0478224 ], [ 73.076539, 19.0477848 ], [ 73.0764855, 19.0474187 ], [ 73.0764698, 19.0472354 ], [ 73.0764762, 19.0471796 ], [ 73.0765058, 19.0471506 ], [ 73.0765405, 19.0471369 ], [ 73.0770081, 19.0470962 ], [ 73.0771, 19.0471424 ], [ 73.0771306, 19.0471745 ], [ 73.0771514, 19.0472192 ], [ 73.0771574, 19.0472861 ], [ 73.0771755, 19.0474064 ], [ 73.0772316, 19.0475306 ], [ 73.0772811, 19.0475846 ], [ 73.0773436, 19.0476376 ] ] } },
{ "type": "Feature", "properties": { "name": null, "highway": "service" }, "geometry": { "type": "LineString", "coordinates": [ [ 73.0694727, 19.0380197 ], [ 73.0694399, 19.0379823 ], [ 73.0693853, 19.0379198 ], [ 73.0693473, 19.037886 ], [ 73.0688651, 19.0373247 ], [ 73.0686754, 19.0371077 ], [ 73.0686208, 19.0370919 ], [ 73.0685703, 19.037093 ], [ 73.068293, 19.0371487 ], [ 73.0680312, 19.0372523 ], [ 73.0677825, 19.0373111 ], [ 73.0665772, 19.0378466 ], [ 73.0663377, 19.037986 ], [ 73.0662999, 19.0380429 ], [ 73.0662528, 19.0380673 ] ] } },
{ "type": "Feature", "properties": { "name": null, "highway": "residential" }, "geometry": { "type": "LineString", "coordinates": [ [ 73.0686153, 19.0407272 ], [ 73.0692576, 19.0403076 ] ] } },
{ "type": "Feature", "properties": { "name": null, "highway": "residential" }, "geometry": { "type": "LineString", "coordinates": [ [ 73.070496, 19.0463714 ], [ 73.0704224, 19.0457797 ] ] } },
{ "type": "Feature", "properties": { "name": null, "highway": "residential" }, "geometry": { "type": "LineString", "coordinates": [ [ 73.0712148, 19.0465256 ], [ 73.0711306, 19.0465372 ], [ 73.0707912, 19.046584 ], [ 73.0707753, 19.046584 ], [ 73.0707621, 19.046579 ], [ 73.0707526, 19.0465675 ], [ 73.0707495, 19.0465571 ], [ 73.0707292, 19.0463952 ], [ 73.0707228, 19.0463437 ] ] } },
{ "type": "Feature", "properties": { "name": null, "highway": "residential" }, "geometry": { "type": "LineString", "coordinates": [ [ 73.0715908, 19.0470694 ], [ 73.0715742, 19.0469597 ], [ 73.0715472, 19.0467421 ], [ 73.0715421, 19.0467311 ], [ 73.0715352, 19.0467251 ], [ 73.0715267, 19.0467251 ], [ 73.0712882, 19.0467479 ], [ 73.071241, 19.0467524 ] ] } },
{ "type": "Feature", "properties": { "name": null, "highway": "residential" }, "geometry": { "type": "LineString", "coordinates": [ [ 73.0715644, 19.045628 ], [ 73.0716679, 19.0459853 ], [ 73.0717153, 19.0461245 ], [ 73.0717461, 19.0462469 ], [ 73.0717705, 19.0463435 ], [ 73.0718096, 19.0464986 ] ] } },
{ "type": "Feature", "properties": { "name": null, "highway": "path" }, "geometry": { "type": "LineString", "coordinates": [ [ 73.06846, 19.0546921 ], [ 73.0684578, 19.0544959 ] ] } },
{ "type": "Feature", "properties": { "name": null, "highway": "path" }, "geometry": { "type": "LineString", "coordinates": [ [ 73.0687925, 19.053965 ], [ 73.0688374, 19.0538864 ], [ 73.0688851, 19.0537903 ], [ 73.068917, 19.0535988 ], [ 73.0689093, 19.0535189 ], [ 73.068885, 19.0534263 ], [ 73.0688373, 19.0533547 ], [ 73.0687974, 19.053308 ], [ 73.0687387, 19.0532729 ], [ 73.0686585, 19.0532582 ], [ 73.0685189, 19.0532679 ], [ 73.0683102, 19.0532516 ], [ 73.0682256, 19.0532364 ], [ 73.0681377, 19.0532755 ], [ 73.0680825, 19.0533303 ], [ 73.0680646, 19.0533821 ], [ 73.0680569, 19.053497 ], [ 73.0681011, 19.0536096 ], [ 73.0681304, 19.05372 ], [ 73.0681775, 19.0538944 ], [ 73.0682019, 19.0540706 ], [ 73.0682024, 19.0542108 ], [ 73.0681921, 19.054311 ], [ 73.068201, 19.0543553 ], [ 73.0682269, 19.0544078 ], [ 73.0683028, 19.0544571 ], [ 73.0684578, 19.0544959 ] ] } },
{ "type": "Feature", "properties": { "name": null, "highway": "service" }, "geometry": { "type": "LineString", "coordinates": [ [ 73.0670348, 19.0473294 ], [ 73.0669996, 19.0470908 ], [ 73.0669433, 19.0466647 ], [ 73.0661235, 19.046776 ], [ 73.0661686, 19.0471133 ], [ 73.0661755, 19.0471651 ] ] } },
{ "type": "Feature", "properties": { "name": null, "highway": "residential" }, "geometry": { "type": "LineString", "coordinates": [ [ 73.0777324, 19.0413938 ], [ 73.077976, 19.0416686 ], [ 73.0780882, 19.0417867 ] ] } },
{ "type": "Feature", "properties": { "name": null, "highway": "service" }, "geometry": { "type": "LineString", "coordinates": [ [ 73.065939, 19.0427973 ], [ 73.0659687, 19.0430345 ], [ 73.0659789, 19.0431158 ] ] } },
{ "type": "Feature", "properties": { "name": null, "highway": "tertiary" }, "geometry": { "type": "LineString", "coordinates": [ [ 73.0745315, 19.0392583 ], [ 73.074486, 19.0391113 ], [ 73.0744591, 19.0389832 ], [ 73.074431, 19.0388501 ] ] } },
{ "type": "Feature", "properties": { "name": null, "highway": "tertiary" }, "geometry": { "type": "LineString", "coordinates": [ [ 73.0756407, 19.0408252 ], [ 73.0755661, 19.0407481 ], [ 73.0746443, 19.039433 ], [ 73.074597, 19.0393758 ], [ 73.0745637, 19.0393154 ], [ 73.0745315, 19.0392583 ] ] } },
{ "type": "Feature", "properties": { "name": null, "highway": "tertiary" }, "geometry": { "type": "LineString", "coordinates": [ [ 73.074364, 19.0388769 ], [ 73.0744015, 19.0390378 ], [ 73.0744669, 19.0392833 ] ] } },
{ "type": "Feature", "properties": { "name": null, "highway": "service" }, "geometry": { "type": "LineString", "coordinates": [ [ 73.0759276, 19.0363209 ], [ 73.0759063, 19.0363666 ], [ 73.0759003, 19.0364289 ], [ 73.0759231, 19.036665 ], [ 73.0759385, 19.0367929 ], [ 73.0760732, 19.0379121 ], [ 73.0760762, 19.03795 ], [ 73.0761117, 19.0379879 ] ] } },
{ "type": "Feature", "properties": { "name": null, "highway": "path" }, "geometry": { "type": "LineString", "coordinates": [ [ 73.0684578, 19.0544959 ], [ 73.0685523, 19.0544863 ], [ 73.0686693, 19.0544514 ], [ 73.0687075, 19.0544216 ], [ 73.0687352, 19.0543841 ], [ 73.0687537, 19.0542747 ], [ 73.0687598, 19.0541319 ], [ 73.0687736, 19.0540266 ], [ 73.0687925, 19.053965 ] ] } },
{ "type": "Feature", "properties": { "name": null, "highway": "path" }, "geometry": { "type": "LineString", "coordinates": [ [ 73.0681304, 19.05372 ], [ 73.0682901, 19.0537898 ], [ 73.0685677, 19.0539102 ], [ 73.0686676, 19.0539463 ], [ 73.0687925, 19.053965 ] ] } },
{ "type": "Feature", "properties": { "name": null, "highway": "service" }, "geometry": { "type": "LineString", "coordinates": [ [ 73.0769283, 19.0527326 ], [ 73.077009, 19.0532528 ], [ 73.0771288, 19.0541768 ], [ 73.0771247, 19.0542068 ], [ 73.0770947, 19.0542422 ], [ 73.0769981, 19.0543102 ], [ 73.0769166, 19.0543508 ], [ 73.0768254, 19.0544431 ], [ 73.0762925, 19.0550861 ] ] } },
{ "type": "Feature", "properties": { "name": null, "highway": "residential" }, "geometry": { "type": "LineString", "coordinates": [ [ 73.0775057, 19.0411477 ], [ 73.0773423, 19.0409121 ], [ 73.0773039, 19.0408602 ], [ 73.0772969, 19.0408138 ], [ 73.0774475, 19.0407027 ], [ 73.0775112, 19.0406583 ], [ 73.0776423, 19.0405606 ], [ 73.077683, 19.040537 ], [ 73.0777098, 19.0405422 ], [ 73.0779182, 19.0407978 ] ] } },
{ "type": "Feature", "properties": { "name": null, "highway": "track" }, "geometry": { "type": "LineString", "coordinates": [ [ 73.0661342, 19.0249845 ], [ 73.0660389, 19.0251551 ], [ 73.066006, 19.0252141 ], [ 73.0659997, 19.0252749 ], [ 73.066066, 19.0257738 ], [ 73.0661381, 19.0264308 ], [ 73.0661698, 19.0265643 ], [ 73.0662594, 19.0268871 ], [ 73.0662963, 19.0270184 ], [ 73.0664313, 19.0278597 ], [ 73.0663991, 19.0281994 ], [ 73.0663401, 19.0282755 ], [ 73.0657285, 19.0282552 ], [ 73.0653852, 19.0282806 ], [ 73.0650526, 19.0282502 ], [ 73.0645269, 19.0281082 ], [ 73.064146, 19.0279662 ], [ 73.0640012, 19.0279155 ] ] } },
{ "type": "Feature", "properties": { "name": null, "highway": "track" }, "geometry": { "type": "LineString", "coordinates": [ [ 73.0645396, 19.0252376 ], [ 73.064421, 19.0261443 ], [ 73.0643399, 19.0267362 ], [ 73.0643065, 19.026889 ], [ 73.0643135, 19.0269466 ], [ 73.0643249, 19.0269831 ], [ 73.0643281, 19.0270189 ], [ 73.0642779, 19.0272585 ], [ 73.0642222, 19.0273839 ], [ 73.0641932, 19.027437 ], [ 73.0642013, 19.0274854 ], [ 73.0642382, 19.0275144 ], [ 73.064326, 19.0275608 ] ] } },
{ "type": "Feature", "properties": { "name": null, "highway": "service" }, "geometry": { "type": "LineString", "coordinates": [ [ 73.0582249, 19.024199 ], [ 73.0582418, 19.0234667 ], [ 73.0582521, 19.0234032 ], [ 73.0582749, 19.0233674 ], [ 73.0583309, 19.023366 ], [ 73.0586189, 19.0235331 ], [ 73.0586459, 19.0235332 ], [ 73.0586725, 19.0235197 ], [ 73.0586868, 19.0234954 ], [ 73.0587419, 19.0233493 ] ] } },
{ "type": "Feature", "properties": { "name": null, "highway": "track" }, "geometry": { "type": "LineString", "coordinates": [ [ 73.0682941, 19.0277608 ], [ 73.0682431, 19.0276365 ], [ 73.0682217, 19.0275795 ], [ 73.0682351, 19.0275414 ], [ 73.0682847, 19.0275174 ], [ 73.0684121, 19.0274311 ], [ 73.0685234, 19.0273614 ], [ 73.0686347, 19.0272689 ], [ 73.068687, 19.0272346 ], [ 73.0688104, 19.0271915 ], [ 73.0689056, 19.0271408 ], [ 73.069021, 19.0270952 ], [ 73.0691604, 19.0270318 ], [ 73.0692905, 19.0269202 ], [ 73.0693616, 19.0268543 ], [ 73.0693804, 19.0267833 ], [ 73.069367, 19.0266793 ], [ 73.0693244, 19.0265928 ], [ 73.0693251, 19.0265716 ], [ 73.0693418, 19.0265598 ], [ 73.0693884, 19.0265437 ], [ 73.0695359, 19.0264765 ], [ 73.0695789, 19.0264131 ], [ 73.0695762, 19.0263522 ], [ 73.0696164, 19.0262825 ], [ 73.0696526, 19.0262077 ], [ 73.0697049, 19.0261709 ], [ 73.0697317, 19.0261088 ], [ 73.0697532, 19.0260441 ], [ 73.0698122, 19.025963 ], [ 73.0699195, 19.0258869 ], [ 73.0699772, 19.0258438 ], [ 73.0700643, 19.0258223 ], [ 73.0702212, 19.0258121 ], [ 73.0703527, 19.0257779 ], [ 73.0704975, 19.0257424 ], [ 73.0706437, 19.0256815 ], [ 73.0707363, 19.0255737 ], [ 73.0708414, 19.0255052 ] ] } },
{ "type": "Feature", "properties": { "name": null, "highway": "track" }, "geometry": { "type": "LineString", "coordinates": [ [ 73.0726205, 19.029774 ], [ 73.0728646, 19.0296625 ], [ 73.0730483, 19.0295851 ], [ 73.0731583, 19.0295572 ], [ 73.0733514, 19.0294736 ], [ 73.0734895, 19.0294178 ], [ 73.0736478, 19.0293531 ], [ 73.0737484, 19.0293303 ], [ 73.0738798, 19.029272 ] ] } },
{ "type": "Feature", "properties": { "name": null, "highway": "track" }, "geometry": { "type": "LineString", "coordinates": [ [ 73.0723482, 19.0286914 ], [ 73.0727318, 19.0285405 ], [ 73.0727949, 19.0285037 ], [ 73.0728995, 19.0284466 ], [ 73.0730456, 19.0283693 ], [ 73.0731422, 19.0283186 ], [ 73.0731797, 19.028273 ] ] } },
{ "type": "Feature", "properties": { "name": null, "highway": "service" }, "geometry": { "type": "LineString", "coordinates": [ [ 73.0684831, 19.0303785 ], [ 73.0688486, 19.0306384 ] ] } },
{ "type": "Feature", "properties": { "name": null, "highway": "unclassified" }, "geometry": { "type": "LineString", "coordinates": [ [ 73.0571643, 19.0313664 ], [ 73.057187, 19.0314476 ], [ 73.0572166, 19.0314881 ], [ 73.0572595, 19.0314881 ], [ 73.0573386, 19.0314412 ], [ 73.0575156, 19.0313145 ], [ 73.0576953, 19.0311737 ], [ 73.0578482, 19.0310279 ], [ 73.0579916, 19.0308962 ] ] } },
{ "type": "Feature", "properties": { "name": null, "highway": "track" }, "geometry": { "type": "LineString", "coordinates": [ [ 73.0719633, 19.0308847 ], [ 73.0720156, 19.0308264 ], [ 73.0720773, 19.03082 ], [ 73.0721162, 19.03082 ], [ 73.0721699, 19.0308035 ], [ 73.0722289, 19.0307592 ], [ 73.0722852, 19.0307287 ], [ 73.0723362, 19.0307161 ], [ 73.0723791, 19.0307199 ], [ 73.0724408, 19.0307934 ], [ 73.0725373, 19.030924 ], [ 73.0726513, 19.0310672 ], [ 73.0727667, 19.0312206 ], [ 73.0728632, 19.0313525 ], [ 73.0729878, 19.03146 ] ] } },
{ "type": "Feature", "properties": { "name": null, "highway": "residential" }, "geometry": { "type": "LineString", "coordinates": [ [ 73.0836915, 19.0424115 ], [ 73.0838677, 19.0428296 ], [ 73.0840231, 19.0431984 ], [ 73.0840654, 19.0432988 ] ] } },
{ "type": "Feature", "properties": { "name": null, "highway": "residential" }, "geometry": { "type": "LineString", "coordinates": [ [ 73.0840654, 19.0432988 ], [ 73.0841335, 19.0432262 ], [ 73.0841973, 19.0431706 ], [ 73.0842036, 19.0431079 ], [ 73.0840634, 19.0427613 ], [ 73.0839486, 19.0424776 ], [ 73.0839343, 19.0424543 ], [ 73.0839038, 19.0424021 ], [ 73.0836915, 19.0424115 ], [ 73.0833974, 19.0424437 ], [ 73.0832448, 19.0424671 ], [ 73.0831907, 19.0424806 ], [ 73.083165, 19.0425018 ], [ 73.0832234, 19.0429022 ] ] } },
{ "type": "Feature", "properties": { "name": null, "highway": "residential" }, "geometry": { "type": "LineString", "coordinates": [ [ 73.0839702, 19.0446347 ], [ 73.0841893, 19.0446146 ], [ 73.0845684, 19.0445802 ], [ 73.0845831, 19.0445701 ], [ 73.0845925, 19.0445523 ], [ 73.0845965, 19.0445282 ], [ 73.0845693, 19.0442816 ], [ 73.0845201, 19.0438158 ], [ 73.0845167, 19.0438044 ], [ 73.0845067, 19.0437923 ], [ 73.0844899, 19.0437847 ], [ 73.0844021, 19.0437866 ], [ 73.0843887, 19.0437765 ], [ 73.0843773, 19.0437581 ], [ 73.0843672, 19.0436617 ], [ 73.0843619, 19.0436446 ], [ 73.0843464, 19.0436262 ], [ 73.0843176, 19.0436186 ], [ 73.0840809, 19.0436363 ] ] } },
{ "type": "Feature", "properties": { "name": null, "highway": "steps" }, "geometry": { "type": "LineString", "coordinates": [ [ 73.0833465, 19.044972 ], [ 73.0833517, 19.045019 ] ] } },
{ "type": "Feature", "properties": { "name": null, "highway": "residential" }, "geometry": { "type": "LineString", "coordinates": [ [ 73.0841884, 19.0459791 ], [ 73.084176, 19.0458637 ], [ 73.0841485, 19.0455701 ], [ 73.0841285, 19.0453573 ], [ 73.0841067, 19.0451251 ] ] } },
{ "type": "Feature", "properties": { "name": null, "highway": "residential" }, "geometry": { "type": "LineString", "coordinates": [ [ 73.0829919, 19.0453724 ], [ 73.0830464, 19.0453323 ], [ 73.0830878, 19.0452981 ], [ 73.0831535, 19.0452772 ], [ 73.0832186, 19.0452607 ], [ 73.0832943, 19.0452582 ], [ 73.0833972, 19.0452721 ], [ 73.0834246, 19.0452988 ] ] } },
{ "type": "Feature", "properties": { "name": "Sion-Panvel Highway", "highway": "motorway" }, "geometry": { "type": "LineString", "coordinates": [ [ 73.0784823, 19.0376149 ], [ 73.0785404, 19.0375761 ], [ 73.0786091, 19.0375301 ] ] } },
{ "type": "Feature", "properties": { "name": "Sion-Panvel Highway", "highway": "motorway" }, "geometry": { "type": "LineString", "coordinates": [ [ 73.0786091, 19.0375301 ], [ 73.079556, 19.03681 ], [ 73.0824601, 19.0346928 ], [ 73.0825399, 19.0346347 ] ] } },
{ "type": "Feature", "properties": { "name": null, "highway": "tertiary" }, "geometry": { "type": "LineString", "coordinates": [ [ 73.0859962, 19.0329221 ], [ 73.0860572, 19.0329312 ], [ 73.0866308, 19.0327328 ], [ 73.0868332, 19.03266 ], [ 73.0868829, 19.0326077 ], [ 73.0868139, 19.0325947 ], [ 73.0860341, 19.0328719 ], [ 73.0859962, 19.0329221 ] ] } },
{ "type": "Feature", "properties": { "name": null, "highway": "tertiary" }, "geometry": { "type": "LineString", "coordinates": [ [ 73.0764252, 19.074968 ], [ 73.0761849, 19.0741355 ], [ 73.0761551, 19.0740323 ] ] } },
{ "type": "Feature", "properties": { "name": null, "highway": "tertiary" }, "geometry": { "type": "LineString", "coordinates": [ [ 73.0765003, 19.0752798 ], [ 73.0764252, 19.074968 ] ] } },
{ "type": "Feature", "properties": { "name": null, "highway": "tertiary" }, "geometry": { "type": "LineString", "coordinates": [ [ 73.0759409, 19.0740815 ], [ 73.0759913, 19.0741803 ], [ 73.0760914, 19.0743762 ], [ 73.0762766, 19.0750146 ] ] } },
{ "type": "Feature", "properties": { "name": null, "highway": "residential" }, "geometry": { "type": "LineString", "coordinates": [ [ 73.0637155, 19.056846 ], [ 73.0634835, 19.0568194 ] ] } },
{ "type": "Feature", "properties": { "name": null, "highway": "residential" }, "geometry": { "type": "LineString", "coordinates": [ [ 73.0645594, 19.0569889 ], [ 73.0644827, 19.056993 ], [ 73.064441, 19.0569971 ], [ 73.0643102, 19.0569706 ], [ 73.0639395, 19.0568954 ], [ 73.0637155, 19.056846 ] ] } },
{ "type": "Feature", "properties": { "name": "Raintree Marg", "highway": "secondary" }, "geometry": { "type": "LineString", "coordinates": [ [ 73.0740695, 19.0692871 ], [ 73.0737896, 19.0692976 ] ] } },
{ "type": "Feature", "properties": { "name": "Raintree Marg", "highway": "secondary" }, "geometry": { "type": "LineString", "coordinates": [ [ 73.0779509, 19.0689254 ], [ 73.0778964, 19.0689835 ], [ 73.0778629, 19.0690133 ], [ 73.0778085, 19.0690342 ], [ 73.0777301, 19.0690501 ], [ 73.0774766, 19.0690703 ], [ 73.0756804, 19.0691551 ], [ 73.0751732, 19.0692003 ], [ 73.0748043, 19.0692293 ], [ 73.0740695, 19.0692871 ] ] } },
{ "type": "Feature", "properties": { "name": "Raintree Marg", "highway": "secondary" }, "geometry": { "type": "LineString", "coordinates": [ [ 73.0740762, 19.0693745 ], [ 73.0747321, 19.0693466 ], [ 73.0748111, 19.06934 ], [ 73.0756818, 19.0692677 ], [ 73.0772299, 19.0691933 ], [ 73.0777234, 19.0691438 ], [ 73.0778146, 19.0691426 ], [ 73.0778642, 19.0691502 ], [ 73.0778964, 19.0691641 ], [ 73.0779391, 19.0691799 ] ] } },
{ "type": "Feature", "properties": { "name": "Raintree Marg", "highway": "secondary" }, "geometry": { "type": "LineString", "coordinates": [ [ 73.0738174, 19.0693872 ], [ 73.0740762, 19.0693745 ] ] } },
{ "type": "Feature", "properties": { "name": null, "highway": "unclassified" }, "geometry": { "type": "LineString", "coordinates": [ [ 73.0642711, 19.0596218 ], [ 73.064205, 19.0596867 ], [ 73.0641755, 19.0597425 ], [ 73.0641755, 19.0598312 ], [ 73.0642595, 19.0601966 ], [ 73.0643445, 19.0605664 ], [ 73.0645108, 19.0611495 ], [ 73.0645402, 19.0612484 ], [ 73.064653, 19.0616286 ], [ 73.0648005, 19.0621382 ], [ 73.0648327, 19.0622218 ], [ 73.0648783, 19.06227 ], [ 73.0649826, 19.0622855 ] ] } },
{ "type": "Feature", "properties": { "name": null, "highway": "residential" }, "geometry": { "type": "LineString", "coordinates": [ [ 73.0793099, 19.0108877 ], [ 73.0795781, 19.0107469 ], [ 73.0796787, 19.0106785 ], [ 73.0798785, 19.010506 ], [ 73.0799268, 19.0104971 ], [ 73.0800006, 19.0105047 ], [ 73.0800596, 19.010525 ], [ 73.0805343, 19.0107836 ], [ 73.0810493, 19.0111437 ], [ 73.0814486, 19.0114583 ], [ 73.0816877, 19.0115102 ], [ 73.0817427, 19.0115445 ], [ 73.0817668, 19.0115686 ], [ 73.0817856, 19.0116117 ], [ 73.0818057, 19.0122596 ], [ 73.0818231, 19.0123699 ], [ 73.0819035, 19.0128254 ] ] } },
{ "type": "Feature", "properties": { "name": null, "highway": "residential" }, "geometry": { "type": "LineString", "coordinates": [ [ 73.0812317, 19.0118082 ], [ 73.0812364, 19.0116738 ], [ 73.0812418, 19.0116611 ], [ 73.0812512, 19.0116386 ], [ 73.0812763, 19.0116152 ], [ 73.0813212, 19.011592 ], [ 73.0813782, 19.0115705 ], [ 73.0814104, 19.0115511 ], [ 73.0814221, 19.011534 ], [ 73.0814486, 19.0114583 ] ] } },
{ "type": "Feature", "properties": { "name": null, "highway": "track" }, "geometry": { "type": "LineString", "coordinates": [ [ 73.0585966, 19.0681615 ], [ 73.0585201, 19.068069 ] ] } },
{ "type": "Feature", "properties": { "name": null, "highway": "track" }, "geometry": { "type": "LineString", "coordinates": [ [ 73.0586645, 19.0683121 ], [ 73.0585966, 19.0681615 ] ] } },
{ "type": "Feature", "properties": { "name": null, "highway": "residential" }, "geometry": { "type": "LineString", "coordinates": [ [ 73.0598159, 19.0671635 ], [ 73.0596231, 19.0670366 ] ] } },
{ "type": "Feature", "properties": { "name": null, "highway": "residential" }, "geometry": { "type": "LineString", "coordinates": [ [ 73.0606015, 19.067395 ], [ 73.0603665, 19.0673391 ], [ 73.0600258, 19.0672676 ], [ 73.0598159, 19.0671635 ] ] } },
{ "type": "Feature", "properties": { "name": null, "highway": "unclassified" }, "geometry": { "type": "LineString", "coordinates": [ [ 73.0594575, 19.0683529 ], [ 73.0595192, 19.0683136 ] ] } },
{ "type": "Feature", "properties": { "name": null, "highway": "unclassified" }, "geometry": { "type": "LineString", "coordinates": [ [ 73.055432, 19.0709405 ], [ 73.0556971, 19.0708791 ], [ 73.0561772, 19.0707447 ], [ 73.0566117, 19.0705723 ], [ 73.0568209, 19.0704633 ], [ 73.0570006, 19.0702732 ], [ 73.0570704, 19.0700932 ], [ 73.0571642, 19.0698929 ], [ 73.0572501, 19.0697611 ], [ 73.0573815, 19.0696572 ], [ 73.0574942, 19.0695811 ], [ 73.057749, 19.0695076 ], [ 73.057867, 19.0694443 ], [ 73.0579957, 19.0692491 ], [ 73.0581486, 19.0690057 ], [ 73.0585185, 19.0684133 ], [ 73.0585805, 19.0683555 ], [ 73.0586645, 19.0683121 ], [ 73.0587862, 19.0683167 ], [ 73.0589527, 19.0683735 ], [ 73.0591166, 19.0683819 ], [ 73.0592967, 19.0683773 ], [ 73.0594255, 19.0683804 ], [ 73.0594575, 19.0683529 ] ] } },
{ "type": "Feature", "properties": { "name": null, "highway": "tertiary" }, "geometry": { "type": "LineString", "coordinates": [ [ 73.0815944, 19.0783115 ], [ 73.0818359, 19.0778808 ], [ 73.0823052, 19.0771831 ], [ 73.0823606, 19.0771042 ], [ 73.0825566, 19.0768253 ], [ 73.0829339, 19.0762464 ], [ 73.083144, 19.0759064 ], [ 73.0831855, 19.0758393 ], [ 73.0840796, 19.0744289 ], [ 73.0845461, 19.0738052 ] ] } },
{ "type": "Feature", "properties": { "name": null, "highway": "service" }, "geometry": { "type": "LineString", "coordinates": [ [ 73.0826474, 19.0738464 ], [ 73.082911, 19.0738491 ], [ 73.0830389, 19.0738656 ], [ 73.0832893, 19.0739361 ], [ 73.0833927, 19.0740013 ], [ 73.0836118, 19.0741378 ], [ 73.0837561, 19.0742158 ], [ 73.0838692, 19.0742897 ], [ 73.0840201, 19.0744028 ], [ 73.0840796, 19.0744289 ] ] } },
{ "type": "Feature", "properties": { "name": null, "highway": "residential" }, "geometry": { "type": "LineString", "coordinates": [ [ 73.0883663, 19.0713903 ], [ 73.0879822, 19.0712928 ] ] } },
{ "type": "Feature", "properties": { "name": null, "highway": "residential" }, "geometry": { "type": "LineString", "coordinates": [ [ 73.0868159, 19.0725968 ], [ 73.086993, 19.0726475 ], [ 73.0873557, 19.0728194 ], [ 73.0873878, 19.0728346 ], [ 73.0874198, 19.0728452 ], [ 73.0874554, 19.0728389 ], [ 73.0874974, 19.0728095 ], [ 73.0875537, 19.0727511 ], [ 73.0876594, 19.0726148 ], [ 73.0877631, 19.0724295 ], [ 73.0879257, 19.072131 ], [ 73.0883663, 19.0713903 ], [ 73.0885487, 19.071 ], [ 73.0888418, 19.0701332 ] ] } },
{ "type": "Feature", "properties": { "name": null, "highway": "residential" }, "geometry": { "type": "LineString", "coordinates": [ [ 73.0882327, 19.0691689 ], [ 73.0883288, 19.0696567 ], [ 73.0883288, 19.0697834 ], [ 73.0882569, 19.0700889 ] ] } },
{ "type": "Feature", "properties": { "name": null, "highway": "residential" }, "geometry": { "type": "LineString", "coordinates": [ [ 73.0805351, 19.0642614 ], [ 73.0803034, 19.064187 ], [ 73.0799211, 19.0641192 ], [ 73.0796926, 19.0640643 ], [ 73.0795728, 19.0639911 ], [ 73.0794513, 19.0638401 ], [ 73.0794111, 19.0637374 ], [ 73.0793763, 19.0636484 ], [ 73.0793396, 19.0634935 ], [ 73.0793191, 19.0633631 ], [ 73.0793087, 19.0631837 ], [ 73.0793366, 19.0631153 ], [ 73.0794444, 19.0630054 ], [ 73.0795337, 19.0629486 ], [ 73.0797346, 19.0630134 ], [ 73.0797978, 19.0630561 ], [ 73.0798598, 19.0631909 ] ] } },
{ "type": "Feature", "properties": { "name": null, "highway": "residential" }, "geometry": { "type": "LineString", "coordinates": [ [ 73.0805351, 19.0642614 ], [ 73.0806008, 19.0640978 ], [ 73.0807257, 19.0636287 ], [ 73.0808283, 19.0632924 ], [ 73.080839, 19.0632323 ], [ 73.0809047, 19.0628622 ], [ 73.0809073, 19.0626559 ], [ 73.0808961, 19.0623743 ], [ 73.0808082, 19.0621872 ], [ 73.0807366, 19.0620726 ], [ 73.0806696, 19.0620162 ], [ 73.080656, 19.0619955 ] ] } },
{ "type": "Feature", "properties": { "name": null, "highway": "residential" }, "geometry": { "type": "LineString", "coordinates": [ [ 73.0808961, 19.0623743 ], [ 73.0809689, 19.0622881 ], [ 73.0810328, 19.0622315 ], [ 73.0812141, 19.0621543 ], [ 73.0812806, 19.0621381 ], [ 73.0816473, 19.0620485 ], [ 73.0817954, 19.0620259 ], [ 73.081862, 19.0620236 ], [ 73.0819326, 19.0620344 ] ] } },
{ "type": "Feature", "properties": { "name": null, "highway": "residential" }, "geometry": { "type": "LineString", "coordinates": [ [ 73.0803778, 19.0628672 ], [ 73.0804625, 19.0628174 ], [ 73.0805445, 19.0627658 ], [ 73.0806518, 19.0627049 ], [ 73.0807572, 19.0626496 ], [ 73.0808372, 19.0626352 ], [ 73.0809073, 19.0626559 ] ] } },
{ "type": "Feature", "properties": { "name": null, "highway": "residential" }, "geometry": { "type": "LineString", "coordinates": [ [ 73.0806366, 19.0618957 ], [ 73.0806124, 19.0618726 ], [ 73.080542, 19.0618051 ], [ 73.080449, 19.061716 ], [ 73.0804075, 19.0615656 ], [ 73.0804588, 19.0609528 ], [ 73.0805335, 19.0605002 ], [ 73.0805243, 19.0603395 ], [ 73.0804256, 19.0599719 ], [ 73.0802596, 19.0595854 ] ] } },
{ "type": "Feature", "properties": { "name": null, "highway": "residential" }, "geometry": { "type": "LineString", "coordinates": [ [ 73.080656, 19.0619955 ], [ 73.0806366, 19.0618957 ] ] } },
{ "type": "Feature", "properties": { "name": null, "highway": "residential" }, "geometry": { "type": "LineString", "coordinates": [ [ 73.077653, 19.0647806 ], [ 73.0778099, 19.0648933 ], [ 73.0779468, 19.064907 ], [ 73.0781617, 19.064881 ], [ 73.078304, 19.0648655 ], [ 73.0784725, 19.0648608 ], [ 73.0785651, 19.064871 ], [ 73.0786296, 19.0648941 ] ] } },
{ "type": "Feature", "properties": { "name": null, "highway": "residential" }, "geometry": { "type": "LineString", "coordinates": [ [ 73.0800402, 19.0624787 ], [ 73.0801438, 19.062144 ], [ 73.0801783, 19.0621134 ], [ 73.0801934, 19.0621053 ], [ 73.0806696, 19.0620162 ] ] } },
{ "type": "Feature", "properties": { "name": null, "highway": "residential" }, "geometry": { "type": "LineString", "coordinates": [ [ 73.0812806, 19.0621381 ], [ 73.0813448, 19.0623051 ], [ 73.0814387, 19.0624513 ], [ 73.0814861, 19.0625487 ], [ 73.0815369, 19.0626846 ] ] } },
{ "type": "Feature", "properties": { "name": null, "highway": "path" }, "geometry": { "type": "LineString", "coordinates": [ [ 73.0861859, 19.0662871 ], [ 73.0860666, 19.0662928 ], [ 73.0849728, 19.0664064 ] ] } },
{ "type": "Feature", "properties": { "name": null, "highway": "path" }, "geometry": { "type": "LineString", "coordinates": [ [ 73.0861859, 19.0662871 ], [ 73.0862716, 19.0663034 ], [ 73.0865867, 19.0663916 ], [ 73.0871303, 19.0666058 ], [ 73.0872282, 19.0666367 ], [ 73.0872773, 19.0666294 ], [ 73.0874165, 19.0665114 ], [ 73.0876969, 19.0662917 ], [ 73.0877643, 19.0662436 ], [ 73.0878531, 19.0662266 ], [ 73.0880392, 19.0662061 ], [ 73.0881674, 19.0661945 ], [ 73.0892446, 19.0658892 ], [ 73.0896847, 19.0657569 ], [ 73.0897923, 19.0657239 ], [ 73.0898788, 19.06568 ], [ 73.0899268, 19.0656146 ], [ 73.0898388, 19.0652433 ] ] } },
{ "type": "Feature", "properties": { "name": null, "highway": "service" }, "geometry": { "type": "LineString", "coordinates": [ [ 73.0860077, 19.0683915 ], [ 73.0862345, 19.0683398 ], [ 73.0862889, 19.0682838 ], [ 73.0862989, 19.0681762 ], [ 73.0862291, 19.0673969 ], [ 73.086191, 19.0671547 ], [ 73.0861095, 19.0665548 ] ] } },
{ "type": "Feature", "properties": { "name": null, "highway": "residential" }, "geometry": { "type": "LineString", "coordinates": [ [ 73.0795337, 19.0629486 ], [ 73.0797793, 19.0628631 ], [ 73.0799805, 19.0626858 ], [ 73.0800402, 19.0624787 ] ] } },
{ "type": "Feature", "properties": { "name": null, "highway": "path" }, "geometry": { "type": "LineString", "coordinates": [ [ 73.0793616, 19.069865 ], [ 73.0791655, 19.0691718 ], [ 73.0791343, 19.0690616 ] ] } },
{ "type": "Feature", "properties": { "name": null, "highway": "residential" }, "geometry": { "type": "LineString", "coordinates": [ [ 73.0801522, 19.0706511 ], [ 73.0801404, 19.0706092 ], [ 73.0800703, 19.070332 ], [ 73.0802734, 19.0702812 ], [ 73.0803418, 19.0705384 ], [ 73.0803559, 19.0706095 ] ] } },
{ "type": "Feature", "properties": { "name": null, "highway": "service" }, "geometry": { "type": "LineString", "coordinates": [ [ 73.0812856, 19.0741261 ], [ 73.0816523, 19.0740589 ], [ 73.081769, 19.0740283 ], [ 73.0817949, 19.074023 ], [ 73.0822259, 19.0739346 ], [ 73.0824588, 19.0738769 ], [ 73.0826474, 19.0738464 ] ] } },
{ "type": "Feature", "properties": { "name": null, "highway": "track" }, "geometry": { "type": "LineString", "coordinates": [ [ 73.0806124, 19.0618726 ], [ 73.0811642, 19.0618504 ], [ 73.081641, 19.0618428 ], [ 73.0817139, 19.0618357 ], [ 73.0817868, 19.0618168 ], [ 73.0818091, 19.0617376 ], [ 73.0818447, 19.0614639 ], [ 73.081863, 19.0613703 ], [ 73.0818893, 19.0613097 ], [ 73.0819104, 19.0612574 ], [ 73.0819157, 19.0612242 ], [ 73.0819318, 19.0611266 ], [ 73.0819559, 19.061062 ], [ 73.0820122, 19.0609974 ], [ 73.0820998, 19.060947 ], [ 73.0822481, 19.0608896 ], [ 73.0824687, 19.0608267 ], [ 73.0825586, 19.0608069 ], [ 73.0826672, 19.0607958 ], [ 73.0828517, 19.0607925 ], [ 73.0829252, 19.0607859 ], [ 73.0830221, 19.0607627 ], [ 73.0831621, 19.0607087 ], [ 73.0833938, 19.0605936 ] ] } },
{ "type": "Feature", "properties": { "name": null, "highway": "residential" }, "geometry": { "type": "LineString", "coordinates": [ [ 73.0817868, 19.0618168 ], [ 73.0818181, 19.0618639 ], [ 73.0818459, 19.0618954 ] ] } },
{ "type": "Feature", "properties": { "name": null, "highway": "residential" }, "geometry": { "type": "LineString", "coordinates": [ [ 73.0818591, 19.061988 ], [ 73.081862, 19.0620236 ] ] } },
{ "type": "Feature", "properties": { "name": null, "highway": "residential" }, "geometry": { "type": "LineString", "coordinates": [ [ 73.0818459, 19.0618954 ], [ 73.0818591, 19.061988 ] ] } },
{ "type": "Feature", "properties": { "name": null, "highway": "service" }, "geometry": { "type": "LineString", "coordinates": [ [ 73.0697994, 19.0749614 ], [ 73.0695437, 19.0756743 ] ] } },
{ "type": "Feature", "properties": { "name": null, "highway": "residential" }, "geometry": { "type": "LineString", "coordinates": [ [ 73.0879257, 19.072131 ], [ 73.0877745, 19.0720553 ], [ 73.0873078, 19.0718823 ], [ 73.086993, 19.0717319 ], [ 73.0867578, 19.0716861 ], [ 73.0866179, 19.0716462 ] ] } },
{ "type": "Feature", "properties": { "name": null, "highway": "service" }, "geometry": { "type": "LineString", "coordinates": [ [ 73.0496826, 19.0232363 ], [ 73.0499485, 19.0232512 ], [ 73.0501809, 19.0232778 ], [ 73.0503475, 19.0233035 ], [ 73.0507255, 19.0233973 ], [ 73.0507838, 19.0234321 ], [ 73.0508359, 19.0234828 ], [ 73.0508745, 19.0235591 ], [ 73.0508857, 19.023661 ] ] } },
{ "type": "Feature", "properties": { "name": null, "highway": "residential" }, "geometry": { "type": "LineString", "coordinates": [ [ 73.0456263, 19.0297166 ], [ 73.0456741, 19.0297443 ], [ 73.0457151, 19.0297487 ], [ 73.0457542, 19.0297235 ], [ 73.0459747, 19.0294816 ], [ 73.0464128, 19.0287627 ], [ 73.0464208, 19.0287222 ], [ 73.0464053, 19.0286898 ], [ 73.0463725, 19.028659 ] ] } },
{ "type": "Feature", "properties": { "name": null, "highway": "service" }, "geometry": { "type": "LineString", "coordinates": [ [ 73.0480838, 19.0204282 ], [ 73.0475022, 19.0203977 ], [ 73.0474836, 19.0203873 ], [ 73.0474733, 19.0203695 ], [ 73.0474722, 19.0203475 ], [ 73.0475377, 19.0193713 ] ] } },
{ "type": "Feature", "properties": { "name": null, "highway": "service" }, "geometry": { "type": "LineString", "coordinates": [ [ 73.0475377, 19.0193713 ], [ 73.0475432, 19.0193418 ], [ 73.0475573, 19.01932 ], [ 73.0475915, 19.0193134 ], [ 73.048027, 19.0193455 ], [ 73.048086, 19.0193734 ], [ 73.0481236, 19.0194191 ], [ 73.0481276, 19.0194812 ], [ 73.0480838, 19.0204282 ], [ 73.0480874, 19.0211026 ], [ 73.0480753, 19.0211571 ], [ 73.0480445, 19.0212078 ], [ 73.0480016, 19.0212332 ], [ 73.0477546, 19.0212358 ] ] } },
{ "type": "Feature", "properties": { "name": null, "highway": "service" }, "geometry": { "type": "LineString", "coordinates": [ [ 73.0508668, 19.0238661 ], [ 73.0498736, 19.0237009 ] ] } },
{ "type": "Feature", "properties": { "name": null, "highway": "service" }, "geometry": { "type": "LineString", "coordinates": [ [ 73.0498736, 19.0237009 ], [ 73.0499002, 19.0235216 ] ] } },
{ "type": "Feature", "properties": { "name": null, "highway": "service" }, "geometry": { "type": "LineString", "coordinates": [ [ 73.0499197, 19.0233896 ], [ 73.0499485, 19.0232512 ] ] } },
{ "type": "Feature", "properties": { "name": null, "highway": "service" }, "geometry": { "type": "LineString", "coordinates": [ [ 73.0499002, 19.0235216 ], [ 73.0499197, 19.0233896 ] ] } },
{ "type": "Feature", "properties": { "name": null, "highway": "service" }, "geometry": { "type": "LineString", "coordinates": [ [ 73.0551064, 19.0281667 ], [ 73.0549105, 19.028055 ], [ 73.0548583, 19.0280064 ], [ 73.0548518, 19.0279535 ], [ 73.0548787, 19.0278932 ], [ 73.0550018, 19.0276801 ] ] } },
{ "type": "Feature", "properties": { "name": null, "highway": "service" }, "geometry": { "type": "LineString", "coordinates": [ [ 73.0524863, 19.027306 ], [ 73.0524164, 19.0272708 ], [ 73.0523984, 19.0272495 ], [ 73.0523973, 19.0272271 ], [ 73.0524484, 19.0271296 ], [ 73.0525169, 19.0269989 ], [ 73.0525378, 19.0269837 ], [ 73.0525639, 19.0269805 ] ] } },
{ "type": "Feature", "properties": { "name": null, "highway": "residential" }, "geometry": { "type": "LineString", "coordinates": [ [ 73.0753978, 19.0380883 ], [ 73.0754562, 19.0380871 ], [ 73.0756272, 19.0380836 ], [ 73.0758341, 19.0380614 ], [ 73.0758996, 19.0380488 ] ] } },
{ "type": "Feature", "properties": { "name": null, "highway": "tertiary" }, "geometry": { "type": "LineString", "coordinates": [ [ 73.0637596, 19.0351481 ], [ 73.0638374, 19.0350964 ] ] } },
{ "type": "Feature", "properties": { "name": null, "highway": "tertiary" }, "geometry": { "type": "LineString", "coordinates": [ [ 73.0628566, 19.0357696 ], [ 73.062897, 19.0357202 ], [ 73.0632155, 19.0355101 ], [ 73.0637596, 19.0351481 ] ] } },
{ "type": "Feature", "properties": { "name": null, "highway": "residential" }, "geometry": { "type": "LineString", "coordinates": [ [ 73.0639104, 19.0371775 ], [ 73.0643336, 19.0370158 ], [ 73.0643888, 19.0369924 ], [ 73.06463, 19.03689 ], [ 73.064687, 19.0368658 ], [ 73.0650266, 19.0367291 ] ] } },
{ "type": "Feature", "properties": { "name": "Simran Residency Service Road - ITM College Road", "highway": "residential" }, "geometry": { "type": "LineString", "coordinates": [ [ 73.064486, 19.0340977 ], [ 73.0642782, 19.0339549 ], [ 73.0635318, 19.0334421 ] ] } },
{ "type": "Feature", "properties": { "name": "Prime Mall Lane", "highway": "residential" }, "geometry": { "type": "LineString", "coordinates": [ [ 73.064612, 19.0439935 ], [ 73.0646236, 19.0440807 ], [ 73.0646886, 19.0445586 ], [ 73.0647566, 19.0450754 ], [ 73.0647902, 19.045327 ], [ 73.0648386, 19.045689 ], [ 73.0648901, 19.0460744 ] ] } },
{ "type": "Feature", "properties": { "name": "Prime Mall Lane", "highway": "residential" }, "geometry": { "type": "LineString", "coordinates": [ [ 73.0645757, 19.0436831 ], [ 73.064612, 19.0439935 ] ] } },
{ "type": "Feature", "properties": { "name": null, "highway": "residential" }, "geometry": { "type": "LineString", "coordinates": [ [ 73.076486, 19.0348232 ], [ 73.0765389, 19.0348745 ], [ 73.0769286, 19.0352518 ], [ 73.0769353, 19.0352718 ], [ 73.0769399, 19.0352917 ], [ 73.0769363, 19.0353082 ], [ 73.0769269, 19.0353222 ], [ 73.0765799, 19.0356554 ], [ 73.076534, 19.0357002 ] ] } },
{ "type": "Feature", "properties": { "name": null, "highway": "residential" }, "geometry": { "type": "LineString", "coordinates": [ [ 73.080322, 19.0378784 ], [ 73.0800464, 19.0381222 ], [ 73.0798661, 19.0382371 ], [ 73.0797577, 19.0384326 ], [ 73.0796304, 19.0386168 ], [ 73.0794793, 19.0387389 ], [ 73.0793381, 19.0388323 ], [ 73.0792094, 19.0388787 ], [ 73.0790679, 19.0389131 ], [ 73.078945, 19.0389443 ], [ 73.078893, 19.0389574 ], [ 73.0787242, 19.0390047 ], [ 73.0785345, 19.0391309 ], [ 73.0783792, 19.0392485 ], [ 73.0782869, 19.0393516 ], [ 73.078253, 19.0394066 ], [ 73.0782328, 19.0394706 ], [ 73.0782088, 19.0395809 ] ] } },
{ "type": "Feature", "properties": { "name": null, "highway": "residential" }, "geometry": { "type": "LineString", "coordinates": [ [ 73.078119, 19.0396533 ], [ 73.078145, 19.0396317 ], [ 73.0782088, 19.0395809 ] ] } },
{ "type": "Feature", "properties": { "name": null, "highway": "residential" }, "geometry": { "type": "LineString", "coordinates": [ [ 73.0832234, 19.0429022 ], [ 73.0832531, 19.0433832 ], [ 73.083251, 19.0434752 ], [ 73.0833076, 19.043469 ], [ 73.0833814, 19.0434632 ], [ 73.083461, 19.0434511 ], [ 73.0838004, 19.0434175 ], [ 73.0838448, 19.0434131 ], [ 73.0840489, 19.043392 ], [ 73.0840654, 19.0432988 ] ] } },
{ "type": "Feature", "properties": { "name": null, "highway": "residential" }, "geometry": { "type": "LineString", "coordinates": [ [ 73.0824068, 19.0461788 ], [ 73.0823884, 19.046057 ], [ 73.0823565, 19.0457684 ], [ 73.0823344, 19.0455679 ], [ 73.0823032, 19.045311 ], [ 73.0823098, 19.0452834 ], [ 73.0823413, 19.0452626 ], [ 73.082491, 19.0452482 ], [ 73.0825233, 19.0452565 ] ] } },
{ "type": "Feature", "properties": { "name": null, "highway": "residential" }, "geometry": { "type": "LineString", "coordinates": [ [ 73.0834113, 19.0451834 ], [ 73.0834246, 19.0452988 ], [ 73.083453, 19.0455439 ], [ 73.0834992, 19.0459443 ], [ 73.0835121, 19.046055 ] ] } },
{ "type": "Feature", "properties": { "name": null, "highway": "residential" }, "geometry": { "type": "LineString", "coordinates": [ [ 73.0831726, 19.0469952 ], [ 73.0831779, 19.0469813 ], [ 73.0831569, 19.0468092 ], [ 73.0831343, 19.0466192 ], [ 73.0830856, 19.0462253 ], [ 73.083073, 19.0461042 ] ] } },
{ "type": "Feature", "properties": { "name": null, "highway": "residential" }, "geometry": { "type": "LineString", "coordinates": [ [ 73.0838335, 19.0435726 ], [ 73.0838417, 19.0436365 ], [ 73.0838453, 19.043664 ], [ 73.0838948, 19.0440488 ], [ 73.0839702, 19.0446347 ] ] } },
{ "type": "Feature", "properties": { "name": null, "highway": "residential" }, "geometry": { "type": "LineString", "coordinates": [ [ 73.0840809, 19.0436363 ], [ 73.0840995, 19.0438041 ], [ 73.0841243, 19.0440285 ], [ 73.0841566, 19.0443199 ], [ 73.0841821, 19.0445501 ], [ 73.0841893, 19.0446146 ] ] } },
{ "type": "Feature", "properties": { "name": null, "highway": "residential" }, "geometry": { "type": "LineString", "coordinates": [ [ 73.083609, 19.0435912 ], [ 73.0836101, 19.0436377 ], [ 73.0836113, 19.043668 ], [ 73.0836566, 19.0436899 ], [ 73.0836819, 19.0437319 ], [ 73.0838038, 19.0445975 ], [ 73.0837958, 19.0446296 ] ] } },
{ "type": "Feature", "properties": { "name": null, "highway": "residential" }, "geometry": { "type": "LineString", "coordinates": [ [ 73.0833974, 19.0424437 ], [ 73.083425, 19.0428814 ], [ 73.0834491, 19.0432626 ], [ 73.083461, 19.0434511 ] ] } },
{ "type": "Feature", "properties": { "name": null, "highway": "track" }, "geometry": { "type": "LineString", "coordinates": [ [ 73.0777985, 19.0102512 ], [ 73.0779562, 19.0101163 ], [ 73.0781114, 19.010065 ], [ 73.0783413, 19.0100582 ], [ 73.0784978, 19.0100606 ] ] } },
{ "type": "Feature", "properties": { "name": null, "highway": "residential" }, "geometry": { "type": "LineString", "coordinates": [ [ 73.0741901, 19.0476968 ], [ 73.0741957, 19.0477435 ] ] } },
{ "type": "Feature", "properties": { "name": "Mansarovar Station Road", "highway": "secondary" }, "geometry": { "type": "LineString", "coordinates": [ [ 73.0940642, 19.0265506 ], [ 73.093921, 19.0263696 ], [ 73.0930168, 19.0252264 ], [ 73.0929854, 19.0251854 ], [ 73.0929539, 19.0251469 ], [ 73.0924764, 19.0245431 ], [ 73.0921368, 19.0241137 ], [ 73.092124, 19.0240977 ], [ 73.0918529, 19.0237486 ], [ 73.0917978, 19.0236816 ], [ 73.0914484, 19.023241 ], [ 73.0907586, 19.0223711 ], [ 73.0907253, 19.0223292 ], [ 73.0898071, 19.0211683 ], [ 73.0897937, 19.0211514 ], [ 73.0897785, 19.0211321 ], [ 73.0897709, 19.0211226 ], [ 73.0893932, 19.020645 ], [ 73.0892421, 19.0204539 ], [ 73.0887415, 19.019821 ], [ 73.0883973, 19.0193858 ], [ 73.087683, 19.0185032 ], [ 73.0869087, 19.0175037 ], [ 73.0868737, 19.0174595 ], [ 73.0868189, 19.0173901 ], [ 73.0861958, 19.0166023 ], [ 73.0861593, 19.0165561 ], [ 73.0858635, 19.016182 ], [ 73.0857917, 19.0160913 ] ] } },
{ "type": "Feature", "properties": { "name": null, "highway": "motorway_link" }, "geometry": { "type": "LineString", "coordinates": [ [ 73.0451467, 19.0227623 ], [ 73.0449272, 19.0227408 ], [ 73.0447809, 19.0227306 ], [ 73.0446299, 19.022732 ], [ 73.0444714, 19.0227433 ], [ 73.0439639, 19.022813 ], [ 73.0415378, 19.0231593 ], [ 73.0413573, 19.0231844 ], [ 73.041129, 19.0232229 ], [ 73.0410149, 19.0232433 ], [ 73.0409008, 19.0232747 ], [ 73.0407314, 19.0233324 ], [ 73.0405814, 19.0233923 ] ] } },
{ "type": "Feature", "properties": { "name": "Taloja Underpass", "highway": "tertiary" }, "geometry": { "type": "LineString", "coordinates": [ [ 73.0894098, 19.0748151 ], [ 73.0892545, 19.0747839 ], [ 73.0890835, 19.0747909 ], [ 73.0889218, 19.0748375 ], [ 73.0888014, 19.0749144 ], [ 73.0886988, 19.0750582 ], [ 73.0886245, 19.0752288 ], [ 73.0884113, 19.0760515 ] ] } },
{ "type": "Feature", "properties": { "name": "Taloja Underpass", "highway": "tertiary" }, "geometry": { "type": "LineString", "coordinates": [ [ 73.0884626, 19.0760628 ], [ 73.0886812, 19.0752438 ], [ 73.0887555, 19.0750718 ], [ 73.0888474, 19.0749469 ], [ 73.0889523, 19.0748845 ], [ 73.0890879, 19.074851 ], [ 73.0892295, 19.0748426 ], [ 73.08939, 19.0748693 ] ] } },
{ "type": "Feature", "properties": { "name": "Taloja Railway Underpass", "highway": "tertiary" }, "geometry": { "type": "LineString", "coordinates": [ [ 73.08939, 19.0748693 ], [ 73.0902744, 19.0751713 ] ] } },
{ "type": "Feature", "properties": { "name": "Taloja Railway Underpass", "highway": "tertiary" }, "geometry": { "type": "LineString", "coordinates": [ [ 73.0902995, 19.0751045 ], [ 73.0894098, 19.0748151 ] ] } },
{ "type": "Feature", "properties": { "name": null, "highway": "residential" }, "geometry": { "type": "LineString", "coordinates": [ [ 73.06648, 19.0390604 ], [ 73.0665092, 19.0392831 ], [ 73.0665359, 19.0394861 ], [ 73.0666548, 19.0403921 ], [ 73.066719, 19.0408546 ] ] } },
{ "type": "Feature", "properties": { "name": null, "highway": "residential" }, "geometry": { "type": "LineString", "coordinates": [ [ 73.0681501, 19.0428203 ], [ 73.0687376, 19.0427995 ] ] } },
{ "type": "Feature", "properties": { "name": "APJ Abdul Kalam Road", "highway": "residential" }, "geometry": { "type": "LineString", "coordinates": [ [ 73.0696078, 19.0449996 ], [ 73.0696566, 19.0450733 ], [ 73.069681, 19.0451603 ], [ 73.0697007, 19.0453417 ], [ 73.0697482, 19.0457782 ], [ 73.0697842, 19.0461094 ], [ 73.0698211, 19.0464492 ], [ 73.069909, 19.0471398 ] ] } },
{ "type": "Feature", "properties": { "name": null, "highway": "residential" }, "geometry": { "type": "LineString", "coordinates": [ [ 73.0664574, 19.0516881 ], [ 73.0682556, 19.052223 ], [ 73.0698711, 19.0526969 ] ] } },
{ "type": "Feature", "properties": { "name": null, "highway": "residential" }, "geometry": { "type": "LineString", "coordinates": [ [ 73.0633258, 19.0461198 ], [ 73.0633187, 19.0460693 ], [ 73.0632733, 19.0457547 ], [ 73.0630152, 19.0457758 ], [ 73.062619, 19.0458311 ], [ 73.062401, 19.0458615 ], [ 73.062447, 19.0462317 ], [ 73.0624895, 19.0465741 ], [ 73.0627279, 19.0465457 ], [ 73.063138, 19.0464969 ], [ 73.0633602, 19.0464704 ], [ 73.0633304, 19.0461637 ], [ 73.0633258, 19.0461198 ] ] } },
{ "type": "Feature", "properties": { "name": "Sai Saakshaat Premise Road", "highway": "residential" }, "geometry": { "type": "LineString", "coordinates": [ [ 73.0633936, 19.0445871 ], [ 73.0633301, 19.0445896 ], [ 73.0619003, 19.0447998 ], [ 73.0618692, 19.0448187 ], [ 73.0619224, 19.0453794 ] ] } },
{ "type": "Feature", "properties": { "name": null, "highway": "residential" }, "geometry": { "type": "LineString", "coordinates": [ [ 73.0620148, 19.0441121 ], [ 73.0619995, 19.0440181 ], [ 73.0619059, 19.0433418 ], [ 73.0618781, 19.0433245 ], [ 73.0615381, 19.0433747 ], [ 73.0615122, 19.0434096 ], [ 73.0615915, 19.044083 ], [ 73.0616012, 19.0441639 ] ] } },
{ "type": "Feature", "properties": { "name": null, "highway": "service" }, "geometry": { "type": "LineString", "coordinates": [ [ 73.0603354, 19.039767 ], [ 73.0602527, 19.0397774 ], [ 73.0602196, 19.0397814 ] ] } },
{ "type": "Feature", "properties": { "name": null, "highway": "service" }, "geometry": { "type": "LineString", "coordinates": [ [ 73.0877387, 19.0129591 ], [ 73.0878449, 19.0130085 ], [ 73.087951, 19.0130578 ] ] } },
{ "type": "Feature", "properties": { "name": null, "highway": "service" }, "geometry": { "type": "LineString", "coordinates": [ [ 73.0866586, 19.0144708 ], [ 73.0877387, 19.0129591 ], [ 73.0878034, 19.0128684 ], [ 73.0878102, 19.0128286 ], [ 73.0878102, 19.012794 ], [ 73.0877903, 19.0127642 ], [ 73.0877504, 19.0127406 ], [ 73.0867186, 19.0125662 ], [ 73.0866846, 19.0125697 ], [ 73.0866405, 19.012604 ], [ 73.0859183, 19.0136878 ], [ 73.085913, 19.0137311 ], [ 73.0859494, 19.0137892 ], [ 73.0866586, 19.0144708 ], [ 73.0867412, 19.0145552 ], [ 73.0868238, 19.0146351 ] ] } },
{ "type": "Feature", "properties": { "name": null, "highway": "track" }, "geometry": { "type": "LineString", "coordinates": [ [ 73.0607128, 19.0080601 ], [ 73.0606684, 19.0083203 ], [ 73.0604795, 19.0083898 ], [ 73.0610023, 19.009814 ], [ 73.0612037, 19.0103627 ], [ 73.0613431, 19.0104566 ], [ 73.0614129, 19.0106265 ] ] } },
{ "type": "Feature", "properties": { "name": null, "highway": "track" }, "geometry": { "type": "LineString", "coordinates": [ [ 73.0539131, 19.0103472 ], [ 73.0540878, 19.010558 ], [ 73.0542138, 19.0105758 ], [ 73.0544552, 19.0105859 ], [ 73.0546483, 19.0105631 ], [ 73.0551231, 19.0105504 ] ] } },
{ "type": "Feature", "properties": { "name": null, "highway": "track" }, "geometry": { "type": "LineString", "coordinates": [ [ 73.0511346, 19.0127845 ], [ 73.0523443, 19.0137203 ] ] } },
{ "type": "Feature", "properties": { "name": null, "highway": "track" }, "geometry": { "type": "LineString", "coordinates": [ [ 73.0573627, 19.0072232 ], [ 73.0576175, 19.0075073 ], [ 73.0576336, 19.0075757 ], [ 73.0575438, 19.0076607 ], [ 73.0575049, 19.0076975 ], [ 73.0573922, 19.0077254 ], [ 73.0572528, 19.0076949 ], [ 73.0570811, 19.0077482 ], [ 73.0569443, 19.0078699 ], [ 73.0566654, 19.0080956 ], [ 73.0563435, 19.0084304 ], [ 73.0558151, 19.0087448 ], [ 73.0554879, 19.0087829 ], [ 73.0553591, 19.0088818 ], [ 73.0552572, 19.0090821 ], [ 73.0550694, 19.0093078 ], [ 73.0546644, 19.0096654 ], [ 73.0544284, 19.0099113 ], [ 73.0539131, 19.0103472 ], [ 73.0530792, 19.0110525 ], [ 73.0530149, 19.0111286 ], [ 73.0526689, 19.0114304 ], [ 73.0521297, 19.0118589 ], [ 73.0511346, 19.0127845 ], [ 73.0506545, 19.0132359 ] ] } },
{ "type": "Feature", "properties": { "name": null, "highway": "residential" }, "geometry": { "type": "LineString", "coordinates": [ [ 73.0784634, 19.0348737 ], [ 73.0785104, 19.0348283 ], [ 73.0785262, 19.034813 ], [ 73.0785992, 19.0347457 ] ] } },
{ "type": "Feature", "properties": { "name": null, "highway": "residential" }, "geometry": { "type": "LineString", "coordinates": [ [ 73.070404, 19.041297 ], [ 73.0704319, 19.0409736 ], [ 73.0704245, 19.0406288 ], [ 73.070564, 19.0404951 ] ] } },
{ "type": "Feature", "properties": { "name": null, "highway": "residential" }, "geometry": { "type": "LineString", "coordinates": [ [ 73.0796137, 19.0364621 ], [ 73.0793986, 19.0363663 ], [ 73.0790377, 19.0365279 ], [ 73.0785458, 19.0368567 ], [ 73.078465, 19.0369107 ], [ 73.0779221, 19.0372735 ], [ 73.0774803, 19.0375827 ] ] } },
{ "type": "Feature", "properties": { "name": "Gharkul Road", "highway": "primary" }, "geometry": { "type": "LineString", "coordinates": [ [ 73.0724208, 19.0412913 ], [ 73.0722965, 19.0412932 ], [ 73.0722585, 19.0412923 ], [ 73.0720711, 19.0413076 ], [ 73.0716392, 19.0413036 ], [ 73.0715723, 19.041303 ], [ 73.0713341, 19.0413007 ], [ 73.071302, 19.0413004 ], [ 73.0708733, 19.0412964 ], [ 73.070404, 19.041297 ], [ 73.0700449, 19.0412886 ], [ 73.0698464, 19.0412751 ] ] } },
{ "type": "Feature", "properties": { "name": null, "highway": "residential" }, "geometry": { "type": "LineString", "coordinates": [ [ 73.0730261, 19.0357352 ], [ 73.073599, 19.035943 ], [ 73.0738998, 19.0359831 ] ] } },
{ "type": "Feature", "properties": { "name": null, "highway": "residential" }, "geometry": { "type": "LineString", "coordinates": [ [ 73.073599, 19.035943 ], [ 73.0735919, 19.0360634 ] ] } },
{ "type": "Feature", "properties": { "name": null, "highway": "service" }, "geometry": { "type": "LineString", "coordinates": [ [ 73.0693286, 19.0328155 ], [ 73.0692703, 19.032883 ], [ 73.0692662, 19.0329067 ], [ 73.0692734, 19.0329301 ], [ 73.069372, 19.0330003 ] ] } },
{ "type": "Feature", "properties": { "name": null, "highway": "service" }, "geometry": { "type": "LineString", "coordinates": [ [ 73.0652529, 19.0289942 ], [ 73.0652445, 19.0290689 ], [ 73.0652156, 19.029156 ], [ 73.0652082, 19.0292403 ], [ 73.0653872, 19.0293101 ], [ 73.0655327, 19.029103 ] ] } },
{ "type": "Feature", "properties": { "name": null, "highway": "service" }, "geometry": { "type": "LineString", "coordinates": [ [ 73.0642013, 19.0288411 ], [ 73.0641823, 19.0289006 ], [ 73.0638305, 19.0293633 ] ] } },
{ "type": "Feature", "properties": { "name": null, "highway": "service" }, "geometry": { "type": "LineString", "coordinates": [ [ 73.0588541, 19.0370909 ], [ 73.0588699, 19.0371993 ], [ 73.0588898, 19.0373364 ], [ 73.0588983, 19.0374289 ], [ 73.0588406, 19.0375278 ], [ 73.0588621, 19.037718 ], [ 73.0589493, 19.0377877 ] ] } },
{ "type": "Feature", "properties": { "name": null, "highway": "service" }, "geometry": { "type": "LineString", "coordinates": [ [ 73.0633432, 19.0401975 ], [ 73.0631778, 19.0402408 ], [ 73.0631322, 19.0404132 ], [ 73.0616516, 19.0406008 ] ] } },
{ "type": "Feature", "properties": { "name": null, "highway": "service" }, "geometry": { "type": "LineString", "coordinates": [ [ 73.070823, 19.0366484 ], [ 73.0707937, 19.0366735 ], [ 73.0704157, 19.0369992 ] ] } },
{ "type": "Feature", "properties": { "name": null, "highway": "residential" }, "geometry": { "type": "LineString", "coordinates": [ [ 73.0647432, 19.0355428 ], [ 73.0647033, 19.0355384 ], [ 73.0646656, 19.0355185 ], [ 73.0646208, 19.0354733 ], [ 73.0646042, 19.0354529 ], [ 73.0645778, 19.0354204 ], [ 73.0645635, 19.0353692 ], [ 73.0645581, 19.0353051 ], [ 73.0645616, 19.0352442 ], [ 73.0645725, 19.0352017 ], [ 73.0648397, 19.0349851 ], [ 73.064913, 19.0349615 ], [ 73.0649853, 19.03496 ], [ 73.0650433, 19.0349749 ], [ 73.0650982, 19.0350126 ], [ 73.0651578, 19.0350829 ], [ 73.0651818, 19.0351225 ], [ 73.0651896, 19.0351642 ], [ 73.0651931, 19.035196 ], [ 73.0651723, 19.0352431 ], [ 73.0650541, 19.035345 ], [ 73.0650147, 19.0353954 ], [ 73.0650097, 19.035439 ] ] } },
{ "type": "Feature", "properties": { "name": null, "highway": "residential" }, "geometry": { "type": "LineString", "coordinates": [ [ 73.0733249, 19.0511017 ], [ 73.0733104, 19.05122 ], [ 73.0733104, 19.0513356 ], [ 73.0732686, 19.0514066 ], [ 73.0732289, 19.0514289 ], [ 73.0730604, 19.0514624 ], [ 73.0730057, 19.0514604 ], [ 73.072951, 19.0514249 ], [ 73.0729102, 19.051363 ], [ 73.072893, 19.0513123 ], [ 73.0728898, 19.0512626 ], [ 73.0729145, 19.0512089 ], [ 73.0729467, 19.0511409 ], [ 73.0729628, 19.0511014 ], [ 73.0729542, 19.0510253 ], [ 73.0729456, 19.0509989 ], [ 73.0728941, 19.0509695 ], [ 73.0728744, 19.0509546 ], [ 73.0728636, 19.0509183 ], [ 73.0728506, 19.0508658 ], [ 73.072844, 19.0508317 ], [ 73.0728438, 19.0507976 ], [ 73.0728705, 19.0507689 ], [ 73.0728972, 19.0507462 ], [ 73.0729058, 19.0506831 ], [ 73.0729242, 19.050652 ], [ 73.072969, 19.0506297 ], [ 73.0731177, 19.0506118 ], [ 73.0732191, 19.0506118 ], [ 73.0732678, 19.0506476 ], [ 73.0733249, 19.0511017 ], [ 73.073383, 19.0513365 ], [ 73.0733831, 19.051414 ], [ 73.0733517, 19.0514782 ], [ 73.0732434, 19.0516304 ], [ 73.0732262, 19.0516546 ], [ 73.0731743, 19.0517266 ] ] } },
{ "type": "Feature", "properties": { "name": null, "highway": "residential" }, "geometry": { "type": "LineString", "coordinates": [ [ 73.0733789, 19.0504613 ], [ 73.0734719, 19.0511026 ], [ 73.0737612, 19.0510761 ], [ 73.0742969, 19.0509883 ] ] } },
{ "type": "Feature", "properties": { "name": null, "highway": "residential" }, "geometry": { "type": "LineString", "coordinates": [ [ 73.0748417, 19.0512703 ], [ 73.0747876, 19.0509191 ] ] } },
{ "type": "Feature", "properties": { "name": null, "highway": "residential" }, "geometry": { "type": "LineString", "coordinates": [ [ 73.0732073, 19.0517514 ], [ 73.073246, 19.0516999 ], [ 73.0732575, 19.0516846 ], [ 73.0732651, 19.0516728 ], [ 73.0734213, 19.0515137 ], [ 73.0734953, 19.0514839 ], [ 73.0735686, 19.0514842 ], [ 73.0741448, 19.0514182 ], [ 73.0741782, 19.0514216 ], [ 73.0741904, 19.0514503 ], [ 73.0742731, 19.0519196 ], [ 73.0742688, 19.0519341 ], [ 73.0742491, 19.0519407 ], [ 73.0742108, 19.0519462 ], [ 73.0742224, 19.0520793 ], [ 73.0742357, 19.0521901 ] ] } },
{ "type": "Feature", "properties": { "name": null, "highway": "residential" }, "geometry": { "type": "LineString", "coordinates": [ [ 73.0737612, 19.0510761 ], [ 73.073725, 19.0507631 ], [ 73.0744161, 19.0506637 ], [ 73.0744551, 19.0509633 ] ] } },
{ "type": "Feature", "properties": { "name": null, "highway": "service" }, "geometry": { "type": "LineString", "coordinates": [ [ 73.0735199, 19.0720348 ], [ 73.0733985, 19.0715373 ], [ 73.0732846, 19.0710708 ], [ 73.0738944, 19.0710132 ] ] } },
{ "type": "Feature", "properties": { "name": null, "highway": "service" }, "geometry": { "type": "LineString", "coordinates": [ [ 73.0747622, 19.069637 ], [ 73.0748276, 19.0700039 ], [ 73.0749045, 19.0703989 ] ] } },
{ "type": "Feature", "properties": { "name": null, "highway": "tertiary" }, "geometry": { "type": "LineString", "coordinates": [ [ 73.0736974, 19.0383975 ], [ 73.0736979, 19.0384237 ], [ 73.0737119, 19.0384517 ], [ 73.0737359, 19.0384811 ], [ 73.0738382, 19.0386206 ] ] } },
{ "type": "Feature", "properties": { "name": null, "highway": "service" }, "geometry": { "type": "LineString", "coordinates": [ [ 73.0645882, 19.0647288 ], [ 73.0645601, 19.0646084 ] ] } },
{ "type": "Feature", "properties": { "name": null, "highway": "residential" }, "geometry": { "type": "LineString", "coordinates": [ [ 73.0718268, 19.04487 ], [ 73.0715357, 19.04491 ] ] } },
{ "type": "Feature", "properties": { "name": null, "highway": "residential" }, "geometry": { "type": "LineString", "coordinates": [ [ 73.0728438, 19.0456072 ], [ 73.0727549, 19.0456195 ], [ 73.0723814, 19.0456674 ], [ 73.0719566, 19.0457224 ], [ 73.0718668, 19.0457186 ], [ 73.0718212, 19.0456945 ], [ 73.0718243, 19.0455965 ], [ 73.0718268, 19.04487 ] ] } },
{ "type": "Feature", "properties": { "name": null, "highway": "service" }, "geometry": { "type": "LineString", "coordinates": [ [ 73.0726832, 19.0449693 ], [ 73.0726025, 19.0449772 ], [ 73.0722218, 19.0450144 ] ] } },
{ "type": "Feature", "properties": { "name": null, "highway": "service" }, "geometry": { "type": "LineString", "coordinates": [ [ 73.0700768, 19.0700442 ], [ 73.0700594, 19.0700903 ], [ 73.0700391, 19.0701443 ] ] } },
{ "type": "Feature", "properties": { "name": null, "highway": "residential" }, "geometry": { "type": "LineString", "coordinates": [ [ 73.0712883, 19.0479632 ], [ 73.0712766, 19.0478641 ], [ 73.0712743, 19.0478444 ], [ 73.0712104, 19.0473066 ], [ 73.0711984, 19.0472207 ] ] } },
{ "type": "Feature", "properties": { "name": null, "highway": "residential" }, "geometry": { "type": "LineString", "coordinates": [ [ 73.0715992, 19.0471875 ], [ 73.0716167, 19.0473271 ], [ 73.0716297, 19.0474484 ], [ 73.0716718, 19.0478314 ], [ 73.0716746, 19.0478566 ], [ 73.071683, 19.0479295 ] ] } },
{ "type": "Feature", "properties": { "name": null, "highway": "service" }, "geometry": { "type": "LineString", "coordinates": [ [ 73.0700391, 19.0701443 ], [ 73.0700372, 19.0701923 ], [ 73.0700199, 19.0702404 ], [ 73.0699628, 19.0702866 ], [ 73.0699332, 19.0703051 ], [ 73.0699014, 19.0703433 ], [ 73.0698769, 19.0703636 ], [ 73.0695803, 19.0707011 ], [ 73.0693581, 19.070954 ], [ 73.0692902, 19.0710292 ], [ 73.0691925, 19.0711383 ] ] } },
{ "type": "Feature", "properties": { "name": null, "highway": "service" }, "geometry": { "type": "LineString", "coordinates": [ [ 73.0686705, 19.0700339 ], [ 73.0688646, 19.0700522 ], [ 73.0690658, 19.0700788 ], [ 73.0691168, 19.07009 ], [ 73.0691649, 19.0701062 ], [ 73.0692372, 19.070132 ], [ 73.0698769, 19.0703636 ] ] } },
{ "type": "Feature", "properties": { "name": null, "highway": "service" }, "geometry": { "type": "LineString", "coordinates": [ [ 73.0701652, 19.0704956 ], [ 73.0698703, 19.0708889 ], [ 73.0695212, 19.0713544 ], [ 73.0691925, 19.0711383 ] ] } },
{ "type": "Feature", "properties": { "name": null, "highway": "service" }, "geometry": { "type": "LineString", "coordinates": [ [ 73.0701652, 19.0704956 ], [ 73.0701701, 19.0704398 ], [ 73.0701242, 19.0703898 ] ] } },
{ "type": "Feature", "properties": { "name": null, "highway": "service" }, "geometry": { "type": "LineString", "coordinates": [ [ 73.0701242, 19.0703898 ], [ 73.0699332, 19.0703051 ] ] } },
{ "type": "Feature", "properties": { "name": null, "highway": "residential" }, "geometry": { "type": "LineString", "coordinates": [ [ 73.0683187, 19.0502483 ], [ 73.0683256, 19.0503064 ], [ 73.068374, 19.0507134 ], [ 73.0683847, 19.050754 ], [ 73.0684061, 19.0507811 ], [ 73.0684405, 19.0507807 ], [ 73.0688095, 19.0507309 ], [ 73.068843, 19.050751 ], [ 73.0688506, 19.0507958 ], [ 73.0688664, 19.0509781 ], [ 73.0688772, 19.0510619 ] ] } },
{ "type": "Feature", "properties": { "name": null, "highway": "residential" }, "geometry": { "type": "LineString", "coordinates": [ [ 73.077018, 19.0361857 ], [ 73.0770797, 19.036131 ], [ 73.0774553, 19.0357997 ], [ 73.0774724, 19.0357868 ], [ 73.0774874, 19.0357827 ], [ 73.0775007, 19.0357833 ], [ 73.0775141, 19.0357932 ], [ 73.0779378, 19.036236 ], [ 73.0779931, 19.0362932 ] ] } },
{ "type": "Feature", "properties": { "name": null, "highway": "primary" }, "geometry": { "type": "LineString", "coordinates": [ [ 73.0807786, 19.0384899 ], [ 73.0806913, 19.0378068 ], [ 73.0806648, 19.0376081 ], [ 73.0806441, 19.0375324 ] ] } },
{ "type": "Feature", "properties": { "name": null, "highway": "residential" }, "geometry": { "type": "LineString", "coordinates": [ [ 73.0750244, 19.0363973 ], [ 73.0751962, 19.0362409 ], [ 73.0753208, 19.0361275 ] ] } },
{ "type": "Feature", "properties": { "name": null, "highway": "residential" }, "geometry": { "type": "LineString", "coordinates": [ [ 73.0757595, 19.0373232 ], [ 73.0757326, 19.0370574 ], [ 73.0757045, 19.0368092 ], [ 73.0756937, 19.0366302 ], [ 73.0756864, 19.0365479 ], [ 73.0756503, 19.0364494 ] ] } },
{ "type": "Feature", "properties": { "name": "Kopra Road", "highway": "tertiary" }, "geometry": { "type": "LineString", "coordinates": [ [ 73.0775393, 19.036783 ], [ 73.0780166, 19.036405 ], [ 73.0780829, 19.0363501 ], [ 73.0790828, 19.0355063 ], [ 73.0791327, 19.0354102 ], [ 73.0790074, 19.0354472 ], [ 73.0785477, 19.0358307 ], [ 73.0782041, 19.0361172 ], [ 73.0779931, 19.0362932 ], [ 73.0775293, 19.036669 ] ] } },
{ "type": "Feature", "properties": { "name": null, "highway": "residential" }, "geometry": { "type": "LineString", "coordinates": [ [ 73.0754187, 19.0703842 ], [ 73.0754394, 19.0704486 ], [ 73.0754997, 19.0706367 ] ] } },
{ "type": "Feature", "properties": { "name": null, "highway": "residential" }, "geometry": { "type": "LineString", "coordinates": [ [ 73.0759644, 19.0705955 ], [ 73.0758485, 19.0706269 ], [ 73.0756532, 19.0706773 ] ] } },
{ "type": "Feature", "properties": { "name": null, "highway": "residential" }, "geometry": { "type": "LineString", "coordinates": [ [ 73.0749905, 19.0333927 ], [ 73.0750514, 19.0334533 ], [ 73.0750897, 19.0334897 ], [ 73.0755684, 19.0330519 ], [ 73.0755188, 19.0330034 ], [ 73.0754692, 19.0329549 ] ] } },
{ "type": "Feature", "properties": { "name": "Suncity Avenue Entrance Road", "highway": "residential" }, "geometry": { "type": "LineString", "coordinates": [ [ 73.0768618, 19.0330301 ], [ 73.0765047, 19.0333548 ], [ 73.0764888, 19.0333712 ] ] } },
{ "type": "Feature", "properties": { "name": null, "highway": "residential" }, "geometry": { "type": "LineString", "coordinates": [ [ 73.0765419, 19.0347721 ], [ 73.0764762, 19.0347089 ], [ 73.076471, 19.0347034 ], [ 73.0764469, 19.0346797 ], [ 73.0763976, 19.0346311 ], [ 73.0762691, 19.0345216 ], [ 73.0762608, 19.0344952 ], [ 73.0762942, 19.0344538 ], [ 73.0762832, 19.0344303 ], [ 73.0758002, 19.0339332 ], [ 73.0757676, 19.0339082 ], [ 73.075734, 19.0339198 ], [ 73.0756641, 19.0339876 ], [ 73.0756531, 19.0339927 ], [ 73.0756389, 19.0339873 ], [ 73.0754374, 19.033791 ], [ 73.0754329, 19.0337762 ], [ 73.0754409, 19.0337606 ], [ 73.0758554, 19.0333725 ], [ 73.0758746, 19.0333653 ], [ 73.0758908, 19.0333751 ], [ 73.0768473, 19.0343176 ], [ 73.0768567, 19.0343265 ], [ 73.0768635, 19.0343336 ], [ 73.0769394, 19.0344086 ] ] } },
{ "type": "Feature", "properties": { "name": null, "highway": "path" }, "geometry": { "type": "LineString", "coordinates": [ [ 73.0738575, 19.030581 ], [ 73.0739173, 19.0305753 ], [ 73.0740809, 19.0304764 ], [ 73.0743706, 19.0303649 ], [ 73.0744833, 19.0302026 ] ] } },
{ "type": "Feature", "properties": { "name": null, "highway": "service" }, "geometry": { "type": "LineString", "coordinates": [ [ 73.0779221, 19.0372735 ], [ 73.0778049, 19.0372558 ], [ 73.0776978, 19.0372073 ], [ 73.0776098, 19.037132 ], [ 73.0775481, 19.0370362 ], [ 73.0775179, 19.0369277 ], [ 73.0775393, 19.036783 ] ] } },
{ "type": "Feature", "properties": { "name": null, "highway": "steps" }, "geometry": { "type": "LineString", "coordinates": [ [ 73.0774503, 19.0377506 ], [ 73.0772957, 19.0378395 ] ] } },
{ "type": "Feature", "properties": { "name": null, "highway": "residential" }, "geometry": { "type": "LineString", "coordinates": [ [ 73.0601579, 19.0321898 ], [ 73.0601827, 19.0321735 ], [ 73.0603933, 19.0320359 ], [ 73.0604282, 19.0320313 ], [ 73.0604599, 19.0320366 ], [ 73.0604856, 19.0320513 ], [ 73.0605933, 19.0321886 ], [ 73.0606243, 19.0322281 ] ] } },
{ "type": "Feature", "properties": { "name": null, "highway": "residential" }, "geometry": { "type": "LineString", "coordinates": [ [ 73.0681313, 19.0669505 ], [ 73.06837, 19.066908 ], [ 73.0684662, 19.0668886 ] ] } },
{ "type": "Feature", "properties": { "name": null, "highway": "residential" }, "geometry": { "type": "LineString", "coordinates": [ [ 73.0688459, 19.0672829 ], [ 73.0687377, 19.0669154 ] ] } },
{ "type": "Feature", "properties": { "name": null, "highway": "residential" }, "geometry": { "type": "LineString", "coordinates": [ [ 73.0812949, 19.0471067 ], [ 73.0812882, 19.0470517 ], [ 73.0812612, 19.0468093 ], [ 73.0812731, 19.046776 ], [ 73.0812935, 19.0467678 ], [ 73.0815389, 19.04674 ], [ 73.0816128, 19.0467313 ] ] } },
{ "type": "Feature", "properties": { "name": "Sector 18th Road", "highway": "residential" }, "geometry": { "type": "LineString", "coordinates": [ [ 73.0815704, 19.0463488 ], [ 73.0811982, 19.0464061 ], [ 73.0811431, 19.0464146 ], [ 73.0804985, 19.0465138 ] ] } },
{ "type": "Feature", "properties": { "name": null, "highway": "service" }, "geometry": { "type": "LineString", "coordinates": [ [ 73.0811756, 19.0467264 ], [ 73.0811488, 19.0464698 ], [ 73.0811431, 19.0464146 ] ] } },
{ "type": "Feature", "properties": { "name": null, "highway": "residential" }, "geometry": { "type": "LineString", "coordinates": [ [ 73.080938, 19.0457446 ], [ 73.0809318, 19.0456851 ], [ 73.0808894, 19.0453449 ] ] } },
{ "type": "Feature", "properties": { "name": null, "highway": "service" }, "geometry": { "type": "LineString", "coordinates": [ [ 73.0810588, 19.045725 ], [ 73.0810701, 19.0458157 ], [ 73.0811019, 19.0460704 ], [ 73.0814487, 19.0460322 ], [ 73.0815287, 19.0460234 ] ] } },
{ "type": "Feature", "properties": { "name": null, "highway": "residential" }, "geometry": { "type": "LineString", "coordinates": [ [ 73.0804494, 19.0461359 ], [ 73.0804737, 19.0461335 ], [ 73.0805026, 19.0461306 ], [ 73.080737, 19.0461087 ], [ 73.0807483, 19.046103 ], [ 73.080752, 19.0460944 ], [ 73.0807058, 19.0458655 ], [ 73.0807028, 19.0458413 ], [ 73.0806951, 19.0457897 ] ] } },
{ "type": "Feature", "properties": { "name": null, "highway": "service" }, "geometry": { "type": "LineString", "coordinates": [ [ 73.0748369, 19.0496255 ], [ 73.0746576, 19.0496462 ], [ 73.0740798, 19.0497299 ] ] } },
{ "type": "Feature", "properties": { "name": null, "highway": "service" }, "geometry": { "type": "LineString", "coordinates": [ [ 73.0748796, 19.0499605 ], [ 73.0747029, 19.0499786 ], [ 73.0740961, 19.050045 ] ] } },
{ "type": "Feature", "properties": { "name": null, "highway": "residential" }, "geometry": { "type": "LineString", "coordinates": [ [ 73.0747816, 19.049275 ], [ 73.0746837, 19.0492869 ], [ 73.0746788, 19.0492875 ], [ 73.074664, 19.0492894 ], [ 73.0740202, 19.0493693 ] ] } },
{ "type": "Feature", "properties": { "name": null, "highway": "service" }, "geometry": { "type": "LineString", "coordinates": [ [ 73.0747356, 19.0489645 ], [ 73.0746286, 19.048966 ], [ 73.0740329, 19.0490242 ] ] } },
{ "type": "Feature", "properties": { "name": null, "highway": "steps" }, "geometry": { "type": "LineString", "coordinates": [ [ 73.0658027, 19.0505356 ], [ 73.0649734, 19.0506304 ] ] } },
{ "type": "Feature", "properties": { "name": null, "highway": "path" }, "geometry": { "type": "LineString", "coordinates": [ [ 73.0664574, 19.0516881 ], [ 73.0663281, 19.0520422 ] ] } },
{ "type": "Feature", "properties": { "name": null, "highway": "service" }, "geometry": { "type": "LineString", "coordinates": [ [ 73.0700286, 19.070028 ], [ 73.070049, 19.069976 ], [ 73.0700693, 19.0699239 ], [ 73.0703565, 19.0691891 ], [ 73.0703854, 19.0690995 ], [ 73.0704142, 19.06901 ] ] } },
{ "type": "Feature", "properties": { "name": null, "highway": "service" }, "geometry": { "type": "LineString", "coordinates": [ [ 73.069775, 19.0698167 ], [ 73.0700458, 19.0691331 ], [ 73.0700892, 19.0690768 ], [ 73.0701732, 19.069087 ], [ 73.0703565, 19.0691891 ] ] } },
{ "type": "Feature", "properties": { "name": null, "highway": "residential" }, "geometry": { "type": "LineString", "coordinates": [ [ 73.0716377, 19.0515686 ], [ 73.0716472, 19.051641 ], [ 73.0716567, 19.0517133 ], [ 73.071709, 19.0520752 ], [ 73.0717223, 19.0521046 ], [ 73.0718065, 19.0521162 ], [ 73.071862, 19.0521046 ], [ 73.0719185, 19.0520735 ], [ 73.0718774, 19.0516929 ], [ 73.0718641, 19.0516175 ], [ 73.0718529, 19.051543 ] ] } },
{ "type": "Feature", "properties": { "name": null, "highway": "residential" }, "geometry": { "type": "LineString", "coordinates": [ [ 73.0716567, 19.0517133 ], [ 73.0718774, 19.0516929 ] ] } },
{ "type": "Feature", "properties": { "name": null, "highway": "residential" }, "geometry": { "type": "LineString", "coordinates": [ [ 73.0719152, 19.0515324 ], [ 73.0719234, 19.0516059 ], [ 73.0719291, 19.0516565 ], [ 73.0719536, 19.0518749 ], [ 73.0719591, 19.0518991 ], [ 73.0719803, 19.0519138 ], [ 73.0720215, 19.0519296 ], [ 73.0722597, 19.0519002 ], [ 73.0723194, 19.051891 ], [ 73.0723312, 19.0518698 ], [ 73.0723171, 19.0517583 ], [ 73.0723301, 19.051736 ], [ 73.0723749, 19.0517248 ], [ 73.0725424, 19.051698 ], [ 73.0725814, 19.0516936 ], [ 73.0725716, 19.051587 ], [ 73.0725674, 19.0515413 ], [ 73.072559, 19.0514484 ] ] } },
{ "type": "Feature", "properties": { "name": null, "highway": "residential" }, "geometry": { "type": "LineString", "coordinates": [ [ 73.0722597, 19.0519002 ], [ 73.0722792, 19.0520352 ], [ 73.0722864, 19.0520515 ], [ 73.0723018, 19.0520608 ], [ 73.0723513, 19.0520616 ], [ 73.0725653, 19.0520283 ], [ 73.0725896, 19.0520036 ], [ 73.0725967, 19.0519735 ], [ 73.0725814, 19.0516936 ] ] } },
{ "type": "Feature", "properties": { "name": null, "highway": "service" }, "geometry": { "type": "LineString", "coordinates": [ [ 73.0708593, 19.072475 ], [ 73.0710153, 19.0722801 ], [ 73.0711442, 19.0721063 ], [ 73.0711704, 19.0720789 ], [ 73.0711943, 19.0720811 ], [ 73.071228, 19.0720979 ], [ 73.0715687, 19.0723521 ], [ 73.0712636, 19.0727454 ] ] } },
{ "type": "Feature", "properties": { "name": null, "highway": "service" }, "geometry": { "type": "LineString", "coordinates": [ [ 73.0789116, 19.0441504 ], [ 73.0786642, 19.0443439 ], [ 73.0786179, 19.0443801 ] ] } },
{ "type": "Feature", "properties": { "name": null, "highway": "residential" }, "geometry": { "type": "LineString", "coordinates": [ [ 73.0786519, 19.0718763 ], [ 73.0785658, 19.0718925 ], [ 73.0781693, 19.0719668 ], [ 73.0779408, 19.0720096 ], [ 73.0779074, 19.0720192 ], [ 73.0778812, 19.0720398 ], [ 73.077874, 19.0720809 ], [ 73.0779566, 19.0723711 ], [ 73.0779749, 19.0724354 ] ] } },
{ "type": "Feature", "properties": { "name": null, "highway": "residential" }, "geometry": { "type": "LineString", "coordinates": [ [ 73.0785544, 19.071471 ], [ 73.0784588, 19.071491 ], [ 73.0780841, 19.0715694 ], [ 73.0778435, 19.0716197 ], [ 73.0778173, 19.0716334 ], [ 73.0777999, 19.0716678 ], [ 73.0777999, 19.0717186 ], [ 73.0778751, 19.0719783 ] ] } },
{ "type": "Feature", "properties": { "name": null, "highway": "residential" }, "geometry": { "type": "LineString", "coordinates": [ [ 73.0751883, 19.0710706 ], [ 73.0746474, 19.0711905 ] ] } },
{ "type": "Feature", "properties": { "name": null, "highway": "residential" }, "geometry": { "type": "LineString", "coordinates": [ [ 73.0866979, 19.0727143 ], [ 73.0867408, 19.0726179 ], [ 73.0868159, 19.0725968 ] ] } },
{ "type": "Feature", "properties": { "name": null, "highway": "residential" }, "geometry": { "type": "LineString", "coordinates": [ [ 73.086714, 19.0712562 ], [ 73.0866179, 19.0716462 ] ] } },
{ "type": "Feature", "properties": { "name": null, "highway": "residential" }, "geometry": { "type": "LineString", "coordinates": [ [ 73.0860491, 19.0712087 ], [ 73.0864053, 19.0712492 ] ] } },
{ "type": "Feature", "properties": { "name": null, "highway": "residential" }, "geometry": { "type": "LineString", "coordinates": [ [ 73.0819022, 19.0688644 ], [ 73.0817734, 19.0693783 ], [ 73.0816813, 19.0695152 ], [ 73.0816715, 19.0696724 ], [ 73.0818826, 19.0699012 ] ] } },
{ "type": "Feature", "properties": { "name": null, "highway": "track" }, "geometry": { "type": "LineString", "coordinates": [ [ 73.0794776, 19.0487414 ], [ 73.0796386, 19.0485442 ], [ 73.0800109, 19.047874 ], [ 73.080082, 19.0477782 ], [ 73.0800894, 19.0477428 ], [ 73.0798613, 19.0474873 ], [ 73.0798319, 19.0473746 ], [ 73.0798387, 19.0473198 ], [ 73.0798798, 19.0472605 ] ] } },
{ "type": "Feature", "properties": { "name": null, "highway": "residential" }, "geometry": { "type": "LineString", "coordinates": [ [ 73.0776975, 19.0473188 ], [ 73.0776462, 19.0472672 ], [ 73.0774166, 19.0470309 ], [ 73.0774109, 19.0470159 ], [ 73.0774109, 19.0470026 ], [ 73.0774142, 19.04699 ], [ 73.0775091, 19.0469069 ], [ 73.0775602, 19.0468633 ] ] } },
{ "type": "Feature", "properties": { "name": null, "highway": "residential" }, "geometry": { "type": "LineString", "coordinates": [ [ 73.0833622, 19.0416852 ], [ 73.0836028, 19.0417036 ] ] } },
{ "type": "Feature", "properties": { "name": null, "highway": "service" }, "geometry": { "type": "LineString", "coordinates": [ [ 73.069775, 19.0698167 ], [ 73.0700693, 19.0699239 ] ] } },
{ "type": "Feature", "properties": { "name": null, "highway": "unclassified" }, "geometry": { "type": "LineString", "coordinates": [ [ 73.0579988, 19.0509751 ], [ 73.057857, 19.0512119 ], [ 73.0577575, 19.051303 ] ] } },
{ "type": "Feature", "properties": { "name": null, "highway": "primary_link" }, "geometry": { "type": "LineString", "coordinates": [ [ 73.0699108, 19.0414058 ], [ 73.0699225, 19.0413743 ] ] } },
{ "type": "Feature", "properties": { "name": null, "highway": "residential" }, "geometry": { "type": "LineString", "coordinates": [ [ 73.0758996, 19.0380488 ], [ 73.0759046, 19.0383704 ] ] } },
{ "type": "Feature", "properties": { "name": null, "highway": "residential" }, "geometry": { "type": "LineString", "coordinates": [ [ 73.0753978, 19.0380883 ], [ 73.0751295, 19.0380219 ], [ 73.0747492, 19.037849 ], [ 73.074718, 19.0378454 ], [ 73.0746965, 19.0378546 ], [ 73.0746484, 19.037927 ] ] } },
{ "type": "Feature", "properties": { "name": null, "highway": "residential" }, "geometry": { "type": "LineString", "coordinates": [ [ 73.0745563, 19.0378729 ], [ 73.0745984, 19.0378206 ], [ 73.0746123, 19.0377887 ], [ 73.0746098, 19.0375869 ], [ 73.0745333, 19.0375035 ], [ 73.0742813, 19.0374076 ] ] } },
{ "type": "Feature", "properties": { "name": null, "highway": "service" }, "geometry": { "type": "LineString", "coordinates": [ [ 73.0693473, 19.037886 ], [ 73.0696397, 19.0376372 ], [ 73.0697468, 19.0375493 ], [ 73.069676, 19.0364252 ], [ 73.0696194, 19.0362914 ], [ 73.0695415, 19.0362512 ], [ 73.0693292, 19.0362914 ], [ 73.0692089, 19.0363784 ], [ 73.0683738, 19.0367435 ], [ 73.0661713, 19.0376532 ], [ 73.0663377, 19.037986 ] ] } },
{ "type": "Feature", "properties": { "name": null, "highway": "service" }, "geometry": { "type": "LineString", "coordinates": [ [ 73.0693292, 19.0362914 ], [ 73.0694595, 19.0372316 ], [ 73.0694552, 19.0374173 ], [ 73.0696397, 19.0376372 ] ] } },
{ "type": "Feature", "properties": { "name": null, "highway": "residential" }, "geometry": { "type": "LineString", "coordinates": [ [ 73.0804581, 19.0645899 ], [ 73.0828576, 19.064324 ], [ 73.0838668, 19.0642121 ] ] } },
{ "type": "Feature", "properties": { "name": null, "highway": "service" }, "geometry": { "type": "LineString", "coordinates": [ [ 73.0792059, 19.0644599 ], [ 73.0792241, 19.0646407 ], [ 73.0777749, 19.0647841 ], [ 73.077753, 19.064592 ], [ 73.077675, 19.0639071 ], [ 73.0790932, 19.0637222 ], [ 73.0791229, 19.0639169 ], [ 73.0792059, 19.0644599 ] ] } },
{ "type": "Feature", "properties": { "name": null, "highway": "service" }, "geometry": { "type": "LineString", "coordinates": [ [ 73.0786343, 19.0631165 ], [ 73.0786414, 19.0631777 ], [ 73.0786457, 19.0632145 ], [ 73.0782446, 19.0632665 ], [ 73.0782918, 19.0637125 ], [ 73.0790822, 19.0636419 ] ] } },
{ "type": "Feature", "properties": { "name": null, "highway": "residential" }, "geometry": { "type": "LineString", "coordinates": [ [ 73.0712304, 19.0466605 ], [ 73.0718141, 19.0465779 ], [ 73.0718221, 19.0465554 ], [ 73.0718096, 19.0464986 ] ] } },
{ "type": "Feature", "properties": { "name": null, "highway": "residential" }, "geometry": { "type": "LineString", "coordinates": [ [ 73.0662528, 19.0380673 ], [ 73.0661507, 19.0381376 ] ] } },
{ "type": "Feature", "properties": { "name": null, "highway": "service" }, "geometry": { "type": "LineString", "coordinates": [ [ 73.0680368, 19.0665383 ], [ 73.0678218, 19.0663989 ] ] } },
{ "type": "Feature", "properties": { "name": null, "highway": "residential" }, "geometry": { "type": "LineString", "coordinates": [ [ 73.0805911, 19.0494032 ], [ 73.0803257, 19.0494361 ] ] } },
{ "type": "Feature", "properties": { "name": null, "highway": "residential" }, "geometry": { "type": "LineString", "coordinates": [ [ 73.082092, 19.0503912 ], [ 73.0821996, 19.0503698 ] ] } },
{ "type": "Feature", "properties": { "name": null, "highway": "service" }, "geometry": { "type": "LineString", "coordinates": [ [ 73.0552216, 19.0277962 ], [ 73.0552524, 19.0278111 ], [ 73.0553208, 19.0278441 ] ] } },
{ "type": "Feature", "properties": { "name": "Vastu Vihar Marg", "highway": "primary" }, "geometry": { "type": "LineString", "coordinates": [ [ 73.0814944, 19.0449141 ], [ 73.0815494, 19.0452362 ], [ 73.0816806, 19.0462664 ] ] } },
{ "type": "Feature", "properties": { "name": null, "highway": "primary" }, "geometry": { "type": "LineString", "coordinates": [ [ 73.0829712, 19.0555845 ], [ 73.0829078, 19.0549911 ], [ 73.0825371, 19.0520868 ], [ 73.0825185, 19.0519431 ] ] } },
{ "type": "Feature", "properties": { "name": null, "highway": "primary" }, "geometry": { "type": "LineString", "coordinates": [ [ 73.0824006, 19.051957 ], [ 73.0824183, 19.0521002 ], [ 73.0828616, 19.0555934 ] ] } },
{ "type": "Feature", "properties": { "name": null, "highway": "service" }, "geometry": { "type": "LineString", "coordinates": [ [ 73.0610057, 19.0335427 ], [ 73.0609, 19.0335051 ], [ 73.0607943, 19.0334675 ], [ 73.0601631, 19.0327484 ] ] } },
{ "type": "Feature", "properties": { "name": null, "highway": "residential" }, "geometry": { "type": "LineString", "coordinates": [ [ 73.0598515, 19.032259 ], [ 73.0598539, 19.0322279 ], [ 73.059992, 19.0321271 ], [ 73.0600634, 19.032075 ] ] } },
{ "type": "Feature", "properties": { "name": null, "highway": "service" }, "geometry": { "type": "LineString", "coordinates": [ [ 73.0607943, 19.0334675 ], [ 73.0605651, 19.0338239 ] ] } },
{ "type": "Feature", "properties": { "name": null, "highway": "residential" }, "geometry": { "type": "LineString", "coordinates": [ [ 73.0671752, 19.0536289 ], [ 73.0671802, 19.053535 ], [ 73.0671808, 19.0535237 ], [ 73.067183, 19.0534809 ], [ 73.0672183, 19.0528147 ], [ 73.0672264, 19.0526395 ] ] } },
{ "type": "Feature", "properties": { "name": null, "highway": "residential" }, "geometry": { "type": "LineString", "coordinates": [ [ 73.0701801, 19.0500356 ], [ 73.0702287, 19.05003 ] ] } },
{ "type": "Feature", "properties": { "name": null, "highway": "residential" }, "geometry": { "type": "LineString", "coordinates": [ [ 73.0700949, 19.0500453 ], [ 73.0701801, 19.0500356 ] ] } },
{ "type": "Feature", "properties": { "name": null, "highway": "living_street" }, "geometry": { "type": "LineString", "coordinates": [ [ 73.0699639, 19.0448102 ], [ 73.0704668, 19.0447515 ], [ 73.070753, 19.0446439 ], [ 73.0707631, 19.0446366 ], [ 73.0708647, 19.0445528 ] ] } },
{ "type": "Feature", "properties": { "name": "APJ Abdul Kalam Road", "highway": "residential" }, "geometry": { "type": "LineString", "coordinates": [ [ 73.069475, 19.0449043 ], [ 73.0695091, 19.0449288 ], [ 73.0696078, 19.0449996 ] ] } },
{ "type": "Feature", "properties": { "name": "APJ Abdul Kalam Road", "highway": "residential" }, "geometry": { "type": "LineString", "coordinates": [ [ 73.0694458, 19.0448789 ], [ 73.069475, 19.0449043 ] ] } },
{ "type": "Feature", "properties": { "name": null, "highway": "residential" }, "geometry": { "type": "LineString", "coordinates": [ [ 73.0702446, 19.0428508 ], [ 73.0702878, 19.042906 ] ] } },
{ "type": "Feature", "properties": { "name": null, "highway": "footway" }, "geometry": { "type": "LineString", "coordinates": [ [ 73.0645658, 19.0436082 ], [ 73.0644831, 19.0436321 ], [ 73.0640779, 19.0438529 ], [ 73.0639746, 19.0438676 ] ] } },
{ "type": "Feature", "properties": { "name": null, "highway": "service" }, "geometry": { "type": "LineString", "coordinates": [ [ 73.0631922, 19.0308683 ], [ 73.0631266, 19.0309544 ], [ 73.0626049, 19.0316395 ], [ 73.0624519, 19.0318404 ], [ 73.0618048, 19.0314 ], [ 73.0615943, 19.0316763 ], [ 73.0613587, 19.0319856 ], [ 73.0613168, 19.0320406 ], [ 73.0612544, 19.0321226 ] ] } },
{ "type": "Feature", "properties": { "name": null, "highway": "service" }, "geometry": { "type": "LineString", "coordinates": [ [ 73.0626049, 19.0316395 ], [ 73.0620822, 19.0312838 ] ] } },
{ "type": "Feature", "properties": { "name": null, "highway": "footway" }, "geometry": { "type": "LineString", "coordinates": [ [ 73.0777956, 19.0382848 ], [ 73.0779464, 19.0382015 ], [ 73.0779245, 19.0381662 ] ] } },
{ "type": "Feature", "properties": { "name": null, "highway": "footway" }, "geometry": { "type": "LineString", "coordinates": [ [ 73.0778439, 19.0384707 ], [ 73.0777956, 19.0382848 ] ] } },
{ "type": "Feature", "properties": { "name": null, "highway": "residential" }, "geometry": { "type": "LineString", "coordinates": [ [ 73.0784031, 19.0418468 ], [ 73.0783408, 19.0417733 ], [ 73.0779002, 19.0412695 ] ] } },
{ "type": "Feature", "properties": { "name": null, "highway": "residential" }, "geometry": { "type": "LineString", "coordinates": [ [ 73.0770753, 19.0398243 ], [ 73.0770585, 19.0397791 ], [ 73.0770372, 19.0397543 ], [ 73.0770224, 19.0397371 ], [ 73.0765271, 19.0391853 ], [ 73.0764898, 19.0391657 ], [ 73.0764567, 19.0391716 ], [ 73.0757282, 19.0397076 ], [ 73.0757234, 19.0397328 ], [ 73.0757325, 19.0397652 ], [ 73.0762305, 19.0404019 ], [ 73.0762495, 19.0404262 ], [ 73.076311, 19.0404948 ] ] } },
{ "type": "Feature", "properties": { "name": null, "highway": "residential" }, "geometry": { "type": "LineString", "coordinates": [ [ 73.0774551, 19.0632577 ], [ 73.0773225, 19.0632686 ] ] } },
{ "type": "Feature", "properties": { "name": null, "highway": "residential" }, "geometry": { "type": "LineString", "coordinates": [ [ 73.0884203, 19.0748086 ], [ 73.0880497, 19.0747788 ], [ 73.0878629, 19.0747536 ], [ 73.0877694, 19.0747 ], [ 73.0877461, 19.0744918 ], [ 73.0877537, 19.0741821 ], [ 73.0877075, 19.0740333 ], [ 73.0876627, 19.0739494 ], [ 73.0874925, 19.0738012 ], [ 73.0871548, 19.0736452 ], [ 73.0870487, 19.0735962 ], [ 73.0867017, 19.0734038 ], [ 73.0865611, 19.0733774 ], [ 73.0864843, 19.073363 ] ] } },
{ "type": "Feature", "properties": { "name": null, "highway": "tertiary" }, "geometry": { "type": "LineString", "coordinates": [ [ 73.0791258, 19.0731967 ], [ 73.0805931, 19.0728801 ], [ 73.0822175, 19.0725296 ], [ 73.0825212, 19.0724066 ], [ 73.0828882, 19.0722865 ] ] } },
{ "type": "Feature", "properties": { "name": null, "highway": "service" }, "geometry": { "type": "LineString", "coordinates": [ [ 73.0805931, 19.0728801 ], [ 73.0805688, 19.0727778 ], [ 73.0805109, 19.0725332 ], [ 73.0804877, 19.0724623 ], [ 73.0804466, 19.0724268 ], [ 73.0803589, 19.0724251 ], [ 73.0801643, 19.0724629 ] ] } },
{ "type": "Feature", "properties": { "name": null, "highway": "residential" }, "geometry": { "type": "LineString", "coordinates": [ [ 73.0790205, 19.0727219 ], [ 73.0790893, 19.0727062 ], [ 73.0791581, 19.0726905 ], [ 73.0795903, 19.0725991 ], [ 73.0798651, 19.0725399 ], [ 73.0800007, 19.0724972 ], [ 73.0800705, 19.0725088 ], [ 73.0801116, 19.0725593 ], [ 73.0801664, 19.0727839 ], [ 73.0801773, 19.0728531 ], [ 73.0801285, 19.0728966 ], [ 73.080039, 19.0729248 ], [ 73.079356, 19.0730503 ], [ 73.0792639, 19.0730503 ], [ 73.0792124, 19.0729965 ], [ 73.0791717, 19.0728992 ], [ 73.0791581, 19.0726905 ] ] } },
{ "type": "Feature", "properties": { "name": null, "highway": "residential" }, "geometry": { "type": "LineString", "coordinates": [ [ 73.0789539, 19.0724214 ], [ 73.0790367, 19.072399 ], [ 73.079356, 19.0723126 ], [ 73.0794455, 19.0722998 ], [ 73.0795105, 19.0723356 ], [ 73.0795593, 19.0723997 ], [ 73.0795903, 19.0725991 ] ] } },
{ "type": "Feature", "properties": { "name": null, "highway": "residential" }, "geometry": { "type": "LineString", "coordinates": [ [ 73.0871548, 19.0736452 ], [ 73.0873352, 19.0734638 ], [ 73.0874506, 19.0733472 ], [ 73.0875149, 19.0731748 ], [ 73.0874827, 19.0730557 ], [ 73.0873781, 19.072934 ], [ 73.0873618, 19.0728508 ], [ 73.0873557, 19.0728194 ] ] } },
{ "type": "Feature", "properties": { "name": null, "highway": "residential" }, "geometry": { "type": "LineString", "coordinates": [ [ 73.0865611, 19.0733774 ], [ 73.0867456, 19.0733131 ], [ 73.0870398, 19.0732646 ], [ 73.0872309, 19.073303 ], [ 73.0874506, 19.0733472 ] ] } },
{ "type": "Feature", "properties": { "name": null, "highway": "residential" }, "geometry": { "type": "LineString", "coordinates": [ [ 73.080839, 19.0632323 ], [ 73.0805379, 19.0632775 ], [ 73.080154, 19.0633566 ], [ 73.0798931, 19.0634258 ], [ 73.0797763, 19.0634876 ], [ 73.0795165, 19.0635987 ], [ 73.0794755, 19.0636285 ], [ 73.0794111, 19.0637374 ], [ 73.0792301, 19.0638933 ] ] } },
{ "type": "Feature", "properties": { "name": null, "highway": "residential" }, "geometry": { "type": "LineString", "coordinates": [ [ 73.0717155, 19.0427122 ], [ 73.0719022, 19.0426323 ], [ 73.0720592, 19.0426285 ], [ 73.072194, 19.0426142 ] ] } },
{ "type": "Feature", "properties": { "name": null, "highway": "residential" }, "geometry": { "type": "LineString", "coordinates": [ [ 73.0717391, 19.0430814 ], [ 73.0720503, 19.0431535 ] ] } },
{ "type": "Feature", "properties": { "name": null, "highway": "residential" }, "geometry": { "type": "LineString", "coordinates": [ [ 73.071603, 19.0433798 ], [ 73.0717235, 19.0434225 ], [ 73.0719851, 19.0434731 ] ] } },
{ "type": "Feature", "properties": { "name": null, "highway": "service" }, "geometry": { "type": "LineString", "coordinates": [ [ 73.0715218, 19.0437199 ], [ 73.0718231, 19.0437636 ], [ 73.0718436, 19.0437666 ] ] } },
{ "type": "Feature", "properties": { "name": null, "highway": "service" }, "geometry": { "type": "LineString", "coordinates": [ [ 73.0595048, 19.0270367 ], [ 73.0595811, 19.0268846 ], [ 73.0595916, 19.026815 ], [ 73.0595462, 19.0267647 ], [ 73.0594414, 19.0267085 ] ] } },
{ "type": "Feature", "properties": { "name": null, "highway": "service" }, "geometry": { "type": "LineString", "coordinates": [ [ 73.063996, 19.0314228 ], [ 73.0639318, 19.031508 ], [ 73.0636201, 19.0319219 ] ] } },
{ "type": "Feature", "properties": { "name": null, "highway": "residential" }, "geometry": { "type": "LineString", "coordinates": [ [ 73.0699639, 19.0448102 ], [ 73.0699927, 19.0450356 ] ] } },
{ "type": "Feature", "properties": { "name": null, "highway": "service" }, "geometry": { "type": "LineString", "coordinates": [ [ 73.0769203, 19.0443628 ], [ 73.0770697, 19.0442555 ], [ 73.0773812, 19.0440216 ], [ 73.0776939, 19.04378 ] ] } },
{ "type": "Feature", "properties": { "name": null, "highway": "service" }, "geometry": { "type": "LineString", "coordinates": [ [ 73.0776939, 19.04378 ], [ 73.078398, 19.0446731 ] ] } },
{ "type": "Feature", "properties": { "name": null, "highway": "service" }, "geometry": { "type": "LineString", "coordinates": [ [ 73.0776939, 19.04378 ], [ 73.0773707, 19.0433736 ] ] } },
{ "type": "Feature", "properties": { "name": null, "highway": "service" }, "geometry": { "type": "LineString", "coordinates": [ [ 73.0770697, 19.0442555 ], [ 73.0766132, 19.04372 ] ] } },
{ "type": "Feature", "properties": { "name": null, "highway": "residential" }, "geometry": { "type": "LineString", "coordinates": [ [ 73.0898212, 19.0171029 ], [ 73.0897717, 19.0173117 ], [ 73.0898767, 19.0175192 ], [ 73.0899426, 19.0176452 ], [ 73.0899665, 19.0178081 ], [ 73.0897624, 19.0179916 ], [ 73.0897202, 19.0181304 ], [ 73.0895073, 19.0182614 ] ] } },
{ "type": "Feature", "properties": { "name": null, "highway": "residential" }, "geometry": { "type": "LineString", "coordinates": [ [ 73.0892122, 19.0178792 ], [ 73.0897632, 19.0177824 ], [ 73.0898281, 19.0178245 ], [ 73.0899665, 19.0178081 ] ] } },
{ "type": "Feature", "properties": { "name": "Vastu Vihar Marg", "highway": "primary" }, "geometry": { "type": "LineString", "coordinates": [ [ 73.0816577, 19.045225 ], [ 73.0816177, 19.0449 ] ] } },
{ "type": "Feature", "properties": { "name": null, "highway": "residential" }, "geometry": { "type": "LineString", "coordinates": [ [ 73.0821943, 19.0440744 ], [ 73.0822214, 19.0440947 ], [ 73.0823618, 19.0441998 ], [ 73.0827224, 19.0444699 ], [ 73.0828472, 19.0445645 ], [ 73.0828491, 19.04462 ] ] } },
{ "type": "Feature", "properties": { "name": null, "highway": "residential" }, "geometry": { "type": "LineString", "coordinates": [ [ 73.0832144, 19.0447025 ], [ 73.0831135, 19.0437719 ], [ 73.0830935, 19.0437399 ], [ 73.0830568, 19.0437246 ], [ 73.0821662, 19.0438314 ], [ 73.0820515, 19.0438452 ], [ 73.0820303, 19.0438531 ], [ 73.0820196, 19.0438737 ], [ 73.0820181, 19.043898 ], [ 73.0821251, 19.0446939 ], [ 73.0821398, 19.0447846 ], [ 73.082156, 19.0448055 ], [ 73.0821879, 19.0448131 ], [ 73.0828605, 19.0447397 ], [ 73.0832144, 19.0447025 ] ] } },
{ "type": "Feature", "properties": { "name": "Vastu Vihar KH-2 Road", "highway": "residential" }, "geometry": { "type": "LineString", "coordinates": [ [ 73.0821795, 19.0439461 ], [ 73.082249, 19.043939 ], [ 73.0829395, 19.0438685 ], [ 73.0829783, 19.0438772 ], [ 73.0829985, 19.0438998 ], [ 73.0830691, 19.0445664 ], [ 73.0830651, 19.044587 ], [ 73.0830455, 19.0445991 ], [ 73.0828491, 19.04462 ], [ 73.0826356, 19.0446413 ], [ 73.0822609, 19.0446799 ], [ 73.0821251, 19.0446939 ] ] } },
{ "type": "Feature", "properties": { "name": null, "highway": "residential" }, "geometry": { "type": "LineString", "coordinates": [ [ 73.0828491, 19.04462 ], [ 73.0828605, 19.0447397 ] ] } },
{ "type": "Feature", "properties": { "name": null, "highway": "tertiary" }, "geometry": { "type": "LineString", "coordinates": [ [ 73.0739777, 19.0381941 ], [ 73.0740175, 19.0381668 ], [ 73.0741324, 19.0381782 ], [ 73.0743326, 19.0382679 ], [ 73.0744841, 19.0383357 ], [ 73.0745681, 19.0383615 ], [ 73.0746494, 19.03836 ], [ 73.0747007, 19.0383495 ], [ 73.074746, 19.0383238 ] ] } },
{ "type": "Feature", "properties": { "name": null, "highway": "residential" }, "geometry": { "type": "LineString", "coordinates": [ [ 73.0859962, 19.0687566 ], [ 73.086525, 19.0682525 ], [ 73.086559, 19.0682203 ], [ 73.0866414, 19.0682121 ], [ 73.0867161, 19.0682221 ], [ 73.0867588, 19.068204 ], [ 73.0867733, 19.0681504 ], [ 73.0868281, 19.0678879 ], [ 73.0869627, 19.0672302 ] ] } },
{ "type": "Feature", "properties": { "name": null, "highway": "residential" }, "geometry": { "type": "LineString", "coordinates": [ [ 73.0868281, 19.0678879 ], [ 73.0869322, 19.0679108 ], [ 73.0870014, 19.0679024 ], [ 73.0871513, 19.0679369 ], [ 73.0872542, 19.0679473 ], [ 73.0873122, 19.067942 ], [ 73.0874492, 19.0679329 ] ] } },
{ "type": "Feature", "properties": { "name": null, "highway": "residential" }, "geometry": { "type": "LineString", "coordinates": [ [ 73.0872542, 19.0679473 ], [ 73.0872152, 19.0680375 ], [ 73.0871647, 19.0681853 ], [ 73.087153, 19.0683018 ], [ 73.0871362, 19.0684719 ] ] } },
{ "type": "Feature", "properties": { "name": null, "highway": "residential" }, "geometry": { "type": "LineString", "coordinates": [ [ 73.0867588, 19.068204 ], [ 73.0867811, 19.0688191 ], [ 73.0867919, 19.0691132 ], [ 73.0867972, 19.0691892 ] ] } },
{ "type": "Feature", "properties": { "name": null, "highway": "tertiary" }, "geometry": { "type": "LineString", "coordinates": [ [ 73.0751569, 19.0455607 ], [ 73.0751293, 19.0453087 ], [ 73.0750285, 19.0447386 ], [ 73.0749646, 19.0446383 ], [ 73.0748806, 19.0445066 ], [ 73.0747932, 19.0443697 ], [ 73.0745083, 19.0441701 ], [ 73.0744603, 19.0441255 ], [ 73.0742752, 19.0439536 ], [ 73.0741393, 19.0438274 ], [ 73.0737718, 19.0438626 ], [ 73.0736559, 19.0438737 ], [ 73.0734983, 19.0438888 ], [ 73.072641, 19.0439709 ], [ 73.0725687, 19.0439792 ] ] } },
{ "type": "Feature", "properties": { "name": null, "highway": "service" }, "geometry": { "type": "LineString", "coordinates": [ [ 73.0733742, 19.0450315 ], [ 73.0733576, 19.0447998 ], [ 73.0733302, 19.0447448 ], [ 73.0732069, 19.0446703 ], [ 73.0729467, 19.0447027 ], [ 73.0729844, 19.0450716 ] ] } },
{ "type": "Feature", "properties": { "name": null, "highway": "service" }, "geometry": { "type": "LineString", "coordinates": [ [ 73.0724429, 19.0490439 ], [ 73.0724868, 19.0490356 ], [ 73.0725254, 19.04903 ], [ 73.0726052, 19.0490132 ], [ 73.0726581, 19.0492784 ], [ 73.0729013, 19.0492432 ], [ 73.0732465, 19.0491932 ], [ 73.0736095, 19.0491407 ], [ 73.0739062, 19.0490977 ], [ 73.073877, 19.0487974 ], [ 73.0738153, 19.0481606 ], [ 73.0737802, 19.0477989 ], [ 73.0734958, 19.0478427 ], [ 73.0732313, 19.0478834 ], [ 73.0731427, 19.0480067 ], [ 73.0729752, 19.0482535 ], [ 73.0727701, 19.0485254 ], [ 73.072715, 19.048602 ], [ 73.0725361, 19.0486981 ], [ 73.0726052, 19.0490132 ] ] } },
{ "type": "Feature", "properties": { "name": null, "highway": "service" }, "geometry": { "type": "LineString", "coordinates": [ [ 73.0736095, 19.0491407 ], [ 73.0735852, 19.048863 ], [ 73.0735509, 19.0484719 ], [ 73.0735294, 19.0482263 ], [ 73.0734958, 19.0478427 ] ] } },
{ "type": "Feature", "properties": { "name": null, "highway": "service" }, "geometry": { "type": "LineString", "coordinates": [ [ 73.0726052, 19.0490132 ], [ 73.0728658, 19.0489733 ], [ 73.073083, 19.04894 ], [ 73.0731891, 19.0489237 ], [ 73.0735852, 19.048863 ], [ 73.073877, 19.0487974 ] ] } },
{ "type": "Feature", "properties": { "name": null, "highway": "service" }, "geometry": { "type": "LineString", "coordinates": [ [ 73.0729013, 19.0492432 ], [ 73.0728658, 19.0489733 ], [ 73.0727701, 19.0485254 ] ] } },
{ "type": "Feature", "properties": { "name": null, "highway": "service" }, "geometry": { "type": "LineString", "coordinates": [ [ 73.0738153, 19.0481606 ], [ 73.0735294, 19.0482263 ], [ 73.0732395, 19.0482523 ], [ 73.0732244, 19.0482141 ], [ 73.0731427, 19.0480067 ] ] } },
{ "type": "Feature", "properties": { "name": null, "highway": "service" }, "geometry": { "type": "LineString", "coordinates": [ [ 73.0732465, 19.0491932 ], [ 73.0731891, 19.0489237 ] ] } },
{ "type": "Feature", "properties": { "name": null, "highway": "service" }, "geometry": { "type": "LineString", "coordinates": [ [ 73.073083, 19.04894 ], [ 73.0730248, 19.0485257 ], [ 73.0729752, 19.0482535 ] ] } },
{ "type": "Feature", "properties": { "name": null, "highway": "residential" }, "geometry": { "type": "LineString", "coordinates": [ [ 73.0783946, 19.0417256 ], [ 73.0792223, 19.0411127 ], [ 73.0792287, 19.0410991 ], [ 73.0792217, 19.0410845 ], [ 73.0789313, 19.0407429 ], [ 73.0785821, 19.0403192 ], [ 73.0782603, 19.0399566 ] ] } },
{ "type": "Feature", "properties": { "name": null, "highway": "service" }, "geometry": { "type": "LineString", "coordinates": [ [ 73.0854191, 19.0688239 ], [ 73.0854041, 19.0687161 ], [ 73.0852357, 19.0675068 ], [ 73.085097, 19.0665106 ], [ 73.0857964, 19.0664299 ], [ 73.0859056, 19.067433 ], [ 73.0860036, 19.0683358 ], [ 73.0860077, 19.0683915 ], [ 73.0860197, 19.0685538 ], [ 73.0859482, 19.0687037 ], [ 73.0859962, 19.0687566 ] ] } },
{ "type": "Feature", "properties": { "name": null, "highway": "service" }, "geometry": { "type": "LineString", "coordinates": [ [ 73.0852357, 19.0675068 ], [ 73.0855668, 19.0674703 ], [ 73.0859056, 19.067433 ], [ 73.0862291, 19.0673969 ] ] } },
{ "type": "Feature", "properties": { "name": null, "highway": "service" }, "geometry": { "type": "LineString", "coordinates": [ [ 73.0855668, 19.0674703 ], [ 73.0857007, 19.068624 ] ] } },
{ "type": "Feature", "properties": { "name": null, "highway": "service" }, "geometry": { "type": "LineString", "coordinates": [ [ 73.072924, 19.0462709 ], [ 73.0729784, 19.0462596 ], [ 73.0730328, 19.0462482 ], [ 73.0731178, 19.0461412 ], [ 73.0732664, 19.0461345 ], [ 73.0733584, 19.0461345 ], [ 73.0734151, 19.0463419 ], [ 73.0735108, 19.046328 ], [ 73.0735991, 19.0463151 ], [ 73.0736486, 19.0464958 ], [ 73.0737761, 19.0465627 ], [ 73.0739459, 19.0465894 ], [ 73.0741087, 19.0466296 ], [ 73.0742503, 19.046663 ], [ 73.0745061, 19.0466529 ] ] } },
{ "type": "Feature", "properties": { "name": null, "highway": "service" }, "geometry": { "type": "LineString", "coordinates": [ [ 73.0735108, 19.046328 ], [ 73.0735495, 19.0465158 ], [ 73.0735425, 19.0466095 ], [ 73.0734221, 19.0467567 ], [ 73.0732027, 19.0467366 ], [ 73.0730895, 19.046663 ], [ 73.0730328, 19.0462482 ] ] } },
{ "type": "Feature", "properties": { "name": null, "highway": "service" }, "geometry": { "type": "LineString", "coordinates": [ [ 73.0735991, 19.0463151 ], [ 73.0737141, 19.0461353 ], [ 73.0737629, 19.045897 ], [ 73.073771, 19.0457894 ], [ 73.0739567, 19.0457955 ], [ 73.0740068, 19.0457971 ], [ 73.0740034, 19.0457417 ], [ 73.0739987, 19.0456664 ], [ 73.0737954, 19.0456357 ], [ 73.0736816, 19.0454205 ], [ 73.0735596, 19.0452668 ] ] } },
{ "type": "Feature", "properties": { "name": null, "highway": "service" }, "geometry": { "type": "LineString", "coordinates": [ [ 73.0735596, 19.0452668 ], [ 73.0735418, 19.0450137 ] ] } },
{ "type": "Feature", "properties": { "name": null, "highway": "service" }, "geometry": { "type": "LineString", "coordinates": [ [ 73.0740034, 19.0457417 ], [ 73.0741396, 19.0457372 ], [ 73.0744959, 19.0457253 ] ] } },
{ "type": "Feature", "properties": { "name": null, "highway": "residential" }, "geometry": { "type": "LineString", "coordinates": [ [ 73.0638323, 19.0486472 ], [ 73.0628585, 19.0487823 ], [ 73.0627443, 19.0487602 ], [ 73.0626524, 19.0486828 ], [ 73.0625292, 19.048176 ], [ 73.0625415, 19.0480129 ], [ 73.0625701, 19.0479236 ], [ 73.0626334, 19.0478922 ], [ 73.0636322, 19.0477858 ], [ 73.0637227, 19.0477777 ], [ 73.0637678, 19.0479197 ], [ 73.0638188, 19.0483088 ], [ 73.0638323, 19.0486472 ] ] } },
{ "type": "Feature", "properties": { "name": null, "highway": "service" }, "geometry": { "type": "LineString", "coordinates": [ [ 73.0635488, 19.0637345 ], [ 73.0633697, 19.0631585 ] ] } },
{ "type": "Feature", "properties": { "name": null, "highway": "residential" }, "geometry": { "type": "LineString", "coordinates": [ [ 73.0742813, 19.0374076 ], [ 73.0741725, 19.0373876 ], [ 73.0740307, 19.0374117 ], [ 73.0738885, 19.0374095 ] ] } },
{ "type": "Feature", "properties": { "name": null, "highway": "residential" }, "geometry": { "type": "LineString", "coordinates": [ [ 73.066719, 19.0408546 ], [ 73.0668621, 19.0409566 ] ] } },
{ "type": "Feature", "properties": { "name": null, "highway": "service" }, "geometry": { "type": "LineString", "coordinates": [ [ 73.0668621, 19.0409566 ], [ 73.0668775, 19.040934 ], [ 73.0669809, 19.0407822 ], [ 73.0670055, 19.0407449 ] ] } },
{ "type": "Feature", "properties": { "name": null, "highway": "residential" }, "geometry": { "type": "LineString", "coordinates": [ [ 73.0636037, 19.046041 ], [ 73.0634216, 19.0460592 ], [ 73.0633187, 19.0460693 ] ] } },
{ "type": "Feature", "properties": { "name": null, "highway": "residential" }, "geometry": { "type": "LineString", "coordinates": [ [ 73.0566914, 19.0338818 ], [ 73.0566812, 19.0341365 ], [ 73.0566862, 19.0342538 ], [ 73.0567149, 19.0345799 ], [ 73.056906, 19.0355417 ] ] } },
{ "type": "Feature", "properties": { "name": null, "highway": "residential" }, "geometry": { "type": "LineString", "coordinates": [ [ 73.0578434, 19.0352746 ], [ 73.0578761, 19.0355255 ], [ 73.0578483, 19.0355385 ], [ 73.0573132, 19.0356133 ] ] } },
{ "type": "Feature", "properties": { "name": null, "highway": "residential" }, "geometry": { "type": "LineString", "coordinates": [ [ 73.0641695, 19.0406086 ], [ 73.0642374, 19.0406008 ], [ 73.0642858, 19.0405948 ], [ 73.0644645, 19.0405735 ], [ 73.0645187, 19.0405573 ], [ 73.0645539, 19.0405299 ], [ 73.0645566, 19.0404838 ], [ 73.0645076, 19.0402015 ] ] } },
{ "type": "Feature", "properties": { "name": null, "highway": "service" }, "geometry": { "type": "LineString", "coordinates": [ [ 73.0692902, 19.0710292 ], [ 73.0690658, 19.0700788 ] ] } },
{ "type": "Feature", "properties": { "name": null, "highway": "residential" }, "geometry": { "type": "LineString", "coordinates": [ [ 73.0817616, 19.0594088 ], [ 73.0817142, 19.0591367 ], [ 73.0816228, 19.0586126 ] ] } },
{ "type": "Feature", "properties": { "name": null, "highway": "service" }, "geometry": { "type": "LineString", "coordinates": [ [ 73.0676846, 19.0391781 ], [ 73.0673644, 19.0387669 ] ] } },
{ "type": "Feature", "properties": { "name": null, "highway": "service" }, "geometry": { "type": "LineString", "coordinates": [ [ 73.0665772, 19.0378466 ], [ 73.0671251, 19.0384739 ] ] } },
{ "type": "Feature", "properties": { "name": null, "highway": "residential" }, "geometry": { "type": "LineString", "coordinates": [ [ 73.0571982, 19.0344477 ], [ 73.0571127, 19.0344548 ], [ 73.0570944, 19.0344566 ], [ 73.0570838, 19.0344643 ], [ 73.0570775, 19.034477 ], [ 73.0571299, 19.0348071 ], [ 73.0571353, 19.0348157 ] ] } },
{ "type": "Feature", "properties": { "name": null, "highway": "residential" }, "geometry": { "type": "LineString", "coordinates": [ [ 73.0571699, 19.0350198 ], [ 73.0572103, 19.0353192 ], [ 73.0572362, 19.035582 ], [ 73.0572493, 19.0356039 ], [ 73.0572729, 19.035617 ], [ 73.0573132, 19.0356133 ] ] } },
{ "type": "Feature", "properties": { "name": null, "highway": "residential" }, "geometry": { "type": "LineString", "coordinates": [ [ 73.0788812, 19.0720793 ], [ 73.078975, 19.0720588 ], [ 73.0794647, 19.0719516 ] ] } },
{ "type": "Feature", "properties": { "name": null, "highway": "residential" }, "geometry": { "type": "LineString", "coordinates": [ [ 73.0788371, 19.0714238 ], [ 73.0793174, 19.071311 ], [ 73.0792366, 19.0709552 ] ] } },
{ "type": "Feature", "properties": { "name": null, "highway": "service" }, "geometry": { "type": "LineString", "coordinates": [ [ 73.0693853, 19.0379198 ], [ 73.0688309, 19.0383299 ], [ 73.0682728, 19.0387429 ], [ 73.0676846, 19.0391781 ] ] } },
{ "type": "Feature", "properties": { "name": null, "highway": "service" }, "geometry": { "type": "LineString", "coordinates": [ [ 73.0676846, 19.0391781 ], [ 73.0674374, 19.0393544 ], [ 73.0663377, 19.037986 ] ] } },
{ "type": "Feature", "properties": { "name": null, "highway": "service" }, "geometry": { "type": "LineString", "coordinates": [ [ 73.0687187, 19.0381831 ], [ 73.0685513, 19.0379641 ] ] } },
{ "type": "Feature", "properties": { "name": null, "highway": "service" }, "geometry": { "type": "LineString", "coordinates": [ [ 73.0680312, 19.0372523 ], [ 73.0682013, 19.0375478 ] ] } },
{ "type": "Feature", "properties": { "name": null, "highway": "living_street" }, "geometry": { "type": "LineString", "coordinates": [ [ 73.0771189, 19.0525778 ], [ 73.0770971, 19.0521988 ] ] } },
{ "type": "Feature", "properties": { "name": null, "highway": "residential" }, "geometry": { "type": "LineString", "coordinates": [ [ 73.0738751, 19.070086 ], [ 73.0737866, 19.0700069 ] ] } },
{ "type": "Feature", "properties": { "name": null, "highway": "residential" }, "geometry": { "type": "LineString", "coordinates": [ [ 73.0832176, 19.0592292 ], [ 73.083332, 19.0592128 ] ] } },
{ "type": "Feature", "properties": { "name": null, "highway": "pedestrian" }, "geometry": { "type": "LineString", "coordinates": [ [ 73.0442904, 19.0272113 ], [ 73.0452299, 19.0281493 ], [ 73.0456674, 19.0283868 ] ] } },
{ "type": "Feature", "properties": { "name": null, "highway": "service" }, "geometry": { "type": "LineString", "coordinates": [ [ 73.0647834, 19.0362588 ], [ 73.0648419, 19.0362007 ], [ 73.0650218, 19.0360357 ] ] } },
{ "type": "Feature", "properties": { "name": null, "highway": "path" }, "geometry": { "type": "LineString", "coordinates": [ [ 73.0659655, 19.0605616 ], [ 73.0659308, 19.0605125 ], [ 73.0659172, 19.0604634 ], [ 73.0659189, 19.0604164 ], [ 73.0659023, 19.0603623 ], [ 73.0658649, 19.0603271 ], [ 73.0658233, 19.0603272 ], [ 73.0657365, 19.0602851 ], [ 73.0657111, 19.0602173 ], [ 73.0657081, 19.0601534 ], [ 73.0656225, 19.0600922 ], [ 73.0655067, 19.0600515 ] ] } },
{ "type": "Feature", "properties": { "name": null, "highway": "path" }, "geometry": { "type": "LineString", "coordinates": [ [ 73.0657388, 19.0604412 ], [ 73.0658233, 19.0603272 ], [ 73.0659682, 19.0601264 ], [ 73.0660623, 19.0601884 ], [ 73.0661222, 19.0601695 ], [ 73.0661129, 19.0599512 ] ] } },
{ "type": "Feature", "properties": { "name": null, "highway": "residential" }, "geometry": { "type": "LineString", "coordinates": [ [ 73.0791151, 19.0630714 ], [ 73.0794745, 19.0623087 ], [ 73.0796003, 19.0621154 ], [ 73.0797065, 19.0619853 ], [ 73.0798441, 19.0618961 ], [ 73.080542, 19.0618051 ] ] } },
{ "type": "Feature", "properties": { "name": null, "highway": "service" }, "geometry": { "type": "LineString", "coordinates": [ [ 73.0759231, 19.036665 ], [ 73.0760115, 19.0366608 ], [ 73.0761626, 19.0366503 ], [ 73.0762814, 19.0366403 ], [ 73.076469, 19.0366068 ], [ 73.0766385, 19.0365637 ], [ 73.076783, 19.0365297 ], [ 73.0768593, 19.0364927 ], [ 73.076927, 19.0364378 ], [ 73.0763838, 19.0359569 ] ] } },
{ "type": "Feature", "properties": { "name": null, "highway": "residential" }, "geometry": { "type": "LineString", "coordinates": [ [ 73.0826094, 19.0460279 ], [ 73.0825865, 19.0457885 ], [ 73.082582, 19.045741 ] ] } },
{ "type": "Feature", "properties": { "name": null, "highway": "residential" }, "geometry": { "type": "LineString", "coordinates": [ [ 73.0832643, 19.0696911 ], [ 73.0828835, 19.0693432 ], [ 73.0828632, 19.0693048 ], [ 73.0828469, 19.0692587 ], [ 73.0828428, 19.0691895 ], [ 73.0828466, 19.0688525 ] ] } },
{ "type": "Feature", "properties": { "name": null, "highway": "residential" }, "geometry": { "type": "LineString", "coordinates": [ [ 73.0822883, 19.071685 ], [ 73.0823303, 19.0716469 ], [ 73.0823723, 19.0716087 ], [ 73.0834801, 19.0706023 ], [ 73.0835254, 19.0705611 ], [ 73.0835707, 19.0705199 ] ] } },
{ "type": "Feature", "properties": { "name": null, "highway": "residential" }, "geometry": { "type": "LineString", "coordinates": [ [ 73.0823723, 19.0716087 ], [ 73.081893, 19.0711456 ], [ 73.0828203, 19.0702759 ], [ 73.0831176, 19.0705535 ], [ 73.0832804, 19.0704097 ], [ 73.0834801, 19.0706023 ] ] } },
{ "type": "Feature", "properties": { "name": null, "highway": "residential" }, "geometry": { "type": "LineString", "coordinates": [ [ 73.0717865, 19.04939 ], [ 73.071881, 19.0494543 ], [ 73.0719506, 19.0495332 ], [ 73.0719621, 19.0496411 ], [ 73.0718138, 19.0498377 ] ] } },
{ "type": "Feature", "properties": { "name": null, "highway": "residential" }, "geometry": { "type": "LineString", "coordinates": [ [ 73.0716508, 19.0494058 ], [ 73.071559, 19.0495227 ], [ 73.0715376, 19.0495739 ], [ 73.0715376, 19.0496293 ], [ 73.0717207, 19.0497751 ], [ 73.0718138, 19.0498377 ], [ 73.0719427, 19.0499474 ], [ 73.0721812, 19.0501997 ], [ 73.0719884, 19.0503535 ], [ 73.0718536, 19.0505259 ], [ 73.0717459, 19.0506755 ], [ 73.0715486, 19.0509376 ] ] } },
{ "type": "Feature", "properties": { "name": null, "highway": "residential" }, "geometry": { "type": "LineString", "coordinates": [ [ 73.0715165, 19.0500293 ], [ 73.0717207, 19.0497751 ] ] } },
{ "type": "Feature", "properties": { "name": "Ayyappa Mandir Road", "highway": "residential" }, "geometry": { "type": "LineString", "coordinates": [ [ 73.0780975, 19.0429922 ], [ 73.0796627, 19.0418153 ], [ 73.0797049, 19.0417999 ], [ 73.0797466, 19.0417942 ], [ 73.0799305, 19.0417737 ], [ 73.0800036, 19.0417642 ], [ 73.0800579, 19.0417459 ], [ 73.0800933, 19.0416857 ], [ 73.0800262, 19.0410456 ] ] } },
{ "type": "Feature", "properties": { "name": null, "highway": "service" }, "geometry": { "type": "LineString", "coordinates": [ [ 73.064597, 19.0566233 ], [ 73.0646746, 19.0566315 ], [ 73.0647037, 19.0566219 ], [ 73.064724, 19.0565917 ], [ 73.0647385, 19.0563514 ], [ 73.0647284, 19.0563199 ], [ 73.064695, 19.0562965 ], [ 73.0646314, 19.0562878 ] ] } },
{ "type": "Feature", "properties": { "name": null, "highway": "service" }, "geometry": { "type": "LineString", "coordinates": [ [ 73.0598596, 19.0281302 ], [ 73.0599189, 19.028305 ], [ 73.0600321, 19.0283813 ] ] } },
{ "type": "Feature", "properties": { "name": null, "highway": "service" }, "geometry": { "type": "LineString", "coordinates": [ [ 73.0857964, 19.0664299 ], [ 73.0861216, 19.0664346 ], [ 73.0863859, 19.0665013 ], [ 73.0865986, 19.0666244 ], [ 73.0866573, 19.0668258 ], [ 73.0866702, 19.0670099 ] ] } },
{ "type": "Feature", "properties": { "name": null, "highway": "service" }, "geometry": { "type": "LineString", "coordinates": [ [ 73.0910833, 19.0232 ], [ 73.0908945, 19.0229309 ], [ 73.0908416, 19.0229309 ], [ 73.0898723, 19.0235599 ] ] } },
{ "type": "Feature", "properties": { "name": null, "highway": "service" }, "geometry": { "type": "LineString", "coordinates": [ [ 73.0641766, 19.0325831 ], [ 73.0637612, 19.0322883 ], [ 73.0634797, 19.0321002 ] ] } },
{ "type": "Feature", "properties": { "name": null, "highway": "residential" }, "geometry": { "type": "LineString", "coordinates": [ [ 73.0771918, 19.0737764 ], [ 73.0771666, 19.073613 ] ] } },
{ "type": "Feature", "properties": { "name": null, "highway": "residential" }, "geometry": { "type": "LineString", "coordinates": [ [ 73.0776161, 19.0735534 ], [ 73.0775978, 19.0734845 ], [ 73.0773745, 19.0726431 ], [ 73.0773532, 19.0725628 ] ] } },
{ "type": "Feature", "properties": { "name": null, "highway": "residential" }, "geometry": { "type": "LineString", "coordinates": [ [ 73.0819218, 19.0430103 ], [ 73.0820067, 19.0436593 ], [ 73.0825377, 19.0436148 ] ] } },
{ "type": "Feature", "properties": { "name": null, "highway": "residential" }, "geometry": { "type": "LineString", "coordinates": [ [ 73.0825377, 19.0436148 ], [ 73.0830453, 19.0435503 ], [ 73.0830736, 19.0435169 ], [ 73.0830701, 19.0434399 ], [ 73.083007, 19.0429223 ] ] } },
{ "type": "Feature", "properties": { "name": null, "highway": "residential" }, "geometry": { "type": "LineString", "coordinates": [ [ 73.0803617, 19.0396459 ], [ 73.0803979, 19.0398731 ], [ 73.0804269, 19.0401375 ], [ 73.0804714, 19.0403405 ], [ 73.0805318, 19.040542 ] ] } },
{ "type": "Feature", "properties": { "name": null, "highway": "residential" }, "geometry": { "type": "LineString", "coordinates": [ [ 73.0805318, 19.040542 ], [ 73.0806412, 19.0406295 ], [ 73.0807105, 19.0406849 ], [ 73.0807461, 19.0407331 ], [ 73.0807587, 19.0408185 ], [ 73.0807465, 19.0408388 ], [ 73.0807236, 19.0408491 ], [ 73.0806603, 19.0408572 ], [ 73.0805299, 19.0407419 ], [ 73.0803727, 19.04063 ], [ 73.0803153, 19.0406724 ], [ 73.0802077, 19.0407093 ], [ 73.0798399, 19.0407667 ], [ 73.0796756, 19.0407861 ] ] } },
{ "type": "Feature", "properties": { "name": null, "highway": "residential" }, "geometry": { "type": "LineString", "coordinates": [ [ 73.0791576, 19.0408749 ], [ 73.0791991, 19.0408464 ], [ 73.0792466, 19.0408207 ], [ 73.0793513, 19.0407587 ], [ 73.0793272, 19.0407034 ], [ 73.0793055, 19.0405822 ], [ 73.0792854, 19.0403938 ], [ 73.0792511, 19.0402969 ], [ 73.079204, 19.0402064 ], [ 73.0791224, 19.040098 ], [ 73.0790274, 19.0400008 ], [ 73.078957, 19.0399342 ], [ 73.0788768, 19.0398676 ], [ 73.0787555, 19.0397724 ], [ 73.0785876, 19.0396884 ], [ 73.07852, 19.0396636 ], [ 73.0785091, 19.0396253 ], [ 73.0785123, 19.0395121 ] ] } },
{ "type": "Feature", "properties": { "name": null, "highway": "residential" }, "geometry": { "type": "LineString", "coordinates": [ [ 73.0792466, 19.0408207 ], [ 73.0782088, 19.0395809 ] ] } },
{ "type": "Feature", "properties": { "name": null, "highway": "residential" }, "geometry": { "type": "LineString", "coordinates": [ [ 73.0701154, 19.0482272 ], [ 73.0701695, 19.0482205 ], [ 73.0706641, 19.0481594 ], [ 73.0706314, 19.0478807 ], [ 73.070145, 19.0479246 ], [ 73.0700797, 19.0479292 ] ] } },
{ "type": "Feature", "properties": { "name": null, "highway": "residential" }, "geometry": { "type": "LineString", "coordinates": [ [ 73.0689404, 19.0418057 ], [ 73.0692334, 19.0415562 ], [ 73.0693066, 19.0413318 ], [ 73.0693369, 19.0412388 ] ] } },
{ "type": "Feature", "properties": { "name": null, "highway": "residential" }, "geometry": { "type": "LineString", "coordinates": [ [ 73.063397, 19.0496639 ], [ 73.0633403, 19.0489304 ] ] } },
{ "type": "Feature", "properties": { "name": null, "highway": "service" }, "geometry": { "type": "LineString", "coordinates": [ [ 73.0739636, 19.0736625 ], [ 73.0740395, 19.0736391 ], [ 73.0743372, 19.0735475 ] ] } },
{ "type": "Feature", "properties": { "name": null, "highway": "service" }, "geometry": { "type": "LineString", "coordinates": [ [ 73.0751016, 19.0734327 ], [ 73.0750212, 19.0734557 ], [ 73.0744788, 19.0736111 ], [ 73.0744257, 19.0735944 ], [ 73.0743372, 19.0734338 ], [ 73.074362, 19.0733836 ], [ 73.0749012, 19.073222 ], [ 73.0750091, 19.0731896 ] ] } },
{ "type": "Feature", "properties": { "name": null, "highway": "motorway_link" }, "geometry": { "type": "LineString", "coordinates": [ [ 73.073603, 19.037614 ], [ 73.0741877, 19.0380222 ], [ 73.0743567, 19.0381344 ], [ 73.0745499, 19.0382515 ], [ 73.0747026, 19.0383109 ], [ 73.074746, 19.0383238 ], [ 73.0748412, 19.038352 ], [ 73.0749807, 19.0383846 ], [ 73.0751262, 19.0384071 ] ] } },
{ "type": "Feature", "properties": { "name": null, "highway": "tertiary" }, "geometry": { "type": "LineString", "coordinates": [ [ 73.0737782, 19.0374064 ], [ 73.0736198, 19.0375941 ] ] } },
{ "type": "Feature", "properties": { "name": null, "highway": "residential" }, "geometry": { "type": "LineString", "coordinates": [ [ 73.0755239, 19.0329049 ], [ 73.0754692, 19.0328559 ], [ 73.0754308, 19.0328215 ], [ 73.0752471, 19.032657 ], [ 73.0752221, 19.0326144 ], [ 73.0752399, 19.0325766 ], [ 73.0754201, 19.0324174 ], [ 73.0754555, 19.032408 ], [ 73.0754826, 19.0324072 ], [ 73.0755204, 19.0324266 ], [ 73.0756841, 19.0325883 ], [ 73.0757237, 19.0326275 ], [ 73.0757735, 19.0326767 ] ] } },
{ "type": "Feature", "properties": { "name": null, "highway": "residential" }, "geometry": { "type": "LineString", "coordinates": [ [ 73.0752309, 19.0331728 ], [ 73.0751808, 19.0331231 ], [ 73.0751564, 19.0330968 ], [ 73.0749641, 19.032893 ], [ 73.0749608, 19.0328849 ], [ 73.0749613, 19.0328774 ], [ 73.0749662, 19.0328708 ], [ 73.0751629, 19.0326952 ], [ 73.0751712, 19.0326895 ], [ 73.0751839, 19.0326884 ], [ 73.0751979, 19.0326961 ], [ 73.0753841, 19.0328896 ], [ 73.0754128, 19.0329177 ], [ 73.075456, 19.032967 ] ] } },
{ "type": "Feature", "properties": { "name": null, "highway": "residential" }, "geometry": { "type": "LineString", "coordinates": [ [ 73.0758126, 19.0326409 ], [ 73.0757662, 19.0325972 ], [ 73.0757175, 19.0325514 ], [ 73.0755395, 19.0323839 ], [ 73.0755235, 19.0323354 ], [ 73.0755521, 19.0322888 ], [ 73.0757877, 19.0320675 ], [ 73.0758338, 19.0320567 ], [ 73.0759002, 19.0320997 ], [ 73.0760449, 19.0322532 ], [ 73.0760881, 19.0322991 ], [ 73.0761336, 19.0323474 ] ] } },
{ "type": "Feature", "properties": { "name": null, "highway": "residential" }, "geometry": { "type": "LineString", "coordinates": [ [ 73.0750073, 19.0368193 ], [ 73.0748118, 19.0368324 ], [ 73.0746068, 19.0368495 ], [ 73.0745802, 19.0368517 ], [ 73.0745575, 19.0368584 ], [ 73.0745438, 19.0368733 ], [ 73.0745341, 19.0369016 ], [ 73.0745249, 19.0369574 ], [ 73.0745235, 19.0370119 ], [ 73.0745201, 19.0370689 ], [ 73.0745281, 19.0372484 ] ] } },
{ "type": "Feature", "properties": { "name": null, "highway": "residential" }, "geometry": { "type": "LineString", "coordinates": [ [ 73.0750673, 19.0373741 ], [ 73.0750675, 19.0374273 ], [ 73.07507, 19.0374548 ], [ 73.0750778, 19.0376846 ], [ 73.0750805, 19.0377159 ], [ 73.0750888, 19.0377307 ], [ 73.0751072, 19.0377463 ], [ 73.0753742, 19.0378437 ], [ 73.0753394, 19.0374387 ] ] } },
{ "type": "Feature", "properties": { "name": null, "highway": "residential" }, "geometry": { "type": "LineString", "coordinates": [ [ 73.0450983, 19.0350544 ], [ 73.0452656, 19.035332 ] ] } },
{ "type": "Feature", "properties": { "name": null, "highway": "service" }, "geometry": { "type": "LineString", "coordinates": [ [ 73.0462933, 19.0540396 ], [ 73.0462269, 19.0539523 ], [ 73.0461568, 19.05386 ], [ 73.0459769, 19.0537526 ], [ 73.045797, 19.0536631 ], [ 73.0456393, 19.0536448 ], [ 73.0455508, 19.0536721 ], [ 73.0454088, 19.0537535 ], [ 73.0452383, 19.0538511 ], [ 73.0451247, 19.0537974 ], [ 73.0451247, 19.0535525 ], [ 73.0451021, 19.0535447 ], [ 73.0446986, 19.0534752 ], [ 73.0444539, 19.0535144 ], [ 73.044121, 19.0535736 ], [ 73.0439127, 19.0534841 ], [ 73.043818, 19.0533678 ], [ 73.0432684, 19.0531589 ], [ 73.0430227, 19.052965 ], [ 73.042885, 19.0528393 ], [ 73.0424735, 19.0524638 ], [ 73.0421705, 19.0521595 ], [ 73.0420569, 19.0520253 ] ] } },
{ "type": "Feature", "properties": { "name": null, "highway": "service" }, "geometry": { "type": "LineString", "coordinates": [ [ 73.0462269, 19.0539523 ], [ 73.0458784, 19.0541945 ], [ 73.0458466, 19.0546032 ], [ 73.0458512, 19.0546838 ], [ 73.0457378, 19.0547314 ], [ 73.0456865, 19.0547529 ], [ 73.0457277, 19.0550069 ], [ 73.0458147, 19.0551167 ], [ 73.045849, 19.0552236 ], [ 73.0458263, 19.055435 ], [ 73.0458657, 19.0556728 ], [ 73.0458084, 19.0559913 ], [ 73.0458084, 19.0561077 ], [ 73.0458084, 19.0562017 ], [ 73.0458572, 19.056319 ], [ 73.045961, 19.0565682 ], [ 73.0460296, 19.0567757 ], [ 73.0460665, 19.0568873 ], [ 73.04612, 19.057049 ], [ 73.0462932, 19.0576763 ], [ 73.0463987, 19.057882 ], [ 73.0466032, 19.0582809 ], [ 73.0466286, 19.0585994 ], [ 73.0467112, 19.0591342 ], [ 73.0467277, 19.0593866 ] ] } },
{ "type": "Feature", "properties": { "name": null, "highway": "footway" }, "geometry": { "type": "LineString", "coordinates": [ [ 73.0449344, 19.0232103 ], [ 73.0450242, 19.0232069 ], [ 73.0451354, 19.0232037 ] ] } },
{ "type": "Feature", "properties": { "name": null, "highway": "cycleway" }, "geometry": { "type": "LineString", "coordinates": [ [ 73.0451354, 19.0232037 ], [ 73.0468426, 19.0229116 ], [ 73.0471163, 19.0228647 ], [ 73.0474763, 19.0228031 ], [ 73.0495823, 19.0225499 ], [ 73.0500903, 19.0225761 ], [ 73.0519079, 19.0233855 ] ] } },
{ "type": "Feature", "properties": { "name": null, "highway": "track" }, "geometry": { "type": "LineString", "coordinates": [ [ 73.0513946, 19.0440863 ], [ 73.0516203, 19.044378 ], [ 73.0519703, 19.0449439 ], [ 73.0520946, 19.0451136 ], [ 73.0521043, 19.0451469 ], [ 73.0521315, 19.0452399 ], [ 73.0520716, 19.0454271 ], [ 73.0518736, 19.0458014 ], [ 73.0516157, 19.0462411 ], [ 73.0514737, 19.0464935 ] ] } },
{ "type": "Feature", "properties": { "name": null, "highway": "track" }, "geometry": { "type": "LineString", "coordinates": [ [ 73.0513946, 19.0440863 ], [ 73.0514315, 19.0439339 ], [ 73.0515097, 19.0437903 ], [ 73.0515466, 19.0437293 ], [ 73.0514959, 19.0435683 ], [ 73.0515466, 19.0433201 ], [ 73.051542, 19.0431025 ], [ 73.0514683, 19.0428935 ], [ 73.0513992, 19.0426454 ], [ 73.0513163, 19.0423842 ], [ 73.0512887, 19.0421404 ], [ 73.0513209, 19.0418879 ], [ 73.051565, 19.0416441 ], [ 73.0516341, 19.0415396 ], [ 73.0517078, 19.0412959 ], [ 73.0517907, 19.041039 ], [ 73.0517861, 19.0408866 ], [ 73.0517465, 19.0408061 ] ] } },
{ "type": "Feature", "properties": { "name": null, "highway": "residential" }, "geometry": { "type": "LineString", "coordinates": [ [ 73.0468441, 19.0540714 ], [ 73.0467526, 19.054168 ], [ 73.0468112, 19.0542886 ] ] } },
{ "type": "Feature", "properties": { "name": null, "highway": "unclassified" }, "geometry": { "type": "LineString", "coordinates": [ [ 73.0529098, 19.0522016 ], [ 73.053149, 19.05226 ], [ 73.0534338, 19.0523384 ], [ 73.0537614, 19.0523997 ], [ 73.054102, 19.0524882 ], [ 73.0543509, 19.0524399 ], [ 73.0545278, 19.0522845 ], [ 73.0546346, 19.0522026 ], [ 73.0547809, 19.0521853 ], [ 73.0549244, 19.0520859 ], [ 73.0550324, 19.0519946 ], [ 73.0550821, 19.0519704 ], [ 73.0551796, 19.0519167 ], [ 73.0552459, 19.0518877 ], [ 73.0553013, 19.0518219 ], [ 73.0554203, 19.0517314 ], [ 73.0555409, 19.0515643 ], [ 73.0556274, 19.05153 ], [ 73.0556845, 19.0515528 ], [ 73.0559545, 19.0515272 ], [ 73.0563381, 19.0514843 ], [ 73.0565186, 19.0514426 ], [ 73.0566848, 19.0513701 ], [ 73.0568383, 19.0512707 ], [ 73.0568746, 19.0512354 ], [ 73.0569334, 19.0511781 ], [ 73.0570684, 19.0510424 ], [ 73.0571551, 19.0509726 ], [ 73.0572247, 19.0509377 ], [ 73.0572759, 19.0509269 ], [ 73.0573242, 19.050939 ], [ 73.057381, 19.0509659 ], [ 73.057609, 19.0511701 ], [ 73.0577575, 19.051303 ] ] } },
{ "type": "Feature", "properties": { "name": null, "highway": "track" }, "geometry": { "type": "LineString", "coordinates": [ [ 73.0471971, 19.0511684 ], [ 73.0473827, 19.0512602 ], [ 73.0474487, 19.0511387 ], [ 73.0475415, 19.0509303 ], [ 73.0477425, 19.0506345 ], [ 73.0478804, 19.0504523 ], [ 73.0478865, 19.0502353 ], [ 73.0479835, 19.0502428 ], [ 73.0480687, 19.0502494 ], [ 73.0482249, 19.0501822 ], [ 73.048445, 19.0501503 ], [ 73.0485329, 19.0501498 ] ] } },
{ "type": "Feature", "properties": { "name": null, "highway": "service" }, "geometry": { "type": "LineString", "coordinates": [ [ 73.0446986, 19.0534752 ], [ 73.0447304, 19.0532829 ], [ 73.0448691, 19.0531805 ], [ 73.0449602, 19.0531108 ], [ 73.0450599, 19.0529101 ] ] } },
{ "type": "Feature", "properties": { "name": null, "highway": "cycleway" }, "geometry": { "type": "LineString", "coordinates": [ [ 73.0451247, 19.0535525 ], [ 73.0451762, 19.0536353 ], [ 73.0452326, 19.0536673 ], [ 73.0453258, 19.053702 ], [ 73.0454088, 19.0537535 ] ] } },
{ "type": "Feature", "properties": { "name": null, "highway": "cycleway" }, "geometry": { "type": "LineString", "coordinates": [ [ 73.0512895, 19.0514777 ], [ 73.0512789, 19.0514059 ], [ 73.0512593, 19.0513166 ], [ 73.0512365, 19.0512673 ], [ 73.0512397, 19.0512272 ], [ 73.0512691, 19.0511872 ], [ 73.0512365, 19.0511133 ], [ 73.0513147, 19.0510116 ], [ 73.0514157, 19.0509099 ], [ 73.0514483, 19.0508606 ], [ 73.0514907, 19.0507867 ], [ 73.0515396, 19.0506789 ], [ 73.0515657, 19.0505864 ], [ 73.0515657, 19.0505063 ], [ 73.0515657, 19.0504694 ], [ 73.0516211, 19.0504139 ], [ 73.0516928, 19.0503523 ], [ 73.0517026, 19.0502937 ], [ 73.0517058, 19.0502291 ], [ 73.0517026, 19.0501489 ], [ 73.0516537, 19.0500534 ], [ 73.0516048, 19.0500072 ], [ 73.0515983, 19.0499425 ], [ 73.0516472, 19.0498347 ], [ 73.051683, 19.0497577 ], [ 73.0516537, 19.049693 ], [ 73.0516015, 19.0496098 ], [ 73.0515168, 19.0495174 ], [ 73.0514157, 19.0494804 ] ] } },
{ "type": "Feature", "properties": { "name": null, "highway": "path" }, "geometry": { "type": "LineString", "coordinates": [ [ 73.0514157, 19.0494804 ], [ 73.0514646, 19.049351 ] ] } },
{ "type": "Feature", "properties": { "name": null, "highway": "cycleway" }, "geometry": { "type": "LineString", "coordinates": [ [ 73.0519125, 19.0517869 ], [ 73.0519742, 19.0518833 ], [ 73.0520627, 19.0518731 ], [ 73.0521602, 19.0519425 ], [ 73.0522951, 19.0520157 ], [ 73.0524065, 19.0520683 ], [ 73.0525374, 19.052147 ], [ 73.05258, 19.0521535 ], [ 73.0526836, 19.0521691 ], [ 73.0528108, 19.0521836 ], [ 73.0529098, 19.0522016 ] ] } },
{ "type": "Feature", "properties": { "name": null, "highway": "cycleway" }, "geometry": { "type": "LineString", "coordinates": [ [ 73.0514189, 19.0518683 ], [ 73.0514224, 19.0519577 ], [ 73.0515048, 19.0519999 ], [ 73.0515423, 19.0519948 ], [ 73.0516281, 19.0519327 ], [ 73.0517503, 19.0519373 ], [ 73.0518039, 19.0518528 ], [ 73.0519125, 19.0517869 ] ] } },
{ "type": "Feature", "properties": { "name": null, "highway": "path" }, "geometry": { "type": "LineString", "coordinates": [ [ 73.0516585, 19.0464615 ], [ 73.0517043, 19.0465048 ], [ 73.051718, 19.0465675 ], [ 73.0517523, 19.0466388 ], [ 73.0517638, 19.0466886 ], [ 73.0517661, 19.0467902 ], [ 73.0517432, 19.0468637 ], [ 73.051734, 19.0469091 ], [ 73.0517112, 19.0469869 ], [ 73.0517226, 19.0470345 ], [ 73.0517432, 19.0471426 ], [ 73.0517295, 19.0472399 ], [ 73.0517295, 19.0473026 ], [ 73.0517089, 19.0473653 ], [ 73.0516563, 19.0474626 ], [ 73.0515991, 19.0475599 ], [ 73.0515671, 19.047588 ], [ 73.0515648, 19.0476096 ], [ 73.0515854, 19.0476593 ], [ 73.0515716, 19.0477004 ], [ 73.0515831, 19.0477674 ], [ 73.0516242, 19.0478323 ], [ 73.0516339, 19.0478449 ], [ 73.051654, 19.0478712 ], [ 73.0516631, 19.0479685 ] ] } },
{ "type": "Feature", "properties": { "name": null, "highway": "path" }, "geometry": { "type": "LineString", "coordinates": [ [ 73.0516631, 19.0479685 ], [ 73.0516814, 19.0480161 ], [ 73.0516929, 19.0480896 ], [ 73.0516929, 19.0481934 ], [ 73.0516906, 19.0482301 ], [ 73.05167, 19.0482928 ], [ 73.0516357, 19.0483512 ], [ 73.0516242, 19.048388 ], [ 73.0516082, 19.0483231 ], [ 73.0516151, 19.0482712 ], [ 73.0516288, 19.0481977 ], [ 73.0516242, 19.0481307 ], [ 73.0515556, 19.0480507 ] ] } },
{ "type": "Feature", "properties": { "name": null, "highway": "path" }, "geometry": { "type": "LineString", "coordinates": [ [ 73.0516242, 19.048388 ], [ 73.0516402, 19.0484334 ], [ 73.0516357, 19.0484896 ], [ 73.0516197, 19.0485609 ], [ 73.0516037, 19.0485955 ], [ 73.051622, 19.0486193 ], [ 73.0516448, 19.0486755 ], [ 73.0516448, 19.0487166 ], [ 73.0516494, 19.0487469 ] ] } },
{ "type": "Feature", "properties": { "name": null, "highway": "path" }, "geometry": { "type": "LineString", "coordinates": [ [ 73.0516494, 19.0487469 ], [ 73.0516677, 19.0487814 ], [ 73.0516791, 19.0488377 ], [ 73.0516974, 19.0488831 ], [ 73.0516906, 19.048935 ], [ 73.05167, 19.0489587 ], [ 73.0517134, 19.0489479 ], [ 73.0517409, 19.0489068 ], [ 73.0517661, 19.0489133 ], [ 73.0517729, 19.0489501 ], [ 73.0517661, 19.0489955 ], [ 73.0517272, 19.0490517 ], [ 73.0516746, 19.0490798 ], [ 73.0516494, 19.0491122 ], [ 73.0516311, 19.0491339 ], [ 73.0515762, 19.049136 ] ] } },
{ "type": "Feature", "properties": { "name": null, "highway": "path" }, "geometry": { "type": "LineString", "coordinates": [ [ 73.0515762, 19.049136 ], [ 73.0515602, 19.0491879 ], [ 73.0515076, 19.0491576 ], [ 73.0514824, 19.0492009 ], [ 73.0514596, 19.0492052 ], [ 73.051471, 19.0492528 ], [ 73.0515144, 19.0492895 ], [ 73.0515602, 19.0493393 ], [ 73.0514646, 19.049351 ] ] } },
{ "type": "Feature", "properties": { "name": null, "highway": "path" }, "geometry": { "type": "LineString", "coordinates": [ [ 73.0515602, 19.0493393 ], [ 73.0516425, 19.0493241 ], [ 73.0516906, 19.049283 ], [ 73.0517569, 19.0491966 ], [ 73.0518507, 19.0491014 ], [ 73.051885, 19.049069 ], [ 73.0519239, 19.0489804 ], [ 73.0519673, 19.0489133 ], [ 73.0519239, 19.0487879 ], [ 73.0519879, 19.0486993 ], [ 73.0520428, 19.0484874 ], [ 73.0521114, 19.048349 ], [ 73.0521526, 19.0482323 ], [ 73.0521618, 19.0481588 ], [ 73.0521686, 19.0480658 ], [ 73.0521869, 19.0479296 ], [ 73.0522167, 19.0478474 ] ] } },
{ "type": "Feature", "properties": { "name": null, "highway": "path" }, "geometry": { "type": "LineString", "coordinates": [ [ 73.0522167, 19.0478474 ], [ 73.0523045, 19.0477813 ], [ 73.0523379, 19.0477596 ], [ 73.052388, 19.0477754 ], [ 73.052434, 19.047803 ], [ 73.0525446, 19.0477892 ], [ 73.0525363, 19.047724 ], [ 73.0525906, 19.0476846 ], [ 73.0525927, 19.0476194 ], [ 73.0526177, 19.0474872 ], [ 73.0526177, 19.0474181 ], [ 73.0526365, 19.047345 ], [ 73.0526512, 19.04727 ], [ 73.0526512, 19.0471792 ], [ 73.052624, 19.0471397 ], [ 73.052624, 19.04712 ], [ 73.0525446, 19.0470805 ], [ 73.0524528, 19.0470509 ], [ 73.0524235, 19.0470548 ], [ 73.0524235, 19.0470765 ], [ 73.0523922, 19.0470746 ], [ 73.0523609, 19.0471733 ], [ 73.0523358, 19.04727 ], [ 73.0523107, 19.0473272 ], [ 73.0521687, 19.0473154 ], [ 73.0520706, 19.0473115 ] ] } },
{ "type": "Feature", "properties": { "name": null, "highway": "path" }, "geometry": { "type": "LineString", "coordinates": [ [ 73.0520706, 19.0473115 ], [ 73.0520288, 19.0473174 ], [ 73.0520288, 19.0473549 ], [ 73.0519703, 19.0474339 ], [ 73.0519139, 19.0474911 ], [ 73.0517761, 19.047724 ], [ 73.0516339, 19.0478449 ] ] } },
{ "type": "Feature", "properties": { "name": null, "highway": "path" }, "geometry": { "type": "LineString", "coordinates": [ [ 73.0515556, 19.0480507 ], [ 73.0515218, 19.0479918 ], [ 73.0515193, 19.0478739 ], [ 73.0514719, 19.0477441 ], [ 73.0515831, 19.0477674 ] ] } },
{ "type": "Feature", "properties": { "name": null, "highway": "path" }, "geometry": { "type": "LineString", "coordinates": [ [ 73.0514719, 19.0477441 ], [ 73.051407, 19.0476332 ], [ 73.051417, 19.0475059 ], [ 73.051452, 19.0473643 ], [ 73.0515019, 19.0472086 ], [ 73.0515118, 19.0471048 ], [ 73.0515019, 19.0470364 ], [ 73.0515019, 19.0469704 ], [ 73.0514944, 19.0468076 ], [ 73.0514944, 19.0466897 ], [ 73.0514844, 19.0466071 ], [ 73.0514737, 19.0464935 ] ] } },
{ "type": "Feature", "properties": { "name": null, "highway": "track" }, "geometry": { "type": "LineString", "coordinates": [ [ 73.0516585, 19.0464615 ], [ 73.0516632, 19.0464141 ], [ 73.051626, 19.0462746 ], [ 73.0516157, 19.0462411 ] ] } },
{ "type": "Feature", "properties": { "name": null, "highway": "track" }, "geometry": { "type": "LineString", "coordinates": [ [ 73.0516157, 19.0462411 ], [ 73.0515684, 19.046153 ], [ 73.0515218, 19.0461027 ], [ 73.0514774, 19.0460796 ], [ 73.0514282, 19.0460698 ] ] } },
{ "type": "Feature", "properties": { "name": null, "highway": "path" }, "geometry": { "type": "LineString", "coordinates": [ [ 73.0519703, 19.0449439 ], [ 73.0520785, 19.0449772 ], [ 73.0521675, 19.0449651 ], [ 73.05232, 19.0449141 ] ] } },
{ "type": "Feature", "properties": { "name": null, "highway": "service" }, "geometry": { "type": "LineString", "coordinates": [ [ 73.0521043, 19.0451469 ], [ 73.0521357, 19.0450402 ], [ 73.0521675, 19.0449651 ] ] } },
{ "type": "Feature", "properties": { "name": null, "highway": "path" }, "geometry": { "type": "LineString", "coordinates": [ [ 73.0573104, 19.0462587 ], [ 73.0570858, 19.0462174 ], [ 73.0567113, 19.0462528 ], [ 73.0562994, 19.0462292 ], [ 73.0560622, 19.0462115 ], [ 73.0555816, 19.0461643 ], [ 73.0553757, 19.0461643 ], [ 73.0552696, 19.0460935 ], [ 73.0550324, 19.0460581 ], [ 73.0548652, 19.0460016 ], [ 73.0547703, 19.0459696 ], [ 73.0544894, 19.0458399 ], [ 73.0543686, 19.0456954 ], [ 73.0542367, 19.0455223 ], [ 73.0541086, 19.0454392 ], [ 73.0539364, 19.0453457 ], [ 73.0537496, 19.0451484 ], [ 73.0536508, 19.0450549 ], [ 73.0535153, 19.0450065 ], [ 73.0533761, 19.0449753 ], [ 73.0532882, 19.0448611 ], [ 73.0532296, 19.0447953 ], [ 73.0530941, 19.0447538 ], [ 73.0529769, 19.0447365 ], [ 73.0527864, 19.044733 ], [ 73.0526729, 19.0447642 ], [ 73.0525374, 19.0448126 ], [ 73.05232, 19.0449141 ] ] } },
{ "type": "Feature", "properties": { "name": null, "highway": "service" }, "geometry": { "type": "LineString", "coordinates": [ [ 73.0565948, 19.0397542 ], [ 73.0567998, 19.0398906 ], [ 73.0569668, 19.0398906 ], [ 73.0571718, 19.0398117 ] ] } },
{ "type": "Feature", "properties": { "name": null, "highway": "service" }, "geometry": { "type": "LineString", "coordinates": [ [ 73.0578316, 19.0395611 ], [ 73.0576651, 19.0396243 ], [ 73.0575497, 19.0396682 ], [ 73.0571718, 19.0398117 ] ] } },
{ "type": "Feature", "properties": { "name": null, "highway": "service" }, "geometry": { "type": "LineString", "coordinates": [ [ 73.0565948, 19.0397542 ], [ 73.0567998, 19.03946 ], [ 73.0569668, 19.039625 ], [ 73.0574528, 19.0395676 ], [ 73.0578316, 19.0395611 ] ] } },
{ "type": "Feature", "properties": { "name": null, "highway": "service" }, "geometry": { "type": "LineString", "coordinates": [ [ 73.0567998, 19.03946 ], [ 73.0566024, 19.0390365 ] ] } },
{ "type": "Feature", "properties": { "name": null, "highway": "service" }, "geometry": { "type": "LineString", "coordinates": [ [ 73.0565948, 19.0397542 ], [ 73.0564667, 19.039798 ], [ 73.0563978, 19.039869 ], [ 73.0563369, 19.0398954 ], [ 73.0562477, 19.0399341 ], [ 73.0561475, 19.0398956 ], [ 73.0560787, 19.0398335 ], [ 73.055995, 19.0397686 ], [ 73.0560224, 19.0397418 ], [ 73.0560099, 19.0397004 ], [ 73.0559473, 19.0396442 ] ] } },
{ "type": "Feature", "properties": { "name": null, "highway": "service" }, "geometry": { "type": "LineString", "coordinates": [ [ 73.0563369, 19.0398954 ], [ 73.0563822, 19.0399607 ], [ 73.0564135, 19.0399695 ], [ 73.0564354, 19.0400819 ], [ 73.0564729, 19.0401115 ], [ 73.0565059, 19.0402031 ] ] } },
{ "type": "Feature", "properties": { "name": null, "highway": "service" }, "geometry": { "type": "LineString", "coordinates": [ [ 73.0559183, 19.040309 ], [ 73.056021, 19.0402119 ], [ 73.0560474, 19.0401422 ], [ 73.0561738, 19.0401023 ], [ 73.0562477, 19.0399341 ] ] } },
{ "type": "Feature", "properties": { "name": null, "highway": "service" }, "geometry": { "type": "LineString", "coordinates": [ [ 73.0575497, 19.0396682 ], [ 73.0576895, 19.0398219 ], [ 73.0577971, 19.0399289 ], [ 73.0573535, 19.0401863 ], [ 73.0574404, 19.0402821 ], [ 73.0576272, 19.0402821 ], [ 73.0579952, 19.0402018 ], [ 73.0580893, 19.0402082 ], [ 73.0581537, 19.0402125 ], [ 73.0582452, 19.0402828 ] ] } },
{ "type": "Feature", "properties": { "name": null, "highway": "cycleway" }, "geometry": { "type": "LineString", "coordinates": [ [ 73.0576651, 19.0396243 ], [ 73.0577361, 19.0396443 ], [ 73.0578326, 19.0396348 ], [ 73.0579158, 19.0396474 ], [ 73.0579624, 19.0397292 ], [ 73.0579624, 19.039833 ], [ 73.0579491, 19.0398896 ], [ 73.0577971, 19.0399289 ] ] } },
{ "type": "Feature", "properties": { "name": null, "highway": "cycleway" }, "geometry": { "type": "LineString", "coordinates": [ [ 73.0580888, 19.0398676 ], [ 73.0580888, 19.0399274 ], [ 73.0580922, 19.0399934 ], [ 73.0580655, 19.0400406 ], [ 73.0580789, 19.0401664 ], [ 73.0580893, 19.0402082 ] ] } },
{ "type": "Feature", "properties": { "name": null, "highway": "footway" }, "geometry": { "type": "LineString", "coordinates": [ [ 73.0576537, 19.0388853 ], [ 73.0575721, 19.0389411 ], [ 73.0574321, 19.038962 ], [ 73.0572959, 19.0390316 ], [ 73.0571302, 19.0392231 ], [ 73.0569829, 19.0393484 ], [ 73.0567998, 19.03946 ] ] } },
{ "type": "Feature", "properties": { "name": null, "highway": "footway" }, "geometry": { "type": "LineString", "coordinates": [ [ 73.0575721, 19.0389411 ], [ 73.0574947, 19.0387358 ], [ 73.0574579, 19.0386383 ], [ 73.0573843, 19.0386104 ], [ 73.0572738, 19.0385548 ], [ 73.0573032, 19.0384677 ], [ 73.0572443, 19.038426 ], [ 73.0571486, 19.038412 ], [ 73.057097, 19.038412 ], [ 73.0570013, 19.038419 ], [ 73.0569056, 19.0384063 ], [ 73.0568687, 19.0383807 ] ] } },
{ "type": "Feature", "properties": { "name": null, "highway": "footway" }, "geometry": { "type": "LineString", "coordinates": [ [ 73.0603179, 19.0396361 ], [ 73.0602149, 19.0396895 ], [ 73.0599762, 19.0396895 ], [ 73.0597766, 19.0396861 ], [ 73.0596127, 19.0396255 ], [ 73.059431, 19.0395446 ], [ 73.0592849, 19.0395345 ], [ 73.0591958, 19.0394941 ], [ 73.0591031, 19.0394638 ], [ 73.0589107, 19.0394705 ] ] } },
{ "type": "Feature", "properties": { "name": null, "highway": "footway" }, "geometry": { "type": "LineString", "coordinates": [ [ 73.0591958, 19.0394941 ], [ 73.0592029, 19.0393897 ], [ 73.0591851, 19.0393459 ], [ 73.0592172, 19.0393156 ] ] } },
{ "type": "Feature", "properties": { "name": null, "highway": "footway" }, "geometry": { "type": "LineString", "coordinates": [ [ 73.0585544, 19.0386486 ], [ 73.0586898, 19.0386318 ], [ 73.0586988, 19.0386888 ], [ 73.0587005, 19.0387665 ], [ 73.0586791, 19.0388373 ], [ 73.058533, 19.0389147 ], [ 73.0584582, 19.0388339 ], [ 73.0583833, 19.0387766 ], [ 73.0581838, 19.0388373 ], [ 73.0580905, 19.0388399 ] ] } },
{ "type": "Feature", "properties": { "name": null, "highway": "footway" }, "geometry": { "type": "LineString", "coordinates": [ [ 73.0591851, 19.0393459 ], [ 73.0591067, 19.039356 ], [ 73.0588962, 19.0393239 ], [ 73.0588109, 19.0392853 ], [ 73.0587005, 19.0391202 ], [ 73.058533, 19.0389147 ] ] } },
{ "type": "Feature", "properties": { "name": null, "highway": "footway" }, "geometry": { "type": "LineString", "coordinates": [ [ 73.0582651, 19.0394428 ], [ 73.0584012, 19.0394032 ], [ 73.0585579, 19.0393964 ], [ 73.0586648, 19.0393762 ], [ 73.0588288, 19.0393728 ], [ 73.0588962, 19.0393239 ], [ 73.058982, 19.0392617 ] ] } },
{ "type": "Feature", "properties": { "name": null, "highway": "footway" }, "geometry": { "type": "LineString", "coordinates": [ [ 73.0576155, 19.03874 ], [ 73.058002, 19.038588 ] ] } },
{ "type": "Feature", "properties": { "name": null, "highway": "footway" }, "geometry": { "type": "LineString", "coordinates": [ [ 73.058002, 19.038588 ], [ 73.0580905, 19.0388399 ] ] } },
{ "type": "Feature", "properties": { "name": null, "highway": "cycleway" }, "geometry": { "type": "LineString", "coordinates": [ [ 73.0515466, 19.0437293 ], [ 73.0516042, 19.0436518 ], [ 73.0516757, 19.0435741 ], [ 73.0517008, 19.0434862 ], [ 73.0517723, 19.0433476 ], [ 73.0518009, 19.0432834 ], [ 73.0518366, 19.0432158 ], [ 73.0518381, 19.0431807 ], [ 73.0518402, 19.0431313 ], [ 73.0519725, 19.0430367 ], [ 73.0520154, 19.042986 ], [ 73.0521012, 19.0429555 ], [ 73.052137, 19.0429488 ], [ 73.0522192, 19.0429488 ], [ 73.0522514, 19.0429217 ], [ 73.0522657, 19.0428102 ], [ 73.052305, 19.0427291 ], [ 73.0523372, 19.0426649 ], [ 73.0523944, 19.042648 ], [ 73.0524588, 19.0426108 ] ] } },
{ "type": "Feature", "properties": { "name": null, "highway": "cycleway" }, "geometry": { "type": "LineString", "coordinates": [ [ 73.0524588, 19.0426108 ], [ 73.0524945, 19.0425736 ], [ 73.052491, 19.0424891 ], [ 73.0525075, 19.0424523 ], [ 73.0525241, 19.0423947 ], [ 73.0525241, 19.0423318 ], [ 73.0525093, 19.0422742 ] ] } },
{ "type": "Feature", "properties": { "name": null, "highway": "cycleway" }, "geometry": { "type": "LineString", "coordinates": [ [ 73.0513422, 19.0441658 ], [ 73.0513246, 19.0440564 ], [ 73.0513039, 19.0439823 ], [ 73.0512601, 19.0439388 ], [ 73.0512578, 19.0439039 ], [ 73.0512601, 19.0437537 ], [ 73.0511587, 19.0437232 ], [ 73.0511495, 19.0436578 ], [ 73.0511127, 19.0436252 ] ] } },
{ "type": "Feature", "properties": { "name": null, "highway": "cycleway" }, "geometry": { "type": "LineString", "coordinates": [ [ 73.0572737, 19.0409122 ], [ 73.0574648, 19.0407541 ], [ 73.0577396, 19.0405998 ], [ 73.0580264, 19.0406863 ], [ 73.0581055, 19.0405785 ], [ 73.0582452, 19.0402828 ] ] } },
{ "type": "Feature", "properties": { "name": null, "highway": "cycleway" }, "geometry": { "type": "LineString", "coordinates": [ [ 73.0572737, 19.0409122 ], [ 73.0572498, 19.0409913 ], [ 73.0572179, 19.0410628 ], [ 73.0572617, 19.0411908 ], [ 73.0573971, 19.0411193 ], [ 73.0575047, 19.0411193 ], [ 73.0576241, 19.0411155 ], [ 73.0577118, 19.0411306 ], [ 73.0576719, 19.0412209 ], [ 73.0576839, 19.0412586 ], [ 73.0576281, 19.0412887 ], [ 73.0576042, 19.041315 ], [ 73.0576759, 19.0413489 ], [ 73.0576679, 19.0414393 ], [ 73.0576839, 19.0414807 ], [ 73.0575883, 19.0415258 ], [ 73.0575525, 19.0415823 ], [ 73.0575166, 19.0416313 ], [ 73.0574927, 19.0415785 ], [ 73.0573374, 19.0417329 ], [ 73.0572578, 19.0418345 ], [ 73.0571223, 19.0419512 ], [ 73.0570626, 19.0420341 ], [ 73.0570228, 19.0420341 ], [ 73.0569192, 19.0420491 ], [ 73.0568037, 19.0421545 ], [ 73.0567042, 19.0421206 ], [ 73.0566445, 19.0421959 ], [ 73.056517, 19.0422411 ], [ 73.0564254, 19.0422863 ], [ 73.0563816, 19.0424971 ], [ 73.056341, 19.0427218 ], [ 73.0563443, 19.0428042 ], [ 73.0562668, 19.0429935 ] ] } },
{ "type": "Feature", "properties": { "name": null, "highway": "cycleway" }, "geometry": { "type": "LineString", "coordinates": [ [ 73.0566525, 19.0430979 ], [ 73.0565771, 19.0431402 ], [ 73.0564933, 19.0432009 ], [ 73.0564066, 19.0432591 ], [ 73.0563396, 19.0433383 ], [ 73.056278, 19.0433646 ], [ 73.0562529, 19.0433753 ], [ 73.0561863, 19.0433835 ], [ 73.056102, 19.0433938 ], [ 73.0560154, 19.0434308 ], [ 73.0559204, 19.0434308 ], [ 73.0558391, 19.043482 ], [ 73.0558198, 19.0434942 ], [ 73.0556074, 19.0435259 ], [ 73.0554789, 19.0435338 ] ] } },
{ "type": "Feature", "properties": { "name": null, "highway": "cycleway" }, "geometry": { "type": "LineString", "coordinates": [ [ 73.0562668, 19.0429935 ], [ 73.0561863, 19.0433835 ] ] } },
{ "type": "Feature", "properties": { "name": null, "highway": "cycleway" }, "geometry": { "type": "LineString", "coordinates": [ [ 73.0554789, 19.0435338 ], [ 73.0554118, 19.0435391 ], [ 73.0553643, 19.0436077 ], [ 73.0552754, 19.043687 ], [ 73.0552162, 19.0437398 ], [ 73.0551463, 19.0437979 ], [ 73.0550401, 19.0438059 ], [ 73.0548892, 19.0438772 ], [ 73.0547914, 19.0439564 ], [ 73.0546961, 19.0439916 ], [ 73.0546769, 19.0439987 ], [ 73.0545735, 19.0440568 ], [ 73.0544617, 19.0441281 ], [ 73.0543918, 19.0441862 ], [ 73.0541962, 19.04421 ], [ 73.0541096, 19.0442232 ], [ 73.0540425, 19.0442391 ], [ 73.0539894, 19.0442708 ], [ 73.0538413, 19.0442655 ], [ 73.0537016, 19.044284 ], [ 73.0536317, 19.0443236 ], [ 73.0535992, 19.0443452 ], [ 73.0535563, 19.0443738 ], [ 73.0533942, 19.044461 ], [ 73.0533132, 19.0445217 ], [ 73.0532629, 19.0445798 ], [ 73.0532384, 19.044606 ], [ 73.0532209, 19.0446247 ], [ 73.0531874, 19.0446564 ], [ 73.0531036, 19.0446617 ], [ 73.0530941, 19.0447538 ] ] } },
{ "type": "Feature", "properties": { "name": null, "highway": "cycleway" }, "geometry": { "type": "LineString", "coordinates": [ [ 73.0558391, 19.043482 ], [ 73.0557863, 19.0434043 ], [ 73.0557024, 19.0433119 ], [ 73.0556326, 19.0432511 ], [ 73.0554705, 19.0432696 ], [ 73.0552469, 19.0432855 ], [ 73.0551771, 19.0433225 ], [ 73.0551156, 19.04337 ], [ 73.055096, 19.0434202 ], [ 73.0550457, 19.0434783 ], [ 73.0549842, 19.0435338 ], [ 73.0553, 19.0435232 ], [ 73.0554118, 19.0435391 ] ] } },
{ "type": "Feature", "properties": { "name": null, "highway": "cycleway" }, "geometry": { "type": "LineString", "coordinates": [ [ 73.0549842, 19.0435338 ], [ 73.0549284, 19.0435945 ], [ 73.0548948, 19.0436896 ], [ 73.0548417, 19.0437662 ], [ 73.0547998, 19.04379 ], [ 73.0547914, 19.0439564 ] ] } },
{ "type": "Feature", "properties": { "name": null, "highway": "cycleway" }, "geometry": { "type": "LineString", "coordinates": [ [ 73.0547998, 19.04379 ], [ 73.0547607, 19.0438481 ], [ 73.0547272, 19.0439009 ], [ 73.0546936, 19.0439353 ], [ 73.0546961, 19.0439916 ] ] } },
{ "type": "Feature", "properties": { "name": null, "highway": "cycleway" }, "geometry": { "type": "LineString", "coordinates": [ [ 73.0562278, 19.0437134 ], [ 73.0560741, 19.0437081 ], [ 73.0558421, 19.043724 ], [ 73.0557387, 19.0437345 ], [ 73.0556717, 19.0437028 ], [ 73.0555655, 19.0437002 ], [ 73.0554705, 19.0437081 ], [ 73.0553727, 19.0436949 ], [ 73.0552754, 19.043687 ] ] } },
{ "type": "Feature", "properties": { "name": null, "highway": "cycleway" }, "geometry": { "type": "LineString", "coordinates": [ [ 73.0556549, 19.0437557 ], [ 73.0555655, 19.0437002 ] ] } },
{ "type": "Feature", "properties": { "name": null, "highway": "cycleway" }, "geometry": { "type": "LineString", "coordinates": [ [ 73.0556549, 19.0437557 ], [ 73.0557304, 19.0437609 ], [ 73.055817, 19.0437953 ], [ 73.0559232, 19.0438323 ], [ 73.0559986, 19.0439036 ], [ 73.0560405, 19.0439591 ], [ 73.0560769, 19.0439908 ], [ 73.0561551, 19.0440515 ], [ 73.0562082, 19.0441413 ], [ 73.0562921, 19.0442206 ], [ 73.0563647, 19.0442813 ], [ 73.0564569, 19.0442998 ], [ 73.0565463, 19.044313 ], [ 73.0565883, 19.0443526 ], [ 73.056633, 19.0444002 ], [ 73.0566246, 19.0445243 ], [ 73.0566218, 19.0446168 ], [ 73.0565939, 19.0447225 ], [ 73.0566637, 19.044733 ], [ 73.0567448, 19.0447066 ], [ 73.0568146, 19.0447119 ], [ 73.0568984, 19.0447198 ], [ 73.0570158, 19.044696 ], [ 73.0571052, 19.0446353 ], [ 73.0571695, 19.0446326 ], [ 73.057203, 19.0446115 ], [ 73.0572841, 19.044593 ], [ 73.0573204, 19.0445719 ], [ 73.0573847, 19.0445613 ], [ 73.0574545, 19.0445481 ], [ 73.0575272, 19.0445481 ], [ 73.0575691, 19.0445428 ], [ 73.0576194, 19.0445085 ], [ 73.0576865, 19.044461 ], [ 73.0577192, 19.0444691 ] ] } },
{ "type": "Feature", "properties": { "name": null, "highway": "cycleway" }, "geometry": { "type": "LineString", "coordinates": [ [ 73.0565939, 19.0447225 ], [ 73.0565192, 19.0447528 ], [ 73.0564521, 19.044733 ], [ 73.0563222, 19.0447013 ], [ 73.0561672, 19.0446696 ], [ 73.056033, 19.0446775 ], [ 73.0558193, 19.0446498 ], [ 73.0557522, 19.0446181 ], [ 73.0556684, 19.0445944 ], [ 73.0555511, 19.0445429 ], [ 73.0554128, 19.0445072 ], [ 73.0552996, 19.0444914 ], [ 73.0551822, 19.0444517 ], [ 73.0550817, 19.0444042 ], [ 73.0549978, 19.0443685 ], [ 73.0548604, 19.044276 ], [ 73.0547752, 19.0442303 ], [ 73.0547269, 19.0442194 ], [ 73.0546417, 19.044239 ], [ 73.054575, 19.0442695 ], [ 73.0544529, 19.0442847 ], [ 73.0543885, 19.0443195 ], [ 73.0542964, 19.0443522 ], [ 73.0541882, 19.0443435 ], [ 73.0541007, 19.0443587 ], [ 73.0540247, 19.0443609 ], [ 73.0539027, 19.0443544 ], [ 73.0538669, 19.0443592 ], [ 73.0538383, 19.0443631 ], [ 73.0537577, 19.0443609 ], [ 73.053684, 19.0443544 ], [ 73.0535992, 19.0443452 ] ] } },
{ "type": "Feature", "properties": { "name": null, "highway": "cycleway" }, "geometry": { "type": "LineString", "coordinates": [ [ 73.0536633, 19.0445372 ], [ 73.0535114, 19.0445807 ], [ 73.0534078, 19.0446112 ], [ 73.0533341, 19.0446046 ], [ 73.0532384, 19.044606 ] ] } },
{ "type": "Feature", "properties": { "name": null, "highway": "cycleway" }, "geometry": { "type": "LineString", "coordinates": [ [ 73.0532296, 19.0447953 ], [ 73.0534055, 19.0448027 ], [ 73.0534676, 19.0447765 ], [ 73.0536196, 19.0447482 ], [ 73.0536909, 19.0447482 ], [ 73.0537347, 19.044683 ], [ 73.0537554, 19.0446264 ], [ 73.0537554, 19.0445698 ], [ 73.0537577, 19.044538 ], [ 73.0537577, 19.0444849 ], [ 73.0537577, 19.0444523 ], [ 73.0538106, 19.0444044 ], [ 73.0538669, 19.0443592 ] ] } },
{ "type": "Feature", "properties": { "name": null, "highway": "cycleway" }, "geometry": { "type": "LineString", "coordinates": [ [ 73.0536633, 19.0445372 ], [ 73.0537577, 19.044538 ], [ 73.0539027, 19.0445393 ], [ 73.0540386, 19.0445306 ], [ 73.0540558, 19.0445306 ], [ 73.0542112, 19.0445306 ], [ 73.0542365, 19.0445285 ] ] } },
{ "type": "Feature", "properties": { "name": null, "highway": "cycleway" }, "geometry": { "type": "LineString", "coordinates": [ [ 73.0542365, 19.0445285 ], [ 73.054286, 19.0445383 ], [ 73.0544541, 19.0445165 ], [ 73.0545623, 19.044486 ], [ 73.0545968, 19.0444294 ], [ 73.0546544, 19.0443772 ], [ 73.0547234, 19.0443685 ], [ 73.0547718, 19.0443533 ], [ 73.0548109, 19.0443402 ], [ 73.0548685, 19.0443642 ], [ 73.0549978, 19.0443685 ] ] } },
{ "type": "Feature", "properties": { "name": null, "highway": "cycleway" }, "geometry": { "type": "LineString", "coordinates": [ [ 73.0540558, 19.0445306 ], [ 73.0541318, 19.0444751 ], [ 73.0542285, 19.044449 ], [ 73.0542998, 19.0444142 ], [ 73.0543505, 19.0443816 ], [ 73.0544495, 19.0443772 ], [ 73.0545162, 19.044375 ], [ 73.0546544, 19.0443772 ] ] } },
{ "type": "Feature", "properties": { "name": null, "highway": "cycleway" }, "geometry": { "type": "LineString", "coordinates": [ [ 73.0554705, 19.0437081 ], [ 73.0553678, 19.0437798 ], [ 73.0552484, 19.04387 ], [ 73.0550962, 19.0439716 ], [ 73.0549769, 19.0440449 ], [ 73.0549202, 19.0441211 ], [ 73.0548187, 19.0442001 ], [ 73.0547269, 19.0442194 ] ] } },
{ "type": "Feature", "properties": { "name": null, "highway": "cycleway" }, "geometry": { "type": "LineString", "coordinates": [ [ 73.0548604, 19.044276 ], [ 73.0550365, 19.044265 ], [ 73.0553409, 19.0442509 ], [ 73.0555051, 19.0442029 ], [ 73.0556155, 19.0441324 ], [ 73.055717, 19.0440844 ], [ 73.0558423, 19.0440506 ], [ 73.0560303, 19.0439829 ], [ 73.0560769, 19.0439908 ] ] } },
{ "type": "Feature", "properties": { "name": null, "highway": "cycleway" }, "geometry": { "type": "LineString", "coordinates": [ [ 73.0563615, 19.043949 ], [ 73.056272, 19.0438136 ], [ 73.0562443, 19.0437507 ], [ 73.0562278, 19.0437134 ], [ 73.056266, 19.0436303 ], [ 73.0562876, 19.0435507 ], [ 73.0562959, 19.0435203 ], [ 73.056278, 19.0433646 ] ] } },
{ "type": "Feature", "properties": { "name": null, "highway": "cycleway" }, "geometry": { "type": "LineString", "coordinates": [ [ 73.0563615, 19.043949 ], [ 73.0564451, 19.0440083 ], [ 73.0565585, 19.0440449 ], [ 73.056648, 19.0441014 ], [ 73.0567286, 19.0441437 ], [ 73.0567913, 19.0442396 ], [ 73.056839, 19.0442678 ] ] } },
{ "type": "Feature", "properties": { "name": null, "highway": "cycleway" }, "geometry": { "type": "LineString", "coordinates": [ [ 73.0568569, 19.0440167 ], [ 73.0567972, 19.0440252 ], [ 73.0566958, 19.0440844 ], [ 73.056648, 19.0441014 ] ] } },
{ "type": "Feature", "properties": { "name": null, "highway": "cycleway" }, "geometry": { "type": "LineString", "coordinates": [ [ 73.0558198, 19.0434942 ], [ 73.055902, 19.0435259 ], [ 73.0560512, 19.0435428 ], [ 73.0560989, 19.0435823 ], [ 73.0561646, 19.043571 ], [ 73.0562876, 19.0435507 ] ] } },
{ "type": "Feature", "properties": { "name": null, "highway": "cycleway" }, "geometry": { "type": "LineString", "coordinates": [ [ 73.0611362, 19.0439376 ], [ 73.0610886, 19.0439688 ], [ 73.0611274, 19.0440619 ], [ 73.0611542, 19.0441747 ], [ 73.0611423, 19.0442791 ], [ 73.0610856, 19.0443157 ], [ 73.0609841, 19.0443468 ], [ 73.0608886, 19.0443863 ], [ 73.0608266, 19.0444167 ], [ 73.060808, 19.0444258 ] ] } },
{ "type": "Feature", "properties": { "name": null, "highway": "service" }, "geometry": { "type": "LineString", "coordinates": [ [ 73.059772, 19.0425647 ], [ 73.0596758, 19.0426164 ], [ 73.0598304, 19.0427344 ], [ 73.059878, 19.0428525 ], [ 73.0600316, 19.0429912 ], [ 73.06011, 19.0430436 ], [ 73.0604668, 19.043291 ], [ 73.0606333, 19.0434709 ], [ 73.0607377, 19.0434844 ], [ 73.0609285, 19.0437517 ] ] } },
{ "type": "Feature", "properties": { "name": null, "highway": "track" }, "geometry": { "type": "LineString", "coordinates": [ [ 73.0609508, 19.0433616 ], [ 73.0609307, 19.0432179 ], [ 73.0607939, 19.0428862 ], [ 73.060782, 19.0427625 ], [ 73.061014, 19.0426164 ] ] } },
{ "type": "Feature", "properties": { "name": null, "highway": "track" }, "geometry": { "type": "LineString", "coordinates": [ [ 73.0609508, 19.0433616 ], [ 73.0609285, 19.0437517 ] ] } },
{ "type": "Feature", "properties": { "name": null, "highway": "cycleway" }, "geometry": { "type": "LineString", "coordinates": [ [ 73.0603521, 19.0442204 ], [ 73.0604576, 19.0442073 ], [ 73.0605923, 19.044245 ], [ 73.0606352, 19.044307 ], [ 73.0606658, 19.0444146 ], [ 73.0607352, 19.0445301 ], [ 73.060808, 19.0444258 ] ] } },
{ "type": "Feature", "properties": { "name": null, "highway": "cycleway" }, "geometry": { "type": "LineString", "coordinates": [ [ 73.0606297, 19.0448528 ], [ 73.0606769, 19.0447321 ], [ 73.0606865, 19.0445928 ], [ 73.0607352, 19.0445301 ] ] } },
{ "type": "Feature", "properties": { "name": null, "highway": "cycleway" }, "geometry": { "type": "LineString", "coordinates": [ [ 73.0577192, 19.0444691 ], [ 73.0578078, 19.0445092 ], [ 73.0578912, 19.0445607 ], [ 73.0579565, 19.0445915 ], [ 73.0580799, 19.0446361 ], [ 73.0581125, 19.0446224 ], [ 73.0581089, 19.0445812 ], [ 73.0582069, 19.0445812 ], [ 73.058196, 19.0445229 ], [ 73.0582613, 19.0445195 ], [ 73.0582613, 19.0444098 ], [ 73.0583121, 19.04442 ], [ 73.0583738, 19.0444921 ], [ 73.0586096, 19.0446293 ], [ 73.0586096, 19.0445161 ], [ 73.0586894, 19.044595 ], [ 73.0587548, 19.0446155 ], [ 73.058831, 19.0445572 ], [ 73.0589108, 19.0446087 ], [ 73.0589543, 19.044595 ], [ 73.059016, 19.044595 ], [ 73.059114, 19.0445709 ], [ 73.0591176, 19.0444921 ], [ 73.0591793, 19.0444989 ], [ 73.0592446, 19.0445161 ], [ 73.0593135, 19.0445572 ], [ 73.0594079, 19.0445195 ], [ 73.0594224, 19.0444818 ], [ 73.0594478, 19.0444475 ], [ 73.0595276, 19.0444681 ], [ 73.0596183, 19.0444749 ], [ 73.0596872, 19.0445024 ], [ 73.0597163, 19.0444612 ], [ 73.0597489, 19.0444235 ], [ 73.059738, 19.0443857 ], [ 73.059738, 19.0443377 ], [ 73.0597634, 19.0443069 ], [ 73.0598314, 19.0442826 ], [ 73.0598706, 19.0442411 ], [ 73.0599192, 19.0441713 ], [ 73.0599353, 19.0441451 ], [ 73.0599677, 19.0441647 ], [ 73.06, 19.0441516 ], [ 73.0600462, 19.0441887 ], [ 73.0601086, 19.0441472 ], [ 73.0601409, 19.0441254 ], [ 73.0601986, 19.0441582 ], [ 73.0602171, 19.04418 ] ] } },
{ "type": "Feature", "properties": { "name": null, "highway": "cycleway" }, "geometry": { "type": "LineString", "coordinates": [ [ 73.0602749, 19.0442455 ], [ 73.0603521, 19.0442204 ] ] } },
{ "type": "Feature", "properties": { "name": null, "highway": "cycleway" }, "geometry": { "type": "LineString", "coordinates": [ [ 73.0602171, 19.04418 ], [ 73.0602749, 19.0442455 ] ] } },
{ "type": "Feature", "properties": { "name": null, "highway": "service" }, "geometry": { "type": "LineString", "coordinates": [ [ 73.0617139, 19.0467917 ], [ 73.0617513, 19.0467149 ], [ 73.0619357, 19.0463737 ] ] } },
{ "type": "Feature", "properties": { "name": null, "highway": "service" }, "geometry": { "type": "LineString", "coordinates": [ [ 73.0616139, 19.0469969 ], [ 73.0612078, 19.0478853 ], [ 73.0611273, 19.0480615 ], [ 73.0611273, 19.0481802 ], [ 73.0611273, 19.0482803 ], [ 73.0610763, 19.0484324 ], [ 73.0610253, 19.0485112 ] ] } },
{ "type": "Feature", "properties": { "name": null, "highway": "service" }, "geometry": { "type": "LineString", "coordinates": [ [ 73.062135, 19.0485056 ], [ 73.0623203, 19.0486735 ], [ 73.0623399, 19.0488145 ], [ 73.0623229, 19.0489324 ], [ 73.0623164, 19.0489777 ], [ 73.0622436, 19.0491059 ], [ 73.0622811, 19.0492151 ], [ 73.0623125, 19.049382 ], [ 73.0623485, 19.0494522 ], [ 73.0623792, 19.0495119 ], [ 73.0624577, 19.0495601 ], [ 73.0625712, 19.049762 ] ] } },
{ "type": "Feature", "properties": { "name": null, "highway": "service" }, "geometry": { "type": "LineString", "coordinates": [ [ 73.0611987, 19.0493619 ], [ 73.0613078, 19.0493561 ], [ 73.0615197, 19.0493338 ], [ 73.0618101, 19.0493041 ], [ 73.0618455, 19.0493004 ], [ 73.0617984, 19.0490853 ], [ 73.0617356, 19.0488516 ], [ 73.0613078, 19.0493561 ] ] } },
{ "type": "Feature", "properties": { "name": null, "highway": "service" }, "geometry": { "type": "LineString", "coordinates": [ [ 73.0617356, 19.0488516 ], [ 73.0617111, 19.0487503 ], [ 73.0616846, 19.0486401 ], [ 73.0616885, 19.0484732 ], [ 73.0616885, 19.0483916 ], [ 73.06161, 19.0482544 ], [ 73.0616179, 19.0480615 ], [ 73.0613863, 19.0481505 ], [ 73.0611273, 19.0482803 ] ] } },
{ "type": "Feature", "properties": { "name": null, "highway": "service" }, "geometry": { "type": "LineString", "coordinates": [ [ 73.0617395, 19.0487366 ], [ 73.0619671, 19.0486847 ], [ 73.062128, 19.0491632 ], [ 73.0622436, 19.0491059 ], [ 73.062336, 19.0490408 ], [ 73.0625754, 19.0489814 ], [ 73.0633403, 19.0489304 ] ] } },
{ "type": "Feature", "properties": { "name": null, "highway": "service" }, "geometry": { "type": "LineString", "coordinates": [ [ 73.0617395, 19.0487366 ], [ 73.0617111, 19.0487503 ] ] } },
{ "type": "Feature", "properties": { "name": null, "highway": "service" }, "geometry": { "type": "LineString", "coordinates": [ [ 73.062128, 19.0491632 ], [ 73.0619632, 19.04923 ], [ 73.0620221, 19.0495082 ], [ 73.0623485, 19.0494522 ] ] } },
{ "type": "Feature", "properties": { "name": null, "highway": "service" }, "geometry": { "type": "LineString", "coordinates": [ [ 73.0619632, 19.04923 ], [ 73.0618455, 19.0493004 ] ] } },
{ "type": "Feature", "properties": { "name": null, "highway": "service" }, "geometry": { "type": "LineString", "coordinates": [ [ 73.0623229, 19.0489324 ], [ 73.0624167, 19.0486763 ], [ 73.0623203, 19.0486735 ] ] } },
{ "type": "Feature", "properties": { "name": null, "highway": "service" }, "geometry": { "type": "LineString", "coordinates": [ [ 73.0621123, 19.0483805 ], [ 73.062135, 19.0485056 ], [ 73.0622436, 19.0491059 ] ] } },
{ "type": "Feature", "properties": { "name": null, "highway": "cycleway" }, "geometry": { "type": "LineString", "coordinates": [ [ 73.0572759, 19.0509269 ], [ 73.0572758, 19.0508354 ], [ 73.0574363, 19.0507495 ], [ 73.0577405, 19.0504257 ], [ 73.0575647, 19.0503197 ], [ 73.0574746, 19.0502441 ], [ 73.0572972, 19.0500213 ], [ 73.0574684, 19.049905 ], [ 73.0576021, 19.0498241 ], [ 73.0577252, 19.049723 ], [ 73.057875, 19.0497331 ], [ 73.0579606, 19.0496573 ] ] } },
{ "type": "Feature", "properties": { "name": null, "highway": "cycleway" }, "geometry": { "type": "LineString", "coordinates": [ [ 73.0564182, 19.0498749 ], [ 73.0567397, 19.049832 ], [ 73.0568607, 19.0498284 ], [ 73.0569892, 19.049832 ], [ 73.0571065, 19.0497962 ], [ 73.0571865, 19.0497295 ], [ 73.057235, 19.049689 ], [ 73.057356, 19.0495317 ], [ 73.057443, 19.049353 ] ] } },
{ "type": "Feature", "properties": { "name": null, "highway": "cycleway" }, "geometry": { "type": "LineString", "coordinates": [ [ 73.0571865, 19.0497295 ], [ 73.0573258, 19.0496711 ], [ 73.0573182, 19.0497319 ], [ 73.0575035, 19.0496926 ], [ 73.0576283, 19.0496711 ], [ 73.057685, 19.0495996 ], [ 73.057704, 19.049571 ], [ 73.0577455, 19.0496175 ], [ 73.0577252, 19.049723 ] ] } },
{ "type": "Feature", "properties": { "name": null, "highway": "track" }, "geometry": { "type": "LineString", "coordinates": [ [ 73.0628217, 19.0605701 ], [ 73.062717, 19.0605313 ], [ 73.0626392, 19.0605025 ], [ 73.0622162, 19.0606055 ], [ 73.0620368, 19.0605994 ], [ 73.0617099, 19.0605207 ], [ 73.0614664, 19.0603511 ], [ 73.0614984, 19.0600664 ], [ 73.0614984, 19.0598968 ], [ 73.0614472, 19.0596848 ], [ 73.0614856, 19.0593516 ] ] } },
{ "type": "Feature", "properties": { "name": null, "highway": "track" }, "geometry": { "type": "LineString", "coordinates": [ [ 73.0614664, 19.0603511 ], [ 73.0612165, 19.0604298 ], [ 73.0610498, 19.0604601 ], [ 73.0607358, 19.0605025 ], [ 73.0604282, 19.0603874 ], [ 73.0601078, 19.0604177 ], [ 73.05964, 19.0604722 ], [ 73.0595118, 19.0604662 ], [ 73.0593772, 19.0603753 ], [ 73.0592683, 19.0602602 ], [ 73.0592618, 19.0600967 ], [ 73.0591721, 19.0598786 ], [ 73.0590952, 19.0596908 ], [ 73.0589606, 19.0594728 ], [ 73.0589606, 19.0593395 ], [ 73.0590247, 19.059182 ], [ 73.0590824, 19.0590245 ], [ 73.0591721, 19.0588791 ], [ 73.059361, 19.0587512 ] ] } },
{ "type": "Feature", "properties": { "name": null, "highway": "path" }, "geometry": { "type": "LineString", "coordinates": [ [ 73.0626331, 19.0582083 ], [ 73.0626138, 19.0583903 ], [ 73.0626106, 19.0585055 ], [ 73.0626864, 19.0585906 ], [ 73.0626989, 19.0587269 ], [ 73.0627741, 19.0587802 ], [ 73.0627898, 19.0588483 ], [ 73.062887, 19.0589668 ], [ 73.0629998, 19.0590261 ], [ 73.0631973, 19.0590706 ], [ 73.0632099, 19.0592691 ], [ 73.0632632, 19.0593461 ], [ 73.0633321, 19.0594261 ], [ 73.0634175, 19.059447 ] ] } },
{ "type": "Feature", "properties": { "name": null, "highway": "path" }, "geometry": { "type": "LineString", "coordinates": [ [ 73.0626331, 19.0582083 ], [ 73.0626487, 19.0580098 ] ] } },
{ "type": "Feature", "properties": { "name": null, "highway": "path" }, "geometry": { "type": "LineString", "coordinates": [ [ 73.0626487, 19.0580098 ], [ 73.0625672, 19.0579861 ], [ 73.0624262, 19.0580424 ], [ 73.0623384, 19.0580957 ], [ 73.0622506, 19.0580957 ], [ 73.0621378, 19.0581135 ] ] } },
{ "type": "Feature", "properties": { "name": null, "highway": "path" }, "geometry": { "type": "LineString", "coordinates": [ [ 73.0621378, 19.0581135 ], [ 73.0620379, 19.0582207 ] ] } },
{ "type": "Feature", "properties": { "name": null, "highway": "path" }, "geometry": { "type": "LineString", "coordinates": [ [ 73.0626487, 19.0580098 ], [ 73.0627431, 19.0579337 ], [ 73.0627733, 19.0578838 ], [ 73.0627998, 19.0578375 ], [ 73.0628124, 19.0577085 ], [ 73.0628002, 19.0574968 ], [ 73.0628318, 19.0573726 ], [ 73.0628169, 19.0572843 ], [ 73.0627807, 19.0571606 ], [ 73.0627496, 19.057011 ], [ 73.0627359, 19.0569392 ], [ 73.0627309, 19.056885 ], [ 73.0628156, 19.0567931 ], [ 73.0629334, 19.0567063 ] ] } },
{ "type": "Feature", "properties": { "name": null, "highway": "track" }, "geometry": { "type": "LineString", "coordinates": [ [ 73.0614856, 19.0593516 ], [ 73.0615844, 19.0593398 ], [ 73.0618018, 19.0593513 ], [ 73.0620354, 19.0593665 ], [ 73.0622046, 19.0593551 ], [ 73.0623818, 19.0593094 ] ] } },
{ "type": "Feature", "properties": { "name": null, "highway": "service" }, "geometry": { "type": "LineString", "coordinates": [ [ 73.0610105, 19.0627872 ], [ 73.0608033, 19.0627529 ], [ 73.0607784, 19.0625335 ], [ 73.060538, 19.0624161 ], [ 73.0601734, 19.0623456 ], [ 73.0597387, 19.0624455 ], [ 73.0596555, 19.0624996 ], [ 73.0595104, 19.0626589 ], [ 73.0595435, 19.0629017 ], [ 73.059212, 19.0629487 ], [ 73.059212, 19.0631054 ] ] } },
{ "type": "Feature", "properties": { "name": null, "highway": "service" }, "geometry": { "type": "LineString", "coordinates": [ [ 73.0597387, 19.0624455 ], [ 73.0596098, 19.0624004 ], [ 73.059038, 19.0625257 ], [ 73.0588225, 19.0623691 ], [ 73.0587314, 19.0620401 ], [ 73.0582838, 19.0617502 ], [ 73.0576291, 19.0614604 ] ] } },
{ "type": "Feature", "properties": { "name": null, "highway": "track" }, "geometry": { "type": "LineString", "coordinates": [ [ 73.0595118, 19.0604662 ], [ 73.0592002, 19.0605226 ], [ 73.0588906, 19.060566 ], [ 73.0585409, 19.0605714 ], [ 73.0582542, 19.0604468 ], [ 73.0580591, 19.0604085 ], [ 73.0578185, 19.0604684 ], [ 73.057697, 19.0604966 ], [ 73.0574917, 19.0605443 ], [ 73.0571076, 19.0605118 ], [ 73.0566661, 19.0605606 ], [ 73.056432, 19.0605882 ], [ 73.0563451, 19.0605985 ], [ 73.0561272, 19.0605714 ], [ 73.0558487, 19.0606526 ], [ 73.0555253, 19.0605335 ], [ 73.0551698, 19.0606202 ], [ 73.0549061, 19.0607177 ], [ 73.0546882, 19.0607231 ] ] } },
{ "type": "Feature", "properties": { "name": null, "highway": "cycleway" }, "geometry": { "type": "LineString", "coordinates": [ [ 73.0555409, 19.0515643 ], [ 73.0553554, 19.0515705 ], [ 73.0551586, 19.0515213 ], [ 73.0549645, 19.0516039 ], [ 73.0548537, 19.0517326 ], [ 73.0547267, 19.0518707 ], [ 73.0545806, 19.0519247 ], [ 73.0542885, 19.0520027 ], [ 73.0541297, 19.0520147 ], [ 73.054352, 19.0521108 ], [ 73.0545278, 19.0522845 ] ] } },
{ "type": "Feature", "properties": { "name": null, "highway": "cycleway" }, "geometry": { "type": "LineString", "coordinates": [ [ 73.0559545, 19.0515272 ], [ 73.0562128, 19.0513964 ], [ 73.0563525, 19.0512824 ], [ 73.0564086, 19.0511545 ], [ 73.0564604, 19.0510363 ], [ 73.0562318, 19.0511083 ], [ 73.055946, 19.0511803 ], [ 73.0557997, 19.0511763 ], [ 73.0557301, 19.0511743 ], [ 73.0554535, 19.0513899 ], [ 73.0551586, 19.0515213 ] ] } },
{ "type": "Feature", "properties": { "name": null, "highway": "cycleway" }, "geometry": { "type": "LineString", "coordinates": [ [ 73.0557997, 19.0511763 ], [ 73.0559333, 19.0511083 ], [ 73.0562064, 19.0509882 ], [ 73.0564033, 19.0508682 ], [ 73.0564604, 19.0510363 ] ] } },
{ "type": "Feature", "properties": { "name": null, "highway": "cycleway" }, "geometry": { "type": "LineString", "coordinates": [ [ 73.0571551, 19.0509726 ], [ 73.0571545, 19.0507877 ], [ 73.0571019, 19.0507361 ], [ 73.0569431, 19.0507121 ], [ 73.0567145, 19.0508802 ] ] } },
{ "type": "Feature", "properties": { "name": null, "highway": "cycleway" }, "geometry": { "type": "LineString", "coordinates": [ [ 73.0567145, 19.0508802 ], [ 73.0565366, 19.0508622 ], [ 73.0564033, 19.0508682 ] ] } },
{ "type": "Feature", "properties": { "name": null, "highway": "cycleway" }, "geometry": { "type": "LineString", "coordinates": [ [ 73.0568746, 19.0512354 ], [ 73.056778, 19.0511263 ], [ 73.0564086, 19.0511545 ] ] } },
{ "type": "Feature", "properties": { "name": null, "highway": "cycleway" }, "geometry": { "type": "LineString", "coordinates": [ [ 73.0548537, 19.0517326 ], [ 73.0547203, 19.0517746 ], [ 73.0545933, 19.0518046 ], [ 73.0544536, 19.0518587 ], [ 73.0541932, 19.0519427 ], [ 73.0535454, 19.0519967 ], [ 73.0532496, 19.0520652 ], [ 73.0529866, 19.0519907 ], [ 73.0528024, 19.0519907 ], [ 73.0526881, 19.0519307 ], [ 73.0525357, 19.0519427 ], [ 73.05258, 19.0521535 ] ] } },
{ "type": "Feature", "properties": { "name": null, "highway": "service" }, "geometry": { "type": "LineString", "coordinates": [ [ 73.0569413, 19.0546455 ], [ 73.0567498, 19.0546702 ], [ 73.0566277, 19.0547279 ] ] } },
{ "type": "Feature", "properties": { "name": null, "highway": "path" }, "geometry": { "type": "LineString", "coordinates": [ [ 73.0553757, 19.0461643 ], [ 73.055392, 19.0463425 ], [ 73.055453, 19.0466381 ], [ 73.0554759, 19.0469337 ], [ 73.0556056, 19.047114 ], [ 73.0558191, 19.047561 ] ] } },
{ "type": "Feature", "properties": { "name": null, "highway": "service" }, "geometry": { "type": "LineString", "coordinates": [ [ 73.0560183, 19.0275932 ], [ 73.0565038, 19.0278722 ], [ 73.0566835, 19.0278392 ] ] } },
{ "type": "Feature", "properties": { "name": null, "highway": "track" }, "geometry": { "type": "LineString", "coordinates": [ [ 73.0563669, 19.0294416 ], [ 73.0562177, 19.029642 ], [ 73.0561426, 19.0297231 ], [ 73.0561855, 19.0300528 ], [ 73.0561882, 19.0301948 ], [ 73.0562687, 19.0303393 ], [ 73.056398, 19.0304262 ], [ 73.0564886, 19.0304813 ] ] } },
{ "type": "Feature", "properties": { "name": null, "highway": "track" }, "geometry": { "type": "LineString", "coordinates": [ [ 73.0564886, 19.0304813 ], [ 73.0565154, 19.0305345 ], [ 73.0564671, 19.0306461 ], [ 73.0563062, 19.0309301 ], [ 73.0561667, 19.0310391 ], [ 73.0560541, 19.0311127 ], [ 73.0559629, 19.0312192 ], [ 73.0559066, 19.0313865 ], [ 73.0558956, 19.0315338 ], [ 73.0559278, 19.0316099 ], [ 73.0560082, 19.0316149 ], [ 73.0560699, 19.0315997 ], [ 73.0561262, 19.0314882 ], [ 73.0561852, 19.0314146 ], [ 73.0562472, 19.0314068 ], [ 73.0562847, 19.0314422 ], [ 73.0562472, 19.0316705 ], [ 73.0561506, 19.0318404 ], [ 73.0561077, 19.0319393 ], [ 73.056156, 19.0320001 ], [ 73.0562794, 19.0320153 ], [ 73.0563679, 19.0320508 ], [ 73.0563438, 19.0321294 ], [ 73.0562418, 19.0322435 ], [ 73.0560755, 19.0323805 ], [ 73.0560165, 19.0324591 ], [ 73.0560782, 19.0326771 ], [ 73.055987, 19.032809 ], [ 73.0559522, 19.0329687 ], [ 73.0559763, 19.0331462 ], [ 73.0558797, 19.0332223 ], [ 73.0558234, 19.0332527 ], [ 73.0557564, 19.0331563 ] ] } },
{ "type": "Feature", "properties": { "name": null, "highway": "service" }, "geometry": { "type": "LineString", "coordinates": [ [ 73.0562847, 19.0314422 ], [ 73.0563116, 19.0314195 ], [ 73.0564618, 19.0313916 ], [ 73.0565583, 19.0314119 ], [ 73.0566576, 19.0314119 ], [ 73.0567595, 19.0313814 ], [ 73.0568266, 19.0314245 ], [ 73.0571672, 19.0313434 ], [ 73.0571643, 19.0313664 ] ] } },
{ "type": "Feature", "properties": { "name": null, "highway": "track" }, "geometry": { "type": "LineString", "coordinates": [ [ 73.0529042, 19.0292155 ], [ 73.0529171, 19.0294923 ], [ 73.0528713, 19.0297003 ], [ 73.0529304, 19.0299336 ], [ 73.0530645, 19.0301973 ], [ 73.0531127, 19.0303596 ], [ 73.0532629, 19.0304762 ], [ 73.0532844, 19.0306639 ], [ 73.0533112, 19.0307754 ], [ 73.0533904, 19.0308593 ], [ 73.053447, 19.0309722 ] ] } },
{ "type": "Feature", "properties": { "name": null, "highway": "track" }, "geometry": { "type": "LineString", "coordinates": [ [ 73.0525539, 19.0286833 ], [ 73.0525012, 19.028397 ], [ 73.052528, 19.0279736 ] ] } },
{ "type": "Feature", "properties": { "name": null, "highway": "path" }, "geometry": { "type": "LineString", "coordinates": [ [ 73.052528, 19.0279736 ], [ 73.0523617, 19.0279862 ], [ 73.0521257, 19.0280572 ] ] } },
{ "type": "Feature", "properties": { "name": null, "highway": "service" }, "geometry": { "type": "LineString", "coordinates": [ [ 73.0524061, 19.0264671 ], [ 73.052115, 19.026977 ], [ 73.0524484, 19.0271296 ] ] } },
{ "type": "Feature", "properties": { "name": null, "highway": "cycleway" }, "geometry": { "type": "LineString", "coordinates": [ [ 73.0518132, 19.0280255 ], [ 73.0518736, 19.0278037 ], [ 73.0518736, 19.0277276 ], [ 73.0518736, 19.027611 ], [ 73.0517877, 19.0274537 ], [ 73.0518199, 19.0273726 ], [ 73.0519057, 19.0273168 ], [ 73.0519326, 19.0272255 ], [ 73.052072, 19.0272763 ], [ 73.0521686, 19.0273219 ], [ 73.052292, 19.0274385 ], [ 73.052528, 19.0279736 ] ] } },
{ "type": "Feature", "properties": { "name": null, "highway": "cycleway" }, "geometry": { "type": "LineString", "coordinates": [ [ 73.0519326, 19.0272255 ], [ 73.051895, 19.0271698 ], [ 73.0519151, 19.027028 ], [ 73.0519902, 19.0269278 ], [ 73.052072, 19.0266829 ], [ 73.0521308, 19.0264685 ], [ 73.0521471, 19.0264091 ], [ 73.0522974, 19.0262671 ], [ 73.0523671, 19.0260845 ], [ 73.052351, 19.0259577 ], [ 73.0522437, 19.0255723 ], [ 73.0522705, 19.02541 ], [ 73.0521283, 19.025216 ] ] } },
{ "type": "Feature", "properties": { "name": null, "highway": "cycleway" }, "geometry": { "type": "LineString", "coordinates": [ [ 73.0488802, 19.02541 ], [ 73.0491484, 19.0253897 ], [ 73.0496581, 19.0254353 ], [ 73.0501516, 19.0256433 ], [ 73.0504733, 19.0256948 ], [ 73.0507404, 19.0258362 ], [ 73.0508543, 19.0259019 ], [ 73.0509844, 19.0259047 ], [ 73.0510542, 19.0258717 ], [ 73.0511816, 19.0259121 ], [ 73.0513425, 19.0259171 ], [ 73.0514431, 19.0259529 ], [ 73.0517019, 19.0260896 ], [ 73.0519648, 19.0263482 ], [ 73.0521308, 19.0264685 ] ] } },
{ "type": "Feature", "properties": { "name": null, "highway": "cycleway" }, "geometry": { "type": "LineString", "coordinates": [ [ 73.0488802, 19.02541 ], [ 73.0486656, 19.0253593 ], [ 73.0484216, 19.0253119 ] ] } },
{ "type": "Feature", "properties": { "name": null, "highway": "service" }, "geometry": { "type": "LineString", "coordinates": [ [ 73.0484216, 19.0253119 ], [ 73.048156, 19.0248369 ], [ 73.0480219, 19.0242943 ], [ 73.0478556, 19.0240052 ], [ 73.047743, 19.0238987 ], [ 73.0476919, 19.0240455 ], [ 73.0476893, 19.0243095 ] ] } },
{ "type": "Feature", "properties": { "name": null, "highway": "steps" }, "geometry": { "type": "LineString", "coordinates": [ [ 73.0480119, 19.0230266 ], [ 73.0480299, 19.0231438 ] ] } },
{ "type": "Feature", "properties": { "name": null, "highway": "steps" }, "geometry": { "type": "LineString", "coordinates": [ [ 73.0481351, 19.0231311 ], [ 73.0481285, 19.0230088 ] ] } },
{ "type": "Feature", "properties": { "name": null, "highway": "cycleway" }, "geometry": { "type": "LineString", "coordinates": [ [ 73.0480299, 19.0231438 ], [ 73.0481068, 19.0231345 ], [ 73.0481351, 19.0231311 ] ] } },
{ "type": "Feature", "properties": { "name": null, "highway": "path" }, "geometry": { "type": "LineString", "coordinates": [ [ 73.0520031, 19.0308808 ], [ 73.0521806, 19.0311588 ] ] } },
{ "type": "Feature", "properties": { "name": null, "highway": "cycleway" }, "geometry": { "type": "LineString", "coordinates": [ [ 73.0521806, 19.0311588 ], [ 73.0523927, 19.031564 ], [ 73.0524874, 19.0318285 ], [ 73.0525686, 19.0319309 ], [ 73.0526454, 19.0322551 ], [ 73.0529026, 19.0324258 ], [ 73.0529297, 19.0326945 ], [ 73.0528484, 19.0328524 ], [ 73.0527537, 19.0329931 ], [ 73.0525641, 19.0331382 ], [ 73.0525055, 19.0333515 ], [ 73.0525912, 19.0334155 ], [ 73.0526488, 19.0335135 ], [ 73.052704, 19.0336074 ], [ 73.0529387, 19.0336415 ], [ 73.0531463, 19.0335136 ], [ 73.0533087, 19.0334197 ], [ 73.0534937, 19.0331083 ], [ 73.0537143, 19.0329535 ] ] } },
{ "type": "Feature", "properties": { "name": null, "highway": "service" }, "geometry": { "type": "LineString", "coordinates": [ [ 73.0518655, 19.0296225 ], [ 73.0518913, 19.0294702 ] ] } },
{ "type": "Feature", "properties": { "name": null, "highway": "cycleway" }, "geometry": { "type": "LineString", "coordinates": [ [ 73.0518913, 19.0294702 ], [ 73.0520072, 19.0293727 ], [ 73.0519364, 19.0292479 ], [ 73.0520169, 19.0291352 ], [ 73.0520362, 19.0290895 ], [ 73.0519396, 19.0290225 ], [ 73.0519783, 19.0289738 ], [ 73.0520201, 19.0289251 ], [ 73.0520749, 19.0289251 ], [ 73.0521039, 19.0289586 ], [ 73.052236, 19.0289494 ], [ 73.0522816, 19.0290035 ], [ 73.0523261, 19.0291474 ], [ 73.052368, 19.0291931 ], [ 73.0524775, 19.0291809 ], [ 73.0525935, 19.0291748 ], [ 73.0526708, 19.0292113 ], [ 73.0527385, 19.0292113 ], [ 73.0528095, 19.0291463 ] ] } },
{ "type": "Feature", "properties": { "name": null, "highway": "cycleway" }, "geometry": { "type": "LineString", "coordinates": [ [ 73.0557564, 19.0331563 ], [ 73.0556246, 19.032979 ], [ 73.0552798, 19.0327461 ], [ 73.0551089, 19.0325736 ], [ 73.0550103, 19.0325325 ], [ 73.0549901, 19.0323051 ], [ 73.0549495, 19.032275 ], [ 73.0549698, 19.0320997 ], [ 73.0547322, 19.0321956 ], [ 73.0546887, 19.0322503 ] ] } },
{ "type": "Feature", "properties": { "name": null, "highway": "cycleway" }, "geometry": { "type": "LineString", "coordinates": [ [ 73.0546887, 19.0322503 ], [ 73.0545764, 19.032302 ], [ 73.0543959, 19.0325663 ], [ 73.0542968, 19.0326816 ], [ 73.0541366, 19.0328835 ], [ 73.054007, 19.0329628 ], [ 73.0538631, 19.0331154 ], [ 73.0538397, 19.0331352 ], [ 73.0537568, 19.0332048 ] ] } },
{ "type": "Feature", "properties": { "name": null, "highway": "cycleway" }, "geometry": { "type": "LineString", "coordinates": [ [ 73.0543883, 19.0314345 ], [ 73.0545052, 19.0314008 ], [ 73.0546399, 19.0313504 ], [ 73.0546959, 19.0312903 ], [ 73.054795, 19.0313023 ], [ 73.054795, 19.0314609 ], [ 73.0547136, 19.0315835 ], [ 73.0547162, 19.0317661 ], [ 73.0546831, 19.0318358 ], [ 73.0546755, 19.0319824 ], [ 73.0546018, 19.0321169 ], [ 73.0545764, 19.032302 ] ] } },
{ "type": "Feature", "properties": { "name": null, "highway": "cycleway" }, "geometry": { "type": "LineString", "coordinates": [ [ 73.0543883, 19.0314345 ], [ 73.0545738, 19.0311197 ], [ 73.0545918, 19.0310176 ], [ 73.0546094, 19.0309178 ], [ 73.0545865, 19.0308193 ], [ 73.054495, 19.0307136 ], [ 73.0545154, 19.0306198 ] ] } },
{ "type": "Feature", "properties": { "name": null, "highway": "cycleway" }, "geometry": { "type": "LineString", "coordinates": [ [ 73.0548204, 19.0310139 ], [ 73.0547365, 19.0309707 ], [ 73.0547162, 19.0308385 ], [ 73.0548331, 19.0308601 ] ] } },
{ "type": "Feature", "properties": { "name": null, "highway": "cycleway" }, "geometry": { "type": "LineString", "coordinates": [ [ 73.0547162, 19.0308385 ], [ 73.0546583, 19.0308299 ], [ 73.0545865, 19.0308193 ] ] } },
{ "type": "Feature", "properties": { "name": null, "highway": "cycleway" }, "geometry": { "type": "LineString", "coordinates": [ [ 73.0546831, 19.0307364 ], [ 73.0547874, 19.0307064 ], [ 73.0548585, 19.0305886 ], [ 73.0549501, 19.0303363 ], [ 73.0550289, 19.0302354 ], [ 73.0550238, 19.0301056 ], [ 73.0550263, 19.0299278 ], [ 73.0550084, 19.0298615 ] ] } },
{ "type": "Feature", "properties": { "name": null, "highway": "cycleway" }, "geometry": { "type": "LineString", "coordinates": [ [ 73.0548204, 19.0310139 ], [ 73.0548331, 19.0308601 ], [ 73.0550094, 19.0304529 ], [ 73.05545, 19.0300954 ], [ 73.0554821, 19.0300694 ], [ 73.0557224, 19.0298758 ], [ 73.0558211, 19.0295259 ] ] } },
{ "type": "Feature", "properties": { "name": null, "highway": "cycleway" }, "geometry": { "type": "LineString", "coordinates": [ [ 73.0560541, 19.0311127 ], [ 73.0558766, 19.0308508 ], [ 73.0558366, 19.0307918 ], [ 73.0557185, 19.0306168 ], [ 73.0556988, 19.0305162 ], [ 73.0555215, 19.0303934 ], [ 73.05545, 19.0300954 ] ] } },
{ "type": "Feature", "properties": { "name": null, "highway": "cycleway" }, "geometry": { "type": "LineString", "coordinates": [ [ 73.056398, 19.0304262 ], [ 73.0561833, 19.0305535 ], [ 73.056006, 19.0307322 ], [ 73.0558766, 19.0308508 ], [ 73.0556909, 19.0309408 ] ] } },
{ "type": "Feature", "properties": { "name": null, "highway": "cycleway" }, "geometry": { "type": "LineString", "coordinates": [ [ 73.0538397, 19.0331352 ], [ 73.0538316, 19.0330521 ], [ 73.0537143, 19.0329535 ] ] } },
{ "type": "Feature", "properties": { "name": null, "highway": "cycleway" }, "geometry": { "type": "LineString", "coordinates": [ [ 73.0472026, 19.0637322 ], [ 73.0470136, 19.0636263 ], [ 73.0468385, 19.0637074 ], [ 73.0467302, 19.0638448 ], [ 73.046708, 19.063873 ], [ 73.0466005, 19.0639243 ] ] } },
{ "type": "Feature", "properties": { "name": null, "highway": "cycleway" }, "geometry": { "type": "LineString", "coordinates": [ [ 73.0455827, 19.0649797 ], [ 73.0464445, 19.0646806 ], [ 73.0465699, 19.0644951 ], [ 73.0466005, 19.0639243 ] ] } },
{ "type": "Feature", "properties": { "name": null, "highway": "service" }, "geometry": { "type": "LineString", "coordinates": [ [ 73.0623239, 19.047241 ], [ 73.0622847, 19.0472704 ], [ 73.062234, 19.0473084 ], [ 73.062128, 19.0475199 ], [ 73.0620338, 19.0475941 ], [ 73.0619895, 19.0477634 ], [ 73.0620512, 19.0478889 ], [ 73.062179, 19.0480541 ], [ 73.0622457, 19.0482024 ], [ 73.0622026, 19.048284 ], [ 73.0621123, 19.0483805 ] ] } },
{ "type": "Feature", "properties": { "name": null, "highway": "residential" }, "geometry": { "type": "LineString", "coordinates": [ [ 73.0766989, 19.0404293 ], [ 73.0769214, 19.0406727 ], [ 73.0768421, 19.040738 ], [ 73.0767762, 19.040782 ], [ 73.076554, 19.040953 ], [ 73.0765286, 19.0409508 ], [ 73.0764417, 19.0408484 ], [ 73.0766752, 19.0406756 ], [ 73.0766915, 19.0406821 ], [ 73.0767762, 19.040782 ] ] } },
{ "type": "Feature", "properties": { "name": null, "highway": "service" }, "geometry": { "type": "LineString", "coordinates": [ [ 73.058781, 19.0225443 ], [ 73.0587797, 19.0226502 ], [ 73.058773, 19.0227391 ], [ 73.0587294, 19.0232702 ], [ 73.0587419, 19.0233493 ] ] } },
{ "type": "Feature", "properties": { "name": null, "highway": "service" }, "geometry": { "type": "LineString", "coordinates": [ [ 73.0637073, 19.0467579 ], [ 73.0619482, 19.0470441 ], [ 73.0622847, 19.0472704 ], [ 73.0629463, 19.04767 ], [ 73.0632716, 19.0476987 ], [ 73.0638853, 19.0476238 ] ] } },
{ "type": "Feature", "properties": { "name": "Sai Saakshaat Premise Road", "highway": "residential" }, "geometry": { "type": "LineString", "coordinates": [ [ 73.0619699, 19.0454242 ], [ 73.0633956, 19.0453128 ], [ 73.063497, 19.0453028 ] ] } },
{ "type": "Feature", "properties": { "name": null, "highway": "track" }, "geometry": { "type": "LineString", "coordinates": [ [ 73.0582071, 19.0761142 ], [ 73.0583563, 19.0759492 ], [ 73.0585367, 19.0756971 ], [ 73.058521, 19.0754674 ], [ 73.0585132, 19.0751857 ], [ 73.0583877, 19.0748966 ], [ 73.0583485, 19.0747187 ], [ 73.0585367, 19.074526 ], [ 73.0585602, 19.0742517 ], [ 73.0585837, 19.0741479 ], [ 73.0587485, 19.07397 ], [ 73.0587641, 19.0737773 ], [ 73.0587485, 19.0734808 ], [ 73.0586622, 19.0730582 ], [ 73.058623, 19.0728878 ], [ 73.0584269, 19.0724059 ], [ 73.0584347, 19.0720872 ], [ 73.0584347, 19.0719167 ], [ 73.058521, 19.0717388 ], [ 73.0586465, 19.0714719 ], [ 73.0586308, 19.0712421 ], [ 73.0586471, 19.0707753 ] ] } },
{ "type": "Feature", "properties": { "name": null, "highway": "primary_link" }, "geometry": { "type": "LineString", "coordinates": [ [ 73.0806925, 19.0385525 ], [ 73.0807871, 19.0385456 ] ] } },
{ "type": "Feature", "properties": { "name": null, "highway": "primary" }, "geometry": { "type": "LineString", "coordinates": [ [ 73.0833322, 19.0727331 ], [ 73.083232, 19.0726556 ], [ 73.0832047, 19.0726237 ], [ 73.0831888, 19.0725949 ], [ 73.0831777, 19.0725667 ] ] } },
{ "type": "Feature", "properties": { "name": null, "highway": "primary" }, "geometry": { "type": "LineString", "coordinates": [ [ 73.083381, 19.0727709 ], [ 73.0833322, 19.0727331 ] ] } },
{ "type": "Feature", "properties": { "name": null, "highway": "primary" }, "geometry": { "type": "LineString", "coordinates": [ [ 73.0830525, 19.0726446 ], [ 73.0831598, 19.072739 ], [ 73.0832322, 19.072795 ] ] } },
{ "type": "Feature", "properties": { "name": null, "highway": "primary" }, "geometry": { "type": "LineString", "coordinates": [ [ 73.0832322, 19.072795 ], [ 73.0832809, 19.0728327 ] ] } },
{ "type": "Feature", "properties": { "name": null, "highway": "service" }, "geometry": { "type": "LineString", "coordinates": [ [ 73.0836658, 19.0729912 ], [ 73.0837502, 19.0727949 ], [ 73.083827, 19.0726861 ], [ 73.0842734, 19.0721462 ], [ 73.0846574, 19.0717062 ], [ 73.0851854, 19.071062 ], [ 73.0852622, 19.0710484 ], [ 73.0853438, 19.0710529 ], [ 73.0853966, 19.0711618 ], [ 73.0855358, 19.0712026 ], [ 73.0857134, 19.071121 ], [ 73.0860491, 19.0712087 ] ] } },
{ "type": "Feature", "properties": { "name": null, "highway": "cycleway" }, "geometry": { "type": "LineString", "coordinates": [ [ 73.0851854, 19.071062 ], [ 73.0852334, 19.0709758 ], [ 73.0853294, 19.0708533 ], [ 73.0853822, 19.0707762 ], [ 73.0853822, 19.0706855 ], [ 73.085435, 19.0705539 ], [ 73.0854734, 19.0704586 ], [ 73.0854734, 19.0703089 ], [ 73.085459, 19.070073 ] ] } },
{ "type": "Feature", "properties": { "name": null, "highway": "service" }, "geometry": { "type": "LineString", "coordinates": [ [ 73.0718101, 19.073503 ], [ 73.071889, 19.0734237 ] ] } },
{ "type": "Feature", "properties": { "name": null, "highway": "service" }, "geometry": { "type": "LineString", "coordinates": [ [ 73.0673805, 19.0701403 ], [ 73.0672787, 19.070184 ], [ 73.0671821, 19.0702804 ], [ 73.0670963, 19.0703742 ] ] } },
{ "type": "Feature", "properties": { "name": null, "highway": "service" }, "geometry": { "type": "LineString", "coordinates": [ [ 73.0673805, 19.0701403 ], [ 73.0674825, 19.0700917 ] ] } },
{ "type": "Feature", "properties": { "name": null, "highway": "service" }, "geometry": { "type": "LineString", "coordinates": [ [ 73.0670963, 19.0703742 ], [ 73.067107, 19.0704908 ], [ 73.0670346, 19.0705846 ], [ 73.0669273, 19.0707291 ], [ 73.0668871, 19.0708026 ] ] } },
{ "type": "Feature", "properties": { "name": null, "highway": "service" }, "geometry": { "type": "LineString", "coordinates": [ [ 73.0670963, 19.0703742 ], [ 73.066989, 19.0704096 ], [ 73.0667771, 19.0705288 ], [ 73.0665974, 19.0706302 ], [ 73.066466, 19.0707088 ], [ 73.0661924, 19.0708152 ] ] } },
{ "type": "Feature", "properties": { "name": null, "highway": "service" }, "geometry": { "type": "LineString", "coordinates": [ [ 73.0654874, 19.0702876 ], [ 73.0654841, 19.0704316 ], [ 73.0654841, 19.0707443 ], [ 73.065428, 19.0714703 ], [ 73.0650636, 19.0715551 ], [ 73.0645477, 19.0714438 ], [ 73.0646045, 19.070845 ], [ 73.0646486, 19.0703786 ], [ 73.0650019, 19.0703945 ], [ 73.0654841, 19.0704316 ] ] } },
{ "type": "Feature", "properties": { "name": null, "highway": "service" }, "geometry": { "type": "LineString", "coordinates": [ [ 73.0645477, 19.0714438 ], [ 73.0644748, 19.071926 ], [ 73.0642898, 19.0721327 ], [ 73.0637739, 19.0720426 ] ] } },
{ "type": "Feature", "properties": { "name": null, "highway": "service" }, "geometry": { "type": "LineString", "coordinates": [ [ 73.0645477, 19.0714438 ], [ 73.0642169, 19.071465 ] ] } },
{ "type": "Feature", "properties": { "name": null, "highway": "service" }, "geometry": { "type": "LineString", "coordinates": [ [ 73.0646045, 19.070845 ], [ 73.064273, 19.070845 ] ] } },
{ "type": "Feature", "properties": { "name": null, "highway": "cycleway" }, "geometry": { "type": "LineString", "coordinates": [ [ 73.0658297, 19.0772909 ], [ 73.065895, 19.0772241 ], [ 73.0661682, 19.0772915 ], [ 73.0662811, 19.0771792 ], [ 73.0663405, 19.0768761 ], [ 73.0664177, 19.0765842 ], [ 73.0665424, 19.0764046 ], [ 73.0666968, 19.0763485 ], [ 73.0668119, 19.0761833 ], [ 73.0668571, 19.0761184 ], [ 73.0670947, 19.0757592 ], [ 73.0672645, 19.0754465 ], [ 73.067261, 19.0751474 ], [ 73.0673798, 19.0747825 ], [ 73.0675342, 19.0744851 ], [ 73.0675995, 19.074356 ], [ 73.0676054, 19.0741595 ], [ 73.0676327, 19.0740432 ], [ 73.0676648, 19.0739069 ], [ 73.0678549, 19.0737722 ], [ 73.0679321, 19.0735533 ], [ 73.0679143, 19.0733625 ], [ 73.0680093, 19.0731829 ], [ 73.0681934, 19.0729191 ], [ 73.0681993, 19.072717 ], [ 73.0682918, 19.0724672 ], [ 73.0683716, 19.0723241 ], [ 73.0683122, 19.0721108 ], [ 73.0682112, 19.0721052 ], [ 73.0683241, 19.0719143 ], [ 73.068431, 19.0717909 ] ] } },
{ "type": "Feature", "properties": { "name": null, "highway": "cycleway" }, "geometry": { "type": "LineString", "coordinates": [ [ 73.0687463, 19.0717878 ], [ 73.0687814, 19.0720378 ], [ 73.0688089, 19.0723292 ], [ 73.0689358, 19.0724869 ], [ 73.0691555, 19.0726103 ], [ 73.0692921, 19.0726833 ], [ 73.0693693, 19.0727619 ] ] } },
{ "type": "Feature", "properties": { "name": null, "highway": "cycleway" }, "geometry": { "type": "LineString", "coordinates": [ [ 73.0688089, 19.0723292 ], [ 73.0687398, 19.0723914 ], [ 73.0686745, 19.0725711 ], [ 73.0687041, 19.0727338 ], [ 73.0687517, 19.0728966 ], [ 73.0687041, 19.073065 ], [ 73.0687992, 19.0731436 ], [ 73.0689714, 19.0730987 ], [ 73.0691139, 19.0730987 ] ] } },
{ "type": "Feature", "properties": { "name": null, "highway": "service" }, "geometry": { "type": "LineString", "coordinates": [ [ 73.068431, 19.0717909 ], [ 73.0685141, 19.0716786 ], [ 73.068551, 19.0716712 ], [ 73.0687101, 19.0716393 ], [ 73.0688061, 19.071515 ], [ 73.0688367, 19.0714754 ] ] } },
{ "type": "Feature", "properties": { "name": null, "highway": "service" }, "geometry": { "type": "LineString", "coordinates": [ [ 73.0687101, 19.0716393 ], [ 73.0687463, 19.0717878 ] ] } },
{ "type": "Feature", "properties": { "name": null, "highway": "cycleway" }, "geometry": { "type": "LineString", "coordinates": [ [ 73.0668871, 19.0708026 ], [ 73.0670175, 19.0708759 ], [ 73.0671303, 19.0711341 ] ] } },
{ "type": "Feature", "properties": { "name": null, "highway": "cycleway" }, "geometry": { "type": "LineString", "coordinates": [ [ 73.0682112, 19.0721052 ], [ 73.0680466, 19.0721756 ], [ 73.0677726, 19.0724237 ], [ 73.0677263, 19.0724967 ], [ 73.067533, 19.0728013 ], [ 73.0677042, 19.0728876 ], [ 73.0678297, 19.0730709 ], [ 73.0678525, 19.073168 ], [ 73.0680093, 19.0731829 ] ] } },
{ "type": "Feature", "properties": { "name": null, "highway": "cycleway" }, "geometry": { "type": "LineString", "coordinates": [ [ 73.0678525, 19.073168 ], [ 73.0675786, 19.0731572 ], [ 73.0673389, 19.073168 ], [ 73.0672933, 19.073373 ], [ 73.0671677, 19.073524 ], [ 73.0670422, 19.0737289 ], [ 73.0667281, 19.073748 ], [ 73.066563, 19.073758 ], [ 73.0661405, 19.0736426 ], [ 73.0659513, 19.0736477 ] ] } },
{ "type": "Feature", "properties": { "name": null, "highway": "cycleway" }, "geometry": { "type": "LineString", "coordinates": [ [ 73.0682112, 19.0721052 ], [ 73.0678754, 19.0718736 ], [ 73.0680237, 19.0716255 ] ] } },
{ "type": "Feature", "properties": { "name": "Khargar Hills Viewpoint Trail", "highway": "cycleway" }, "geometry": { "type": "LineString", "coordinates": [ [ 73.0659513, 19.0736477 ], [ 73.0661159, 19.0734371 ], [ 73.0662218, 19.0733082 ], [ 73.0663003, 19.0730278 ], [ 73.0666427, 19.0727042 ], [ 73.0668596, 19.0727581 ], [ 73.0670536, 19.0725316 ], [ 73.0672134, 19.0723267 ], [ 73.0672561, 19.0721086 ], [ 73.0674417, 19.072003 ], [ 73.0676014, 19.0719491 ], [ 73.0676813, 19.0723267 ], [ 73.0677263, 19.0724967 ] ] } },
{ "type": "Feature", "properties": { "name": "Khargar Hills Viewpoint Trail", "highway": "cycleway" }, "geometry": { "type": "LineString", "coordinates": [ [ 73.0671303, 19.0711341 ], [ 73.0672248, 19.0712803 ], [ 73.0673436, 19.0713221 ], [ 73.067498, 19.0714057 ], [ 73.0677841, 19.0714745 ], [ 73.0676357, 19.0715932 ], [ 73.0676014, 19.0719491 ] ] } },
{ "type": "Feature", "properties": { "name": null, "highway": "cycleway" }, "geometry": { "type": "LineString", "coordinates": [ [ 73.0661924, 19.0708152 ], [ 73.0659808, 19.0709425 ], [ 73.065804, 19.0711017 ], [ 73.065804, 19.0712986 ], [ 73.065804, 19.0714518 ], [ 73.0657872, 19.0719929 ], [ 73.0657872, 19.0721838 ], [ 73.0656188, 19.0722634 ], [ 73.0655178, 19.0724543 ], [ 73.0652568, 19.0727169 ], [ 73.065017, 19.0729741 ], [ 73.0646759, 19.0731784 ] ] } },
{ "type": "Feature", "properties": { "name": "Khargar Hills Viewpoint Trail", "highway": "cycleway" }, "geometry": { "type": "LineString", "coordinates": [ [ 73.0668871, 19.0708026 ], [ 73.066688, 19.0708391 ], [ 73.0666357, 19.0710539 ], [ 73.0663849, 19.0711892 ], [ 73.0666796, 19.0716746 ], [ 73.0666291, 19.0720326 ], [ 73.0666291, 19.0722873 ], [ 73.0665954, 19.0724066 ], [ 73.0666427, 19.0727042 ] ] } },
{ "type": "Feature", "properties": { "name": "Khargar Hills Viewpoint Trail", "highway": "cycleway" }, "geometry": { "type": "LineString", "coordinates": [ [ 73.0659513, 19.0736477 ], [ 73.0658841, 19.0738353 ], [ 73.0657604, 19.0740153 ], [ 73.0657337, 19.0740791 ], [ 73.0656441, 19.0742541 ], [ 73.0654645, 19.0743666 ], [ 73.0654215, 19.0743935 ], [ 73.065299, 19.0744624 ], [ 73.0651114, 19.0746444 ], [ 73.0650084, 19.0747091 ], [ 73.0649426, 19.0748183 ], [ 73.0648517, 19.0748852 ], [ 73.0646843, 19.0749766 ], [ 73.0645496, 19.075096 ], [ 73.0644064, 19.0752074 ], [ 73.0642128, 19.0752392 ], [ 73.0640788, 19.0752461 ], [ 73.0637161, 19.0755495 ], [ 73.0636796, 19.0756164 ], [ 73.0636092, 19.0756484 ], [ 73.0633878, 19.0756132 ], [ 73.0633248, 19.0756132 ], [ 73.0632403, 19.0756704 ], [ 73.0631278, 19.0757191 ], [ 73.0630074, 19.0758605 ], [ 73.0628714, 19.0759983 ], [ 73.0627444, 19.076104 ], [ 73.0627041, 19.0762478 ], [ 73.0625459, 19.0763929 ], [ 73.0624701, 19.0764884 ], [ 73.0622596, 19.0764884 ], [ 73.0621445, 19.0764958 ] ] } },
{ "type": "Feature", "properties": { "name": "Khargar Hills Viewpoint Trail", "highway": "cycleway" }, "geometry": { "type": "LineString", "coordinates": [ [ 73.0621445, 19.0764958 ], [ 73.0621896, 19.0763561 ], [ 73.0621681, 19.0762408 ], [ 73.0618471, 19.0759155 ], [ 73.0616282, 19.0757166 ], [ 73.0616029, 19.0756052 ], [ 73.0615488, 19.0755541 ], [ 73.061443, 19.075454 ], [ 73.0613083, 19.0751835 ], [ 73.0612241, 19.0747539 ], [ 73.0611146, 19.074547 ], [ 73.0611146, 19.0742128 ], [ 73.0610894, 19.0738309 ], [ 73.0610641, 19.073632 ], [ 73.0612578, 19.0736877 ], [ 73.0613167, 19.0733694 ], [ 73.0614009, 19.07251 ], [ 73.0614177, 19.0722793 ], [ 73.0614598, 19.0720247 ], [ 73.0615693, 19.0718417 ], [ 73.0616787, 19.0716268 ], [ 73.0617881, 19.0713165 ], [ 73.0619818, 19.0709744 ], [ 73.0619649, 19.0706641 ], [ 73.062066, 19.0703776 ], [ 73.0622764, 19.0703219 ], [ 73.0621417, 19.0702105 ], [ 73.0623691, 19.070115 ], [ 73.062327, 19.0699559 ], [ 73.0624785, 19.0697331 ], [ 73.0624869, 19.0696535 ], [ 73.0625627, 19.0694944 ], [ 73.062689, 19.0693909 ], [ 73.0626553, 19.0692238 ], [ 73.0626974, 19.0691045 ], [ 73.0628153, 19.0690249 ], [ 73.0627479, 19.0687226 ] ] } },
{ "type": "Feature", "properties": { "name": null, "highway": "service" }, "geometry": { "type": "LineString", "coordinates": [ [ 73.0627479, 19.0687226 ], [ 73.0630257, 19.0687783 ], [ 73.0633036, 19.0688101 ], [ 73.0635442, 19.0684035 ] ] } },
{ "type": "Feature", "properties": { "name": null, "highway": "service" }, "geometry": { "type": "LineString", "coordinates": [ [ 73.0627479, 19.0687226 ], [ 73.062714, 19.0686007 ], [ 73.0626637, 19.0684202 ] ] } },
{ "type": "Feature", "properties": { "name": null, "highway": "service" }, "geometry": { "type": "LineString", "coordinates": [ [ 73.0626637, 19.0684202 ], [ 73.0625824, 19.068099 ] ] } },
{ "type": "Feature", "properties": { "name": null, "highway": "service" }, "geometry": { "type": "LineString", "coordinates": [ [ 73.0633036, 19.0688101 ], [ 73.0633962, 19.0690647 ], [ 73.0634463, 19.069156 ], [ 73.063514, 19.0692795 ], [ 73.0636656, 19.0696217 ], [ 73.0636319, 19.0700116 ] ] } },
{ "type": "Feature", "properties": { "name": null, "highway": "cycleway" }, "geometry": { "type": "LineString", "coordinates": [ [ 73.0558187, 19.0825185 ], [ 73.055405, 19.0824207 ], [ 73.0548491, 19.0823841 ], [ 73.0544354, 19.0823474 ], [ 73.054151, 19.0821886 ], [ 73.05397, 19.0824207 ], [ 73.053608, 19.0825796 ], [ 73.0534399, 19.082433 ], [ 73.0533882, 19.0820175 ], [ 73.0532072, 19.0817488 ], [ 73.0532201, 19.0811134 ], [ 73.0532201, 19.0807835 ], [ 73.0530521, 19.0805392 ], [ 73.0531296, 19.0801238 ], [ 73.0531814, 19.0798061 ], [ 73.0531684, 19.0795128 ], [ 73.0531814, 19.0791585 ], [ 73.0534141, 19.0788897 ], [ 73.0537243, 19.0787065 ], [ 73.0539829, 19.0788286 ], [ 73.0541251, 19.0786331 ], [ 73.0545, 19.0784254 ], [ 73.05433, 19.0779562 ], [ 73.0542306, 19.0774683 ], [ 73.0540958, 19.0770954 ], [ 73.0539996, 19.0770044 ], [ 73.0540092, 19.0767315 ], [ 73.0541728, 19.0766406 ], [ 73.054284, 19.0764837 ], [ 73.0544808, 19.0761039 ], [ 73.0548119, 19.075807 ], [ 73.0549043, 19.0752034 ], [ 73.0550487, 19.0748213 ], [ 73.0553182, 19.0743938 ], [ 73.0556069, 19.073848 ], [ 73.0556166, 19.0737056 ] ] } },
{ "type": "Feature", "properties": { "name": null, "highway": "service" }, "geometry": { "type": "LineString", "coordinates": [ [ 73.0705228, 19.0735961 ], [ 73.0704488, 19.0735393 ], [ 73.0702966, 19.0735159 ], [ 73.0701903, 19.0734925 ] ] } },
{ "type": "Feature", "properties": { "name": null, "highway": "service" }, "geometry": { "type": "LineString", "coordinates": [ [ 73.0701903, 19.0734925 ], [ 73.0699955, 19.0735058 ], [ 73.0697547, 19.0733786 ] ] } },
{ "type": "Feature", "properties": { "name": null, "highway": "service" }, "geometry": { "type": "LineString", "coordinates": [ [ 73.06963, 19.0718834 ], [ 73.0695564, 19.0719661 ] ] } },
{ "type": "Feature", "properties": { "name": null, "highway": "service" }, "geometry": { "type": "LineString", "coordinates": [ [ 73.0695564, 19.0719661 ], [ 73.0695218, 19.0720171 ], [ 73.0694359, 19.0721435 ] ] } },
{ "type": "Feature", "properties": { "name": null, "highway": "service" }, "geometry": { "type": "LineString", "coordinates": [ [ 73.0694359, 19.0721435 ], [ 73.0694324, 19.0722272 ], [ 73.0694289, 19.0723912 ], [ 73.0694041, 19.0725921 ], [ 73.0693693, 19.0727619 ] ] } },
{ "type": "Feature", "properties": { "name": null, "highway": "cycleway" }, "geometry": { "type": "LineString", "coordinates": [ [ 73.0687041, 19.073065 ], [ 73.0685372, 19.0731719 ], [ 73.0682649, 19.0734459 ], [ 73.0679321, 19.0735533 ] ] } },
{ "type": "Feature", "properties": { "name": null, "highway": "cycleway" }, "geometry": { "type": "LineString", "coordinates": [ [ 73.0704868, 19.073677 ], [ 73.0705776, 19.0737295 ], [ 73.0707238, 19.0738085 ], [ 73.0708158, 19.0738322 ], [ 73.0708785, 19.0738875 ], [ 73.0710456, 19.0740021 ], [ 73.0711125, 19.0741324 ], [ 73.0711961, 19.0742825 ], [ 73.0712588, 19.0744247 ], [ 73.071334, 19.074563 ], [ 73.0714559, 19.0746192 ] ] } },
{ "type": "Feature", "properties": { "name": null, "highway": "cycleway" }, "geometry": { "type": "LineString", "coordinates": [ [ 73.071334, 19.074563 ], [ 73.0712086, 19.074559 ], [ 73.0709286, 19.0744642 ], [ 73.0708785, 19.0744287 ], [ 73.070728, 19.0744642 ], [ 73.0706403, 19.0744524 ], [ 73.0705817, 19.0744168 ], [ 73.0705567, 19.0743378 ], [ 73.0706235, 19.0742944 ], [ 73.0706779, 19.0743536 ], [ 73.0706695, 19.0743892 ], [ 73.0705817, 19.0744168 ] ] } },
{ "type": "Feature", "properties": { "name": null, "highway": "cycleway" }, "geometry": { "type": "LineString", "coordinates": [ [ 73.0705567, 19.0743378 ], [ 73.0704876, 19.0743671 ] ] } },
{ "type": "Feature", "properties": { "name": null, "highway": "cycleway" }, "geometry": { "type": "LineString", "coordinates": [ [ 73.0706235, 19.0742944 ], [ 73.070728, 19.0742233 ], [ 73.0708409, 19.0741166 ], [ 73.0710456, 19.0740021 ] ] } },
{ "type": "Feature", "properties": { "name": null, "highway": "cycleway" }, "geometry": { "type": "LineString", "coordinates": [ [ 73.0710456, 19.0740021 ], [ 73.0711042, 19.0739626 ], [ 73.0711961, 19.0738915 ], [ 73.0713507, 19.0738994 ], [ 73.0714427, 19.0739112 ], [ 73.0716207, 19.0739206 ] ] } },
{ "type": "Feature", "properties": { "name": null, "highway": "cycleway" }, "geometry": { "type": "LineString", "coordinates": [ [ 73.0803576, 19.0373634 ], [ 73.0805782, 19.0370087 ], [ 73.080857, 19.0367452 ], [ 73.0812699, 19.036428 ], [ 73.0814196, 19.0365549 ], [ 73.0817139, 19.0371599 ], [ 73.0820958, 19.0378626 ], [ 73.0824074, 19.0384984 ], [ 73.0827772, 19.0392533 ], [ 73.0830559, 19.0399657 ], [ 73.0831902, 19.0400584 ], [ 73.0831902, 19.0401901 ], [ 73.0831334, 19.0402877 ], [ 73.0831953, 19.0404487 ], [ 73.0835515, 19.0410245 ], [ 73.0837167, 19.0413319 ], [ 73.0838147, 19.0415173 ], [ 73.0836599, 19.0416149 ], [ 73.0834792, 19.0416539 ], [ 73.0833622, 19.0416852 ] ] } },
{ "type": "Feature", "properties": { "name": null, "highway": "footway" }, "geometry": { "type": "LineString", "coordinates": [ [ 73.0817139, 19.0371599 ], [ 73.081941, 19.0370331 ], [ 73.0821836, 19.0369062 ], [ 73.0824572, 19.0368233 ], [ 73.082674, 19.0367159 ], [ 73.0827566, 19.036711 ], [ 73.0829321, 19.036916 ], [ 73.083025, 19.0370331 ], [ 73.0831747, 19.0373454 ], [ 73.0830559, 19.0374186 ], [ 73.0829062, 19.0375991 ], [ 73.0827979, 19.0377406 ], [ 73.0827566, 19.0379553 ], [ 73.0827204, 19.0381602 ], [ 73.0827153, 19.0383018 ], [ 73.0825862, 19.0384286 ], [ 73.0824074, 19.0384984 ] ] } },
{ "type": "Feature", "properties": { "name": null, "highway": "cycleway" }, "geometry": { "type": "LineString", "coordinates": [ [ 73.0838147, 19.0415173 ], [ 73.0839348, 19.0415173 ], [ 73.0841725, 19.0420057 ], [ 73.0845342, 19.0426994 ], [ 73.0847151, 19.0430266 ], [ 73.0847926, 19.0431683 ], [ 73.0848323, 19.043302 ], [ 73.084845, 19.0433446 ], [ 73.0848753, 19.0434467 ], [ 73.0849373, 19.0438082 ], [ 73.0850096, 19.0440671 ], [ 73.0850096, 19.0444188 ], [ 73.0846686, 19.0445067 ], [ 73.0845965, 19.0445282 ] ] } },
{ "type": "Feature", "properties": { "name": null, "highway": "cycleway" }, "geometry": { "type": "LineString", "coordinates": [ [ 73.0850096, 19.0444188 ], [ 73.0853869, 19.0443553 ], [ 73.0857279, 19.0442722 ], [ 73.0860121, 19.0442966 ], [ 73.0862653, 19.0443748 ], [ 73.0864307, 19.0443943 ], [ 73.0865547, 19.0443504 ], [ 73.0867459, 19.0440866 ], [ 73.0867976, 19.043857 ], [ 73.0868131, 19.0437935 ], [ 73.0866529, 19.0436079 ], [ 73.0865392, 19.0435151 ], [ 73.0863842, 19.0432709 ], [ 73.0862447, 19.0430999 ], [ 73.086007, 19.0429338 ], [ 73.0858674, 19.0429143 ], [ 73.0856607, 19.042758 ], [ 73.0853249, 19.0429387 ], [ 73.0848323, 19.043302 ] ] } },
{ "type": "Feature", "properties": { "name": null, "highway": "cycleway" }, "geometry": { "type": "LineString", "coordinates": [ [ 73.0855626, 19.0424307 ], [ 73.085392, 19.0425431 ], [ 73.085237, 19.0427336 ], [ 73.0850975, 19.0429534 ], [ 73.0847926, 19.0431683 ] ] } },
{ "type": "Feature", "properties": { "name": null, "highway": "cycleway" }, "geometry": { "type": "LineString", "coordinates": [ [ 73.0856607, 19.042758 ], [ 73.0858364, 19.0426359 ], [ 73.0861568, 19.0425919 ] ] } },
{ "type": "Feature", "properties": { "name": null, "highway": "cycleway" }, "geometry": { "type": "LineString", "coordinates": [ [ 73.0862766, 19.0446424 ], [ 73.0862808, 19.0447411 ], [ 73.086317, 19.0450049 ], [ 73.0863273, 19.0455617 ], [ 73.0864048, 19.0460062 ], [ 73.0864514, 19.0463189 ], [ 73.0864462, 19.0466315 ], [ 73.0866064, 19.0468903 ], [ 73.0874745, 19.0470906 ], [ 73.0881153, 19.0472274 ], [ 73.0882755, 19.0469392 ] ] } },
{ "type": "Feature", "properties": { "name": null, "highway": "cycleway" }, "geometry": { "type": "LineString", "coordinates": [ [ 73.0862656, 19.044382 ], [ 73.0862766, 19.0446424 ] ] } },
{ "type": "Feature", "properties": { "name": null, "highway": "cycleway" }, "geometry": { "type": "LineString", "coordinates": [ [ 73.0862653, 19.0443748 ], [ 73.0862656, 19.044382 ] ] } },
{ "type": "Feature", "properties": { "name": null, "highway": "cycleway" }, "geometry": { "type": "LineString", "coordinates": [ [ 73.0864462, 19.0466315 ], [ 73.0862912, 19.0466119 ], [ 73.0859036, 19.0466852 ] ] } },
{ "type": "Feature", "properties": { "name": null, "highway": "cycleway" }, "geometry": { "type": "LineString", "coordinates": [ [ 73.0866064, 19.0468903 ], [ 73.086654, 19.0478133 ], [ 73.0867362, 19.0485716 ], [ 73.0869831, 19.0496799 ], [ 73.0870155, 19.0501497 ], [ 73.0870448, 19.0505743 ], [ 73.086977, 19.0506208 ], [ 73.0867568, 19.0505937 ], [ 73.0862426, 19.0506132 ], [ 73.0851729, 19.0509826 ], [ 73.0854198, 19.0512548 ], [ 73.0846998, 19.0514881 ], [ 73.0842884, 19.0518186 ], [ 73.0834656, 19.0519159 ], [ 73.0825371, 19.0520868 ] ] } },
{ "type": "Feature", "properties": { "name": null, "highway": "cycleway" }, "geometry": { "type": "LineString", "coordinates": [ [ 73.0883699, 19.0498294 ], [ 73.0879908, 19.0499191 ], [ 73.0870155, 19.0501497 ] ] } },
{ "type": "Feature", "properties": { "name": null, "highway": "cycleway" }, "geometry": { "type": "LineString", "coordinates": [ [ 73.0883699, 19.0498294 ], [ 73.0882981, 19.049573 ], [ 73.0882903, 19.04944 ], [ 73.0881417, 19.0490854 ], [ 73.0881183, 19.0484942 ], [ 73.0880948, 19.0480952 ], [ 73.0881183, 19.0476815 ], [ 73.0882121, 19.0473933 ], [ 73.0881153, 19.0472274 ] ] } },
{ "type": "Feature", "properties": { "name": null, "highway": "cycleway" }, "geometry": { "type": "LineString", "coordinates": [ [ 73.0870448, 19.0505743 ], [ 73.087035, 19.0506652 ], [ 73.0869986, 19.0510044 ], [ 73.0869047, 19.0512136 ], [ 73.086822, 19.051398 ], [ 73.0861911, 19.0534374 ], [ 73.0857508, 19.0545396 ], [ 73.0857242, 19.0546062 ], [ 73.0854466, 19.0560493 ], [ 73.0855602, 19.0566934 ], [ 73.085699, 19.0572658 ], [ 73.0863046, 19.0582915 ], [ 73.0869229, 19.0591979 ], [ 73.0870869, 19.0597703 ], [ 73.0871879, 19.0605336 ], [ 73.0873772, 19.0616904 ], [ 73.0870743, 19.0622032 ], [ 73.0864056, 19.0632169 ], [ 73.0853835, 19.0647315 ], [ 73.0849545, 19.0652324 ], [ 73.0845634, 19.0657213 ], [ 73.0842797, 19.0657116 ] ] } },
{ "type": "Feature", "properties": { "name": null, "highway": "cycleway" }, "geometry": { "type": "LineString", "coordinates": [ [ 73.0854466, 19.0560493 ], [ 73.0849924, 19.0560493 ], [ 73.0846769, 19.0559301 ] ] } },
{ "type": "Feature", "properties": { "name": null, "highway": "cycleway" }, "geometry": { "type": "LineString", "coordinates": [ [ 73.0849924, 19.0560493 ], [ 73.0848788, 19.0562282 ], [ 73.0845886, 19.0563236 ], [ 73.0842984, 19.0564906 ], [ 73.0839703, 19.0564548 ] ] } },
{ "type": "Feature", "properties": { "name": null, "highway": "service" }, "geometry": { "type": "LineString", "coordinates": [ [ 73.0846769, 19.0559301 ], [ 73.0841722, 19.0558466 ], [ 73.083554, 19.0560136 ], [ 73.0833521, 19.0562044 ], [ 73.0830828, 19.0563853 ] ] } },
{ "type": "Feature", "properties": { "name": null, "highway": "service" }, "geometry": { "type": "LineString", "coordinates": [ [ 73.0839703, 19.0564548 ], [ 73.0834404, 19.0564191 ], [ 73.0831129, 19.0566056 ] ] } },
{ "type": "Feature", "properties": { "name": null, "highway": "cycleway" }, "geometry": { "type": "LineString", "coordinates": [ [ 73.0861911, 19.0534374 ], [ 73.0862475, 19.0534193 ], [ 73.086531, 19.053368 ], [ 73.0872669, 19.0532368 ], [ 73.0875323, 19.0528662 ], [ 73.0876408, 19.0528776 ], [ 73.0880295, 19.0532402 ], [ 73.0881053, 19.053311 ], [ 73.0881898, 19.0536188 ], [ 73.0882259, 19.0537557 ], [ 73.088051, 19.0538925 ], [ 73.0879063, 19.0540065 ], [ 73.0879485, 19.054457 ], [ 73.0879063, 19.054628 ], [ 73.0878039, 19.0546515 ], [ 73.0877072, 19.0546736 ], [ 73.0874237, 19.0546166 ], [ 73.0873996, 19.0547363 ], [ 73.0873875, 19.0548903 ], [ 73.0869834, 19.0548333 ], [ 73.0857508, 19.0545396 ] ] } },
{ "type": "Feature", "properties": { "name": null, "highway": "cycleway" }, "geometry": { "type": "LineString", "coordinates": [ [ 73.088051, 19.0538925 ], [ 73.0881475, 19.0539495 ], [ 73.0882561, 19.0541035 ], [ 73.0882561, 19.0543372 ], [ 73.0882018, 19.054628 ], [ 73.0880872, 19.0547933 ], [ 73.0878942, 19.0547819 ], [ 73.0878039, 19.0546515 ] ] } },
{ "type": "Feature", "properties": { "name": null, "highway": "cycleway" }, "geometry": { "type": "LineString", "coordinates": [ [ 73.0880295, 19.0532402 ], [ 73.0881174, 19.0531969 ], [ 73.0882259, 19.0530943 ], [ 73.0882983, 19.0525641 ], [ 73.0882007, 19.0524879 ], [ 73.0881596, 19.0524557 ], [ 73.0881596, 19.0523018 ], [ 73.0879786, 19.0521193 ], [ 73.0878761, 19.0518343 ], [ 73.0877193, 19.051629 ], [ 73.0875202, 19.0515777 ], [ 73.0874056, 19.0513724 ], [ 73.0873627, 19.0513332 ], [ 73.0872186, 19.0512014 ], [ 73.0871247, 19.0511814 ], [ 73.0870316, 19.0511615 ], [ 73.0869047, 19.0512136 ] ] } },
{ "type": "Feature", "properties": { "name": null, "highway": "cycleway" }, "geometry": { "type": "LineString", "coordinates": [ [ 73.0882007, 19.0524879 ], [ 73.0884069, 19.052336 ], [ 73.0885336, 19.0517886 ], [ 73.0885517, 19.0515948 ], [ 73.0883707, 19.0515663 ], [ 73.0881536, 19.0515606 ], [ 73.0878037, 19.0512755 ], [ 73.0876951, 19.0511216 ], [ 73.0875986, 19.0511159 ], [ 73.0873627, 19.0513332 ] ] } },
{ "type": "Feature", "properties": { "name": null, "highway": "cycleway" }, "geometry": { "type": "LineString", "coordinates": [ [ 73.0871247, 19.0511814 ], [ 73.0871945, 19.0507852 ], [ 73.0873151, 19.0506768 ], [ 73.0874418, 19.0506996 ] ] } },
{ "type": "Feature", "properties": { "name": null, "highway": "cycleway" }, "geometry": { "type": "LineString", "coordinates": [ [ 73.087035, 19.0506652 ], [ 73.0871945, 19.0507852 ] ] } },
{ "type": "Feature", "properties": { "name": null, "highway": "cycleway" }, "geometry": { "type": "LineString", "coordinates": [ [ 73.0879908, 19.0499191 ], [ 73.088238, 19.0501295 ], [ 73.0884371, 19.0500896 ] ] } },
{ "type": "Feature", "properties": { "name": null, "highway": "service" }, "geometry": { "type": "LineString", "coordinates": [ [ 73.0833938, 19.0605936 ], [ 73.0835069, 19.0605845 ], [ 73.0836197, 19.0605691 ] ] } },
{ "type": "Feature", "properties": { "name": null, "highway": "residential" }, "geometry": { "type": "LineString", "coordinates": [ [ 73.083332, 19.0592128 ], [ 73.0834446, 19.0591974 ] ] } },
{ "type": "Feature", "properties": { "name": null, "highway": "cycleway" }, "geometry": { "type": "LineString", "coordinates": [ [ 73.0448971, 19.0384853 ], [ 73.0451893, 19.0386584 ], [ 73.0454401, 19.0387063 ], [ 73.0460701, 19.0394636 ], [ 73.0462145, 19.0394941 ], [ 73.0462673, 19.0398189 ], [ 73.0463882, 19.0400138 ], [ 73.0464373, 19.0400931 ], [ 73.0464736, 19.0402208 ] ] } },
{ "type": "Feature", "properties": { "name": null, "highway": "cycleway" }, "geometry": { "type": "LineString", "coordinates": [ [ 73.0530065, 19.0398407 ], [ 73.0532333, 19.0394506 ] ] } },
{ "type": "Feature", "properties": { "name": null, "highway": "cycleway" }, "geometry": { "type": "LineString", "coordinates": [ [ 73.0532333, 19.0394506 ], [ 73.0533611, 19.0394581 ] ] } },
{ "type": "Feature", "properties": { "name": null, "highway": "cycleway" }, "geometry": { "type": "LineString", "coordinates": [ [ 73.0516539, 19.0409095 ], [ 73.0514265, 19.0409705 ], [ 73.0511573, 19.0410586 ], [ 73.0503601, 19.0412641 ], [ 73.0498735, 19.0410977 ] ] } },
{ "type": "Feature", "properties": { "name": null, "highway": "cycleway" }, "geometry": { "type": "LineString", "coordinates": [ [ 73.0499927, 19.039764 ], [ 73.0497907, 19.0400407 ], [ 73.0497078, 19.0403343 ], [ 73.0498631, 19.0407454 ], [ 73.0498735, 19.0410977 ] ] } },
{ "type": "Feature", "properties": { "name": null, "highway": "path" }, "geometry": { "type": "LineString", "coordinates": [ [ 73.0450444, 19.0345207 ], [ 73.0450957, 19.0345548 ], [ 73.0452753, 19.0346743 ], [ 73.0456235, 19.0350826 ], [ 73.0456277, 19.035299 ], [ 73.0453233, 19.0355146 ], [ 73.0447394, 19.0355583 ] ] } },
{ "type": "Feature", "properties": { "name": null, "highway": "path" }, "geometry": { "type": "LineString", "coordinates": [ [ 73.0452427, 19.0342839 ], [ 73.0455429, 19.0344061 ], [ 73.0456172, 19.0349747 ], [ 73.0456235, 19.0350826 ] ] } },
{ "type": "Feature", "properties": { "name": null, "highway": "cycleway" }, "geometry": { "type": "LineString", "coordinates": [ [ 73.0452427, 19.0342839 ], [ 73.0452058, 19.0338686 ], [ 73.0450552, 19.0338627 ], [ 73.0449172, 19.0338574 ], [ 73.0450189, 19.0343913 ], [ 73.0450459, 19.0344391 ], [ 73.0451924, 19.034445 ], [ 73.0452427, 19.0342839 ] ] } },
{ "type": "Feature", "properties": { "name": null, "highway": "cycleway" }, "geometry": { "type": "LineString", "coordinates": [ [ 73.0450515, 19.0337718 ], [ 73.0450552, 19.0338627 ] ] } },
{ "type": "Feature", "properties": { "name": null, "highway": "path" }, "geometry": { "type": "LineString", "coordinates": [ [ 73.0448583, 19.0362854 ], [ 73.0451748, 19.0362804 ], [ 73.0452123, 19.0363361 ], [ 73.0453062, 19.0363387 ], [ 73.0453518, 19.0364959 ], [ 73.0454617, 19.0366799 ], [ 73.0457829, 19.0367625 ], [ 73.04592, 19.0367979 ], [ 73.0459894, 19.0368157 ], [ 73.0462847, 19.0367085 ], [ 73.0463964, 19.0364806 ], [ 73.0464537, 19.0363638 ] ] } },
{ "type": "Feature", "properties": { "name": null, "highway": "path" }, "geometry": { "type": "LineString", "coordinates": [ [ 73.0464537, 19.0363638 ], [ 73.0466113, 19.0363562 ], [ 73.0469431, 19.0362848 ], [ 73.047024, 19.0361757 ] ] } },
{ "type": "Feature", "properties": { "name": null, "highway": "path" }, "geometry": { "type": "LineString", "coordinates": [ [ 73.0464537, 19.0363638 ], [ 73.0465829, 19.0360038 ], [ 73.0466966, 19.0358375 ], [ 73.0467314, 19.0356365 ], [ 73.0468093, 19.0355874 ], [ 73.0469707, 19.0351998 ], [ 73.0471298, 19.0348975 ], [ 73.0471999, 19.0347301 ], [ 73.0474059, 19.0345539 ], [ 73.0475887, 19.0345397 ], [ 73.0477804, 19.0346633 ], [ 73.0479034, 19.0346332 ], [ 73.0479818, 19.0347375 ] ] } },
{ "type": "Feature", "properties": { "name": null, "highway": "path" }, "geometry": { "type": "LineString", "coordinates": [ [ 73.0454525, 19.0332044 ], [ 73.0460695, 19.0334043 ], [ 73.0463884, 19.0335688 ], [ 73.0465774, 19.0337788 ], [ 73.046622, 19.0341981 ], [ 73.04656, 19.0346584 ], [ 73.0464833, 19.0351632 ], [ 73.0464073, 19.0354965 ], [ 73.0463763, 19.0358707 ], [ 73.0463482, 19.0361977 ], [ 73.0463964, 19.0364806 ] ] } },
{ "type": "Feature", "properties": { "name": null, "highway": "track" }, "geometry": { "type": "LineString", "coordinates": [ [ 73.0488393, 19.029996 ], [ 73.0487664, 19.0298669 ], [ 73.0486823, 19.0298988 ], [ 73.0486014, 19.0299771 ], [ 73.0484552, 19.0301007 ], [ 73.0483418, 19.0302936 ], [ 73.0482193, 19.0304325 ], [ 73.0481937, 19.0304686 ], [ 73.0481945, 19.0305187 ], [ 73.0482091, 19.0306047 ], [ 73.0482106, 19.0307379 ], [ 73.048157, 19.0308426 ], [ 73.0480282, 19.031009 ], [ 73.0478956, 19.0311497 ], [ 73.0476869, 19.0314533 ] ] } },
{ "type": "Feature", "properties": { "name": null, "highway": "residential" }, "geometry": { "type": "LineString", "coordinates": [ [ 73.0456756, 19.0310061 ], [ 73.0456745, 19.0311094 ], [ 73.0457582, 19.0311069 ], [ 73.0459546, 19.031061 ], [ 73.0464714, 19.031091 ], [ 73.0466649, 19.0311345 ], [ 73.047123, 19.0312799 ] ] } },
{ "type": "Feature", "properties": { "name": null, "highway": "path" }, "geometry": { "type": "LineString", "coordinates": [ [ 73.0450017, 19.0313664 ], [ 73.0446495, 19.0313293 ] ] } },
{ "type": "Feature", "properties": { "name": null, "highway": "unclassified" }, "geometry": { "type": "LineString", "coordinates": [ [ 73.0444163, 19.030395 ], [ 73.0444498, 19.0303926 ], [ 73.0445139, 19.0303952 ], [ 73.0446046, 19.0304021 ], [ 73.0446519, 19.0304047 ], [ 73.0447601, 19.0303933 ], [ 73.0448542, 19.0303766 ], [ 73.0449649, 19.0303411 ], [ 73.0452303, 19.0301994 ], [ 73.0453215, 19.0301313 ], [ 73.0453516, 19.0301088 ], [ 73.0454696, 19.0300046 ], [ 73.0455128, 19.0299857 ], [ 73.0455575, 19.0300038 ], [ 73.0455806, 19.0300319 ], [ 73.0455896, 19.0300847 ], [ 73.0455691, 19.0302027 ], [ 73.0455765, 19.0302467 ], [ 73.0456138, 19.0303242 ], [ 73.0456856, 19.0304525 ], [ 73.0457163, 19.0305232 ], [ 73.0457368, 19.0306095 ], [ 73.0457498, 19.0307575 ], [ 73.0457452, 19.0308332 ], [ 73.0457349, 19.0308931 ], [ 73.0456756, 19.0310061 ], [ 73.0454581, 19.0311586 ] ] } },
{ "type": "Feature", "properties": { "name": null, "highway": "path" }, "geometry": { "type": "LineString", "coordinates": [ [ 73.0454401, 19.0387063 ], [ 73.0457775, 19.038676 ], [ 73.0461881, 19.0388375 ], [ 73.0468937, 19.039284 ], [ 73.0469946, 19.0395217 ], [ 73.0469946, 19.0396601 ], [ 73.0468759, 19.0398195 ], [ 73.0465163, 19.0399785 ], [ 73.0463882, 19.0400138 ], [ 73.0462102, 19.0400747 ], [ 73.0459465, 19.0402034 ], [ 73.045641, 19.0404258 ], [ 73.0455866, 19.0407002 ], [ 73.0456293, 19.0409735 ], [ 73.0457787, 19.0411984 ], [ 73.0459188, 19.0414525 ], [ 73.0459845, 19.0415595 ], [ 73.0460758, 19.0417845 ], [ 73.0461041, 19.0422157 ], [ 73.0460544, 19.0424925 ], [ 73.0459701, 19.0432876 ], [ 73.0458854, 19.0437939 ], [ 73.0457703, 19.0441147 ], [ 73.0455852, 19.0446276 ], [ 73.0453521, 19.0450857 ], [ 73.0452473, 19.0452943 ], [ 73.0451768, 19.0456293 ], [ 73.0451841, 19.0459423 ], [ 73.0453374, 19.0465048 ], [ 73.0455337, 19.0469262 ], [ 73.0457807, 19.0472942 ], [ 73.0458413, 19.0473366 ], [ 73.046146, 19.0475807 ], [ 73.0464039, 19.0478043 ], [ 73.0465723, 19.0478863 ] ] } },
{ "type": "Feature", "properties": { "name": null, "highway": "path" }, "geometry": { "type": "LineString", "coordinates": [ [ 73.0465723, 19.0478863 ], [ 73.0470935, 19.0481869 ] ] } },
{ "type": "Feature", "properties": { "name": null, "highway": "path" }, "geometry": { "type": "LineString", "coordinates": [ [ 73.0470235, 19.0484059 ], [ 73.0465501, 19.0485385 ], [ 73.0465812, 19.0489026 ], [ 73.0467077, 19.049236 ], [ 73.046765, 19.0498678 ], [ 73.0468091, 19.050269 ], [ 73.0469172, 19.0511377 ], [ 73.0469412, 19.0514756 ], [ 73.0467914, 19.0521465 ], [ 73.0467341, 19.0523286 ], [ 73.0464932, 19.0522349 ], [ 73.0464603, 19.0520779 ], [ 73.0463027, 19.0518629 ], [ 73.0462321, 19.0518247 ], [ 73.0462413, 19.0519571 ], [ 73.0460443, 19.0518931 ], [ 73.0458941, 19.0518021 ], [ 73.0458435, 19.0515386 ] ] } },
{ "type": "Feature", "properties": { "name": null, "highway": "cycleway" }, "geometry": { "type": "LineString", "coordinates": [ [ 73.046852, 19.052667 ], [ 73.0471458, 19.0526663 ] ] } },
{ "type": "Feature", "properties": { "name": null, "highway": "cycleway" }, "geometry": { "type": "LineString", "coordinates": [ [ 73.044947, 19.0529601 ], [ 73.0450599, 19.0529101 ] ] } },
{ "type": "Feature", "properties": { "name": null, "highway": "cycleway" }, "geometry": { "type": "LineString", "coordinates": [ [ 73.042885, 19.0528393 ], [ 73.0429062, 19.0529226 ], [ 73.0429396, 19.053054 ], [ 73.0431057, 19.0532866 ], [ 73.0431434, 19.0536126 ], [ 73.0433008, 19.0537882 ], [ 73.0434706, 19.0542028 ], [ 73.043618, 19.054309 ], [ 73.0437444, 19.0545004 ], [ 73.0439299, 19.0548112 ], [ 73.0439917, 19.0548519 ], [ 73.0441533, 19.0549583 ], [ 73.0443812, 19.0550134 ], [ 73.0445398, 19.0550517 ], [ 73.0447478, 19.0552251 ], [ 73.0449984, 19.0554086 ], [ 73.0451617, 19.055364 ], [ 73.0453021, 19.0554715 ], [ 73.0454212, 19.0554642 ], [ 73.0455424, 19.0556797 ], [ 73.0458084, 19.0561077 ] ] } },
{ "type": "Feature", "properties": { "name": null, "highway": "cycleway" }, "geometry": { "type": "LineString", "coordinates": [ [ 73.0450021, 19.0572108 ], [ 73.0449211, 19.0573775 ], [ 73.0449801, 19.0575335 ], [ 73.0448696, 19.0576067 ], [ 73.0448133, 19.0576817 ], [ 73.0446801, 19.0578615 ], [ 73.0448135, 19.0580556 ], [ 73.0445977, 19.0582657 ] ] } },
{ "type": "Feature", "properties": { "name": null, "highway": "cycleway" }, "geometry": { "type": "LineString", "coordinates": [ [ 73.0449801, 19.0575335 ], [ 73.0450781, 19.0575863 ], [ 73.0451932, 19.0578096 ], [ 73.0451594, 19.0579427 ], [ 73.0451784, 19.0580877 ], [ 73.0453053, 19.0582237 ], [ 73.0453295, 19.0583062 ], [ 73.0453269, 19.0584093 ], [ 73.0453301, 19.0585461 ], [ 73.0453114, 19.0585975 ], [ 73.0452713, 19.0586594 ] ] } },
{ "type": "Feature", "properties": { "name": null, "highway": "cycleway" }, "geometry": { "type": "LineString", "coordinates": [ [ 73.0455204, 19.0592519 ], [ 73.0455943, 19.0592659 ], [ 73.045657, 19.0593515 ], [ 73.0457164, 19.0593832 ], [ 73.0457263, 19.0595939 ], [ 73.0457431, 19.0596875 ], [ 73.0456465, 19.059794 ], [ 73.0455393, 19.0598085 ], [ 73.0454602, 19.0598566 ], [ 73.045388, 19.0600994 ], [ 73.0454066, 19.0601897 ], [ 73.0454513, 19.0602853 ], [ 73.045457, 19.0603757 ], [ 73.0454743, 19.0604379 ], [ 73.045537, 19.0604626 ] ] } },
{ "type": "Feature", "properties": { "name": null, "highway": "cycleway" }, "geometry": { "type": "LineString", "coordinates": [ [ 73.0455445, 19.0613091 ], [ 73.0454913, 19.0613482 ], [ 73.0454035, 19.0615456 ], [ 73.0452314, 19.0616976 ], [ 73.0451534, 19.0616702 ], [ 73.0450548, 19.0619055 ], [ 73.0448327, 19.0622475 ] ] } },
{ "type": "Feature", "properties": { "name": null, "highway": "cycleway" }, "geometry": { "type": "LineString", "coordinates": [ [ 73.0457478, 19.0690992 ], [ 73.0457993, 19.0692731 ], [ 73.0458158, 19.0694617 ], [ 73.0458923, 19.0694378 ] ] } },
{ "type": "Feature", "properties": { "name": null, "highway": "cycleway" }, "geometry": { "type": "LineString", "coordinates": [ [ 73.0455719, 19.0646243 ], [ 73.0454549, 19.0644599 ], [ 73.0454827, 19.0641804 ] ] } },
{ "type": "Feature", "properties": { "name": null, "highway": "cycleway" }, "geometry": { "type": "LineString", "coordinates": [ [ 73.0455827, 19.0649797 ], [ 73.0456675, 19.0647625 ], [ 73.0457984, 19.064516 ], [ 73.0458391, 19.0644324 ], [ 73.0459011, 19.0643 ], [ 73.0459322, 19.0640986 ] ] } },
{ "type": "Feature", "properties": { "name": null, "highway": "cycleway" }, "geometry": { "type": "LineString", "coordinates": [ [ 73.0455719, 19.0646243 ], [ 73.0456109, 19.0647428 ], [ 73.0455827, 19.0649797 ], [ 73.0455931, 19.0652062 ], [ 73.0457334, 19.0659927 ], [ 73.0456732, 19.0662642 ], [ 73.0456752, 19.0667586 ], [ 73.0458112, 19.0671842 ], [ 73.0458188, 19.0676578 ], [ 73.0458603, 19.068235 ], [ 73.0457478, 19.0690992 ] ] } },
{ "type": "Feature", "properties": { "name": null, "highway": "path" }, "geometry": { "type": "LineString", "coordinates": [ [ 73.0470751, 19.0417359 ], [ 73.0471393, 19.0417656 ], [ 73.0469669, 19.0419694 ], [ 73.0469344, 19.042065 ], [ 73.0470623, 19.0421779 ], [ 73.0471692, 19.0421356 ], [ 73.0473716, 19.042228 ] ] } },
{ "type": "Feature", "properties": { "name": null, "highway": "path" }, "geometry": { "type": "LineString", "coordinates": [ [ 73.0470623, 19.0421779 ], [ 73.0471507, 19.0423063 ], [ 73.0469568, 19.0424356 ], [ 73.0470884, 19.0427845 ], [ 73.0471463, 19.0428637 ], [ 73.0472303, 19.0431865 ], [ 73.0473327, 19.0434128 ], [ 73.0472736, 19.0435761 ], [ 73.0472859, 19.0437637 ], [ 73.0472886, 19.0438047 ], [ 73.0473332, 19.0439703 ], [ 73.0471412, 19.0440311 ], [ 73.0471473, 19.04429 ], [ 73.0470641, 19.0444578 ] ] } },
{ "type": "Feature", "properties": { "name": null, "highway": "path" }, "geometry": { "type": "LineString", "coordinates": [ [ 73.0472859, 19.0437637 ], [ 73.0474427, 19.0438311 ], [ 73.0475709, 19.0438667 ], [ 73.0476291, 19.0439413 ], [ 73.0478836, 19.0440181 ], [ 73.0478898, 19.0442571 ], [ 73.0478804, 19.0443702 ], [ 73.0478979, 19.0444362 ], [ 73.0479991, 19.0445547 ], [ 73.0479626, 19.0446913 ], [ 73.0479993, 19.0449753 ], [ 73.0481205, 19.0451051 ], [ 73.0480836, 19.0452694 ], [ 73.04807, 19.0454371 ], [ 73.0480326, 19.045556 ], [ 73.0480677, 19.0457151 ], [ 73.0482007, 19.0457151 ], [ 73.0482183, 19.0459299 ], [ 73.0483204, 19.0461524 ] ] } },
{ "type": "Feature", "properties": { "name": null, "highway": "path" }, "geometry": { "type": "LineString", "coordinates": [ [ 73.0480326, 19.045556 ], [ 73.0481963, 19.0456559 ], [ 73.0482007, 19.0457151 ] ] } },
{ "type": "Feature", "properties": { "name": null, "highway": "path" }, "geometry": { "type": "LineString", "coordinates": [ [ 73.0481963, 19.0456559 ], [ 73.0483708, 19.0457302 ], [ 73.0485197, 19.0458207 ] ] } },
{ "type": "Feature", "properties": { "name": null, "highway": "path" }, "geometry": { "type": "LineString", "coordinates": [ [ 73.0481963, 19.0456559 ], [ 73.0483878, 19.0455056 ], [ 73.0487287, 19.0454915 ] ] } },
{ "type": "Feature", "properties": { "name": null, "highway": "cycleway" }, "geometry": { "type": "LineString", "coordinates": [ [ 73.048635, 19.045636 ], [ 73.0487231, 19.0459034 ], [ 73.0487038, 19.0463289 ], [ 73.0486392, 19.0465713 ], [ 73.048295, 19.0469745 ], [ 73.0481779, 19.0472624 ], [ 73.0480287, 19.0477457 ], [ 73.0479108, 19.0482161 ], [ 73.0478916, 19.0484374 ], [ 73.0479759, 19.0487015 ], [ 73.0478862, 19.0488969 ], [ 73.0477358, 19.0491965 ], [ 73.047667, 19.0494114 ], [ 73.047667, 19.0496465 ], [ 73.0477423, 19.0499289 ], [ 73.0478053, 19.050034 ], [ 73.0479052, 19.050141 ], [ 73.0479835, 19.0502428 ] ] } },
{ "type": "Feature", "properties": { "name": null, "highway": "cycleway" }, "geometry": { "type": "LineString", "coordinates": [ [ 73.0479108, 19.0482161 ], [ 73.0480569, 19.0483647 ], [ 73.0481724, 19.0484638 ], [ 73.0482529, 19.0487176 ], [ 73.0484076, 19.0488824 ], [ 73.0485207, 19.0490658 ], [ 73.0485853, 19.0491942 ], [ 73.0485761, 19.0494173 ], [ 73.0487365, 19.0497888 ], [ 73.0489054, 19.0498562 ], [ 73.0490261, 19.050137 ] ] } },
{ "type": "Feature", "properties": { "name": null, "highway": "path" }, "geometry": { "type": "LineString", "coordinates": [ [ 73.0468112, 19.0542886 ], [ 73.0467032, 19.0543377 ], [ 73.0467453, 19.0545561 ], [ 73.0467684, 19.0546762 ], [ 73.0468633, 19.0551335 ], [ 73.0469691, 19.0552327 ], [ 73.0470521, 19.055491 ], [ 73.0472674, 19.055352 ], [ 73.0475489, 19.0554579 ], [ 73.0478114, 19.0556869 ], [ 73.0479855, 19.0559668 ], [ 73.0481173, 19.05631 ], [ 73.0481987, 19.0564286 ], [ 73.0483118, 19.0565689 ], [ 73.0483959, 19.0565005 ], [ 73.0485016, 19.0567972 ], [ 73.048488, 19.0569043 ], [ 73.048718, 19.057007 ], [ 73.0488604, 19.0570802 ], [ 73.0489507, 19.0572157 ], [ 73.0491292, 19.0575569 ], [ 73.0492292, 19.0576548 ], [ 73.0493271, 19.0578325 ], [ 73.0493446, 19.0578872 ], [ 73.0493589, 19.057932 ], [ 73.0492773, 19.0581087 ], [ 73.0493418, 19.0584311 ], [ 73.0494281, 19.0586789 ], [ 73.0494532, 19.0588747 ], [ 73.0494484, 19.059019 ], [ 73.0492725, 19.0591607 ], [ 73.0491507, 19.0591866 ], [ 73.0491065, 19.0593878 ], [ 73.0491929, 19.0596492 ], [ 73.0492549, 19.0598777 ], [ 73.0493687, 19.0600213 ], [ 73.0494934, 19.060177 ], [ 73.0495688, 19.0605183 ], [ 73.0497101, 19.0606882 ], [ 73.0497134, 19.0608264 ], [ 73.0496398, 19.0610582 ], [ 73.0494835, 19.0608468 ], [ 73.0493352, 19.0608484 ], [ 73.0492124, 19.0609268 ], [ 73.0490865, 19.0609464 ], [ 73.0490473, 19.0607904 ], [ 73.0489364, 19.0605348 ], [ 73.0488045, 19.0603729 ], [ 73.0487382, 19.0602274 ], [ 73.048699, 19.060112 ], [ 73.0486572, 19.0599533 ], [ 73.0485826, 19.0598272 ], [ 73.0485168, 19.0596785 ], [ 73.0485128, 19.0595136 ], [ 73.048495, 19.0593804 ], [ 73.0484991, 19.0592021 ], [ 73.0484647, 19.0591276 ] ] } },
{ "type": "Feature", "properties": { "name": null, "highway": "cycleway" }, "geometry": { "type": "LineString", "coordinates": [ [ 73.0496398, 19.0610582 ], [ 73.0496661, 19.0612785 ], [ 73.0496979, 19.0617075 ], [ 73.0497366, 19.0619639 ], [ 73.0497329, 19.0620212 ], [ 73.0497335, 19.0621964 ], [ 73.0497874, 19.0623819 ], [ 73.0498987, 19.0626045 ], [ 73.04995, 19.0626398 ], [ 73.0499632, 19.062748 ], [ 73.0499991, 19.0629082 ], [ 73.0501251, 19.0630374 ], [ 73.0501398, 19.0631932 ], [ 73.0502973, 19.0632637 ], [ 73.050473, 19.0635489 ], [ 73.0503949, 19.0636986 ], [ 73.0502365, 19.0637763 ], [ 73.0501386, 19.0639203 ], [ 73.0500434, 19.0640483 ], [ 73.0499237, 19.0642454 ], [ 73.0498685, 19.0643321 ], [ 73.0498281, 19.0643956 ], [ 73.0497239, 19.0644806 ], [ 73.0497788, 19.0643349 ], [ 73.0498504, 19.064145 ] ] } },
{ "type": "Feature", "properties": { "name": null, "highway": "cycleway" }, "geometry": { "type": "LineString", "coordinates": [ [ 73.0497239, 19.0644806 ], [ 73.0493802, 19.0648193 ], [ 73.0492388, 19.0649586 ], [ 73.049131, 19.0651428 ], [ 73.0490219, 19.0652647 ], [ 73.0488716, 19.0648405 ], [ 73.0486539, 19.0647649 ], [ 73.048657, 19.0646397 ], [ 73.0485443, 19.0646178 ], [ 73.0482896, 19.0642183 ] ] } },
{ "type": "Feature", "properties": { "name": null, "highway": "cycleway" }, "geometry": { "type": "LineString", "coordinates": [ [ 73.0499084, 19.0646053 ], [ 73.0500438, 19.0643266 ], [ 73.0502665, 19.0640938 ], [ 73.0504211, 19.0639139 ], [ 73.05044, 19.063829 ], [ 73.0504731, 19.0636805 ], [ 73.050473, 19.0635489 ] ] } },
{ "type": "Feature", "properties": { "name": null, "highway": "cycleway" }, "geometry": { "type": "LineString", "coordinates": [ [ 73.050473, 19.0635489 ], [ 73.0506878, 19.0632985 ], [ 73.051069, 19.0628654 ], [ 73.0511213, 19.0627879 ], [ 73.0512175, 19.0626455 ], [ 73.0513523, 19.0623706 ], [ 73.0513853, 19.0623033 ], [ 73.0514518, 19.0621601 ], [ 73.0515084, 19.062038 ], [ 73.0516366, 19.0617614 ], [ 73.0516406, 19.0617528 ], [ 73.0517924, 19.0614771 ], [ 73.0526059, 19.0599925 ], [ 73.0526855, 19.0599103 ], [ 73.0528621, 19.0599515 ], [ 73.0525424, 19.0606714 ], [ 73.0522324, 19.0612884 ], [ 73.0521208, 19.0615782 ], [ 73.0520355, 19.0617777 ], [ 73.0519518, 19.0619732 ], [ 73.0517973, 19.0621487 ], [ 73.0515938, 19.0623341 ], [ 73.0514533, 19.0624785 ], [ 73.0512674, 19.0628368 ], [ 73.0512887, 19.0630643 ], [ 73.0512583, 19.0632731 ] ] } },
{ "type": "Feature", "properties": { "name": null, "highway": "cycleway" }, "geometry": { "type": "LineString", "coordinates": [ [ 73.0534219, 19.0609838 ], [ 73.0532683, 19.0611462 ], [ 73.0530401, 19.0612373 ], [ 73.05291, 19.0614165 ], [ 73.0528562, 19.0614723 ], [ 73.0527319, 19.0616012 ], [ 73.0527253, 19.0616965 ], [ 73.0525333, 19.0616965 ], [ 73.0523998, 19.0617968 ], [ 73.0523655, 19.0618226 ], [ 73.0520993, 19.0619337 ], [ 73.0519518, 19.0619732 ] ] } },
{ "type": "Feature", "properties": { "name": null, "highway": "cycleway" }, "geometry": { "type": "LineString", "coordinates": [ [ 73.050672, 19.0611133 ], [ 73.0516366, 19.0617614 ], [ 73.0519044, 19.0619414 ], [ 73.0519518, 19.0619732 ] ] } },
{ "type": "Feature", "properties": { "name": null, "highway": "cycleway" }, "geometry": { "type": "LineString", "coordinates": [ [ 73.0511213, 19.0627879 ], [ 73.0512157, 19.0628195 ], [ 73.0512674, 19.0628368 ], [ 73.0514891, 19.0627656 ], [ 73.0515321, 19.0627518 ], [ 73.0519273, 19.0624379 ], [ 73.052118, 19.0624007 ], [ 73.0522289, 19.0622474 ], [ 73.0523201, 19.0621213 ], [ 73.0524478, 19.0619795 ] ] } },
{ "type": "Feature", "properties": { "name": null, "highway": "cycleway" }, "geometry": { "type": "LineString", "coordinates": [ [ 73.0524478, 19.0619795 ], [ 73.0523998, 19.0617968 ] ] } },
{ "type": "Feature", "properties": { "name": null, "highway": "cycleway" }, "geometry": { "type": "LineString", "coordinates": [ [ 73.0514891, 19.0627656 ], [ 73.0514533, 19.0624785 ] ] } },
{ "type": "Feature", "properties": { "name": null, "highway": "cycleway" }, "geometry": { "type": "LineString", "coordinates": [ [ 73.0519273, 19.0624379 ], [ 73.0519554, 19.0621336 ], [ 73.0519518, 19.0619732 ] ] } },
{ "type": "Feature", "properties": { "name": null, "highway": "cycleway" }, "geometry": { "type": "LineString", "coordinates": [ [ 73.0519518, 19.0619732 ], [ 73.0522289, 19.0622474 ] ] } },
{ "type": "Feature", "properties": { "name": null, "highway": "cycleway" }, "geometry": { "type": "LineString", "coordinates": [ [ 73.0534219, 19.0609838 ], [ 73.0536022, 19.0609391 ] ] } },
{ "type": "Feature", "properties": { "name": null, "highway": "cycleway" }, "geometry": { "type": "LineString", "coordinates": [ [ 73.0536022, 19.0609391 ], [ 73.0536723, 19.0608852 ], [ 73.053782, 19.0608402 ], [ 73.0539916, 19.0608742 ], [ 73.0541509, 19.0609021 ], [ 73.054281, 19.0607267 ], [ 73.0546882, 19.0607231 ] ] } },
{ "type": "Feature", "properties": { "name": null, "highway": "track" }, "geometry": { "type": "LineString", "coordinates": [ [ 73.057697, 19.0604966 ], [ 73.0581164, 19.060622 ], [ 73.0586012, 19.060849 ], [ 73.0590362, 19.0613089 ], [ 73.0593568, 19.0615204 ], [ 73.0595298, 19.0618147 ], [ 73.0596872, 19.0618802 ], [ 73.0599723, 19.0618402 ], [ 73.0601472, 19.062053 ], [ 73.0602813, 19.0621485 ], [ 73.0604342, 19.0622574 ], [ 73.060538, 19.0624161 ] ] } },
{ "type": "Feature", "properties": { "name": null, "highway": "cycleway" }, "geometry": { "type": "LineString", "coordinates": [ [ 73.0576291, 19.0614604 ], [ 73.0574986, 19.0614326 ], [ 73.057427, 19.0613537 ], [ 73.057427, 19.0612189 ], [ 73.0570152, 19.0610449 ], [ 73.0566174, 19.060786 ], [ 73.056432, 19.0605882 ] ] } },
{ "type": "Feature", "properties": { "name": null, "highway": "cycleway" }, "geometry": { "type": "LineString", "coordinates": [ [ 73.0560779, 19.0624221 ], [ 73.0561304, 19.0622152 ], [ 73.0563517, 19.0621198 ], [ 73.0569566, 19.0622046 ], [ 73.0573129, 19.0622305 ], [ 73.0575987, 19.0619826 ], [ 73.0578163, 19.0621054 ], [ 73.0579384, 19.0622655 ], [ 73.0582603, 19.062252 ], [ 73.0583592, 19.0625243 ], [ 73.0588225, 19.0623691 ] ] } },
{ "type": "Feature", "properties": { "name": null, "highway": "cycleway" }, "geometry": { "type": "LineString", "coordinates": [ [ 73.0529654, 19.0639315 ], [ 73.0532109, 19.063766 ], [ 73.0537005, 19.063766 ], [ 73.0538868, 19.0637939 ], [ 73.0537465, 19.0639794 ], [ 73.0537495, 19.0641991 ], [ 73.0537861, 19.0643414 ] ] } },
{ "type": "Feature", "properties": { "name": null, "highway": "cycleway" }, "geometry": { "type": "LineString", "coordinates": [ [ 73.0538868, 19.0637939 ], [ 73.053935, 19.063483 ], [ 73.0537839, 19.0632258 ], [ 73.0538092, 19.0629035 ], [ 73.0539513, 19.0627291 ], [ 73.053947, 19.0624566 ], [ 73.0538709, 19.0621569 ], [ 73.0537286, 19.0617901 ], [ 73.0537261, 19.0614852 ], [ 73.0536637, 19.0612949 ], [ 73.0536022, 19.0609391 ] ] } },
{ "type": "Feature", "properties": { "name": null, "highway": "cycleway" }, "geometry": { "type": "LineString", "coordinates": [ [ 73.0529654, 19.0639315 ], [ 73.0525501, 19.0641203 ], [ 73.0518717, 19.0643101 ], [ 73.0514023, 19.06432 ], [ 73.0511517, 19.0643149 ], [ 73.0509402, 19.0640548 ], [ 73.0506627, 19.063656 ], [ 73.0505453, 19.0635897 ], [ 73.050473, 19.0635489 ] ] } },
{ "type": "Feature", "properties": { "name": null, "highway": "service" }, "geometry": { "type": "LineString", "coordinates": [ [ 73.0467277, 19.0593866 ], [ 73.0468747, 19.0597412 ], [ 73.047075, 19.0602511 ], [ 73.0471488, 19.0605997 ], [ 73.047237, 19.0607098 ], [ 73.0471223, 19.0610849 ], [ 73.0470852, 19.0612193 ], [ 73.0470054, 19.0615087 ], [ 73.0468457, 19.0617641 ], [ 73.0467588, 19.0619033 ], [ 73.0466228, 19.0620442 ], [ 73.0464311, 19.0621207 ], [ 73.0463032, 19.0621905 ], [ 73.0462674, 19.0623 ], [ 73.046255, 19.062338 ] ] } },
{ "type": "Feature", "properties": { "name": null, "highway": "cycleway" }, "geometry": { "type": "LineString", "coordinates": [ [ 73.0646759, 19.0731784 ], [ 73.0644788, 19.073231 ], [ 73.0643064, 19.0735781 ], [ 73.0642591, 19.0736872 ], [ 73.0640367, 19.0738396 ] ] } },
{ "type": "Feature", "properties": { "name": null, "highway": "cycleway" }, "geometry": { "type": "LineString", "coordinates": [ [ 73.0640367, 19.0738396 ], [ 73.0639804, 19.0739596 ], [ 73.0638313, 19.0739925 ], [ 73.0636936, 19.0739846 ], [ 73.0636266, 19.0740685 ], [ 73.0635024, 19.0740161 ], [ 73.0634062, 19.0742901 ], [ 73.0632369, 19.0742705 ], [ 73.063118, 19.0743997 ], [ 73.0630002, 19.0743426 ], [ 73.0627792, 19.0744997 ], [ 73.0627071, 19.074551 ], [ 73.062466, 19.0746555 ], [ 73.0623402, 19.0747552 ], [ 73.0621809, 19.0748815 ], [ 73.0618741, 19.075212 ], [ 73.0617167, 19.0752165 ], [ 73.0617489, 19.0754162 ], [ 73.0615488, 19.0755541 ] ] } },
{ "type": "Feature", "properties": { "name": null, "highway": "cycleway" }, "geometry": { "type": "LineString", "coordinates": [ [ 73.0642591, 19.0736872 ], [ 73.064391, 19.0738672 ], [ 73.0645158, 19.0737716 ], [ 73.0646209, 19.073406 ], [ 73.0647599, 19.0733457 ], [ 73.0646759, 19.0731784 ] ] } },
{ "type": "Feature", "properties": { "name": null, "highway": "cycleway" }, "geometry": { "type": "LineString", "coordinates": [ [ 73.0644788, 19.073231 ], [ 73.0642875, 19.0731051 ], [ 73.0640878, 19.0732744 ], [ 73.064089, 19.0733376 ], [ 73.0639347, 19.0734134 ], [ 73.0639325, 19.0734948 ], [ 73.0636662, 19.0737046 ], [ 73.0634548, 19.0737059 ], [ 73.0633683, 19.0738974 ], [ 73.063145, 19.0740471 ], [ 73.0628971, 19.0742684 ], [ 73.0627596, 19.0743808 ], [ 73.0627792, 19.0744997 ] ] } },
{ "type": "Feature", "properties": { "name": null, "highway": "cycleway" }, "geometry": { "type": "LineString", "coordinates": [ [ 73.0618184, 19.074703 ], [ 73.0621809, 19.0748815 ], [ 73.0623524, 19.0750792 ], [ 73.0631043, 19.0754979 ], [ 73.0633248, 19.0756132 ] ] } },
{ "type": "Feature", "properties": { "name": null, "highway": "cycleway" }, "geometry": { "type": "LineString", "coordinates": [ [ 73.0623402, 19.0747552 ], [ 73.0625187, 19.0749064 ], [ 73.0628611, 19.0746822 ], [ 73.0630448, 19.0745319 ], [ 73.0632518, 19.0746053 ], [ 73.0634789, 19.0750513 ], [ 73.0637019, 19.0749633 ], [ 73.0638583, 19.0747987 ], [ 73.0641279, 19.0746027 ], [ 73.0645013, 19.0749127 ], [ 73.0648391, 19.0746196 ], [ 73.0651509, 19.0742946 ], [ 73.0653299, 19.0741183 ], [ 73.0654006, 19.0740487 ], [ 73.0657337, 19.0740791 ] ] } },
{ "type": "Feature", "properties": { "name": null, "highway": "cycleway" }, "geometry": { "type": "LineString", "coordinates": [ [ 73.065017, 19.0729741 ], [ 73.0651184, 19.0732175 ], [ 73.0651774, 19.0735734 ], [ 73.0652686, 19.0740204 ], [ 73.0653299, 19.0741183 ], [ 73.0654645, 19.0743666 ], [ 73.0656499, 19.0746659 ], [ 73.0658877, 19.0751166 ], [ 73.066087, 19.0754193 ], [ 73.0665225, 19.075955 ], [ 73.0668119, 19.0761833 ] ] } },
{ "type": "Feature", "properties": { "name": null, "highway": "cycleway" }, "geometry": { "type": "LineString", "coordinates": [ [ 73.0684549, 19.0712105 ], [ 73.0682063, 19.0715284 ], [ 73.0680237, 19.0716255 ], [ 73.0678582, 19.0714875 ], [ 73.0677841, 19.0714745 ] ] } },
{ "type": "Feature", "properties": { "name": null, "highway": "cycleway" }, "geometry": { "type": "LineString", "coordinates": [ [ 73.0676357, 19.0715932 ], [ 73.0677444, 19.0717899 ], [ 73.0678754, 19.0718736 ] ] } },
{ "type": "Feature", "properties": { "name": null, "highway": "cycleway" }, "geometry": { "type": "LineString", "coordinates": [ [ 73.0671303, 19.0711341 ], [ 73.0671349, 19.0714556 ], [ 73.0672787, 19.071765 ], [ 73.0676357, 19.0715932 ] ] } },
{ "type": "Feature", "properties": { "name": null, "highway": "cycleway" }, "geometry": { "type": "LineString", "coordinates": [ [ 73.0672787, 19.071765 ], [ 73.0674417, 19.072003 ] ] } },
{ "type": "Feature", "properties": { "name": null, "highway": "cycleway" }, "geometry": { "type": "LineString", "coordinates": [ [ 73.065804, 19.0712986 ], [ 73.0660572, 19.0713173 ], [ 73.0664892, 19.0719477 ], [ 73.0666291, 19.0720326 ] ] } },
{ "type": "Feature", "properties": { "name": null, "highway": "cycleway" }, "geometry": { "type": "LineString", "coordinates": [ [ 73.0652568, 19.0727169 ], [ 73.0662218, 19.0733082 ], [ 73.0667281, 19.073748 ], [ 73.0672533, 19.0740758 ], [ 73.0676327, 19.0740432 ] ] } },
{ "type": "Feature", "properties": { "name": null, "highway": "cycleway" }, "geometry": { "type": "LineString", "coordinates": [ [ 73.0690483, 19.0737519 ], [ 73.0686487, 19.0738483 ], [ 73.068199, 19.0740134 ], [ 73.0676327, 19.0740432 ] ] } },
{ "type": "Feature", "properties": { "name": null, "highway": "cycleway" }, "geometry": { "type": "LineString", "coordinates": [ [ 73.0544538, 19.0528734 ], [ 73.0541309, 19.0529591 ], [ 73.0537225, 19.0529299 ], [ 73.0535344, 19.0529381 ], [ 73.0531543, 19.0529799 ], [ 73.0528491, 19.0530361 ], [ 73.0524945, 19.0531484 ], [ 73.0522659, 19.0531473 ], [ 73.0520385, 19.053232 ], [ 73.0518213, 19.0532599 ], [ 73.0515209, 19.0532726 ], [ 73.0513136, 19.053257 ], [ 73.05136, 19.0534473 ], [ 73.0513686, 19.0537369 ], [ 73.0511703, 19.0538151 ], [ 73.0507867, 19.0536614 ], [ 73.0505451, 19.0535528 ], [ 73.0504462, 19.0533684 ], [ 73.0503269, 19.053146 ] ] } },
{ "type": "Feature", "properties": { "name": null, "highway": "cycleway" }, "geometry": { "type": "LineString", "coordinates": [ [ 73.0544538, 19.0528734 ], [ 73.0549647, 19.0527674 ], [ 73.0551231, 19.0526743 ], [ 73.0552733, 19.0526236 ], [ 73.0555576, 19.0525475 ], [ 73.0558124, 19.0524537 ], [ 73.0560592, 19.0523244 ], [ 73.0563827, 19.0522235 ], [ 73.0566739, 19.0521113 ], [ 73.0568138, 19.0520576 ], [ 73.0570181, 19.051888 ], [ 73.0574579, 19.0516708 ] ] } },
{ "type": "Feature", "properties": { "name": null, "highway": "cycleway" }, "geometry": { "type": "LineString", "coordinates": [ [ 73.0544538, 19.0528734 ], [ 73.0544551, 19.0525649 ], [ 73.0549647, 19.0527674 ] ] } },
{ "type": "Feature", "properties": { "name": null, "highway": "cycleway" }, "geometry": { "type": "LineString", "coordinates": [ [ 73.0544551, 19.0525649 ], [ 73.054102, 19.0524882 ] ] } },
{ "type": "Feature", "properties": { "name": null, "highway": "cycleway" }, "geometry": { "type": "LineString", "coordinates": [ [ 73.0537861, 19.0643414 ], [ 73.0538768, 19.0644321 ] ] } },
{ "type": "Feature", "properties": { "name": null, "highway": "cycleway" }, "geometry": { "type": "LineString", "coordinates": [ [ 73.0504462, 19.0533684 ], [ 73.0500318, 19.0535287 ], [ 73.0498423, 19.0536297 ], [ 73.0498046, 19.0535747 ], [ 73.0495476, 19.0536499 ], [ 73.0494746, 19.0537345 ], [ 73.0496435, 19.0538345 ], [ 73.0497564, 19.053922 ], [ 73.0497199, 19.0539643 ], [ 73.0497421, 19.0540304 ] ] } },
{ "type": "Feature", "properties": { "name": null, "highway": "path" }, "geometry": { "type": "LineString", "coordinates": [ [ 73.0497421, 19.0540304 ], [ 73.049781, 19.0540337 ], [ 73.0497813, 19.0541186 ], [ 73.0498968, 19.054198 ], [ 73.0499345, 19.0542872 ], [ 73.0499953, 19.0544406 ], [ 73.0500928, 19.0545326 ], [ 73.0501361, 19.0545882 ], [ 73.0501223, 19.0547749 ], [ 73.0500971, 19.0548204 ], [ 73.0500361, 19.0548583 ], [ 73.0499807, 19.054917 ], [ 73.0499228, 19.05499 ], [ 73.0499047, 19.05509 ], [ 73.0498934, 19.0551234 ], [ 73.0498459, 19.0552187 ], [ 73.0498289, 19.0552541 ], [ 73.0498219, 19.055388 ], [ 73.0497635, 19.0554482 ], [ 73.0497592, 19.0554955 ], [ 73.0497199, 19.0555603 ], [ 73.0496862, 19.0556374 ], [ 73.0496725, 19.0556815 ], [ 73.0496761, 19.0557635 ], [ 73.049626, 19.0558208 ], [ 73.0495946, 19.0558742 ], [ 73.0495416, 19.0559304 ], [ 73.0495138, 19.0559974 ], [ 73.0494808, 19.0560614 ], [ 73.0494591, 19.0561145 ], [ 73.0494291, 19.0561727 ], [ 73.0494323, 19.0562428 ], [ 73.0493765, 19.056304 ], [ 73.0493589, 19.0564969 ], [ 73.0493903, 19.0565451 ], [ 73.0493883, 19.0566089 ], [ 73.0493438, 19.0566804 ], [ 73.0493307, 19.0567596 ], [ 73.0493483, 19.0568012 ], [ 73.0493906, 19.0568713 ], [ 73.0493993, 19.0569719 ], [ 73.0494011, 19.0570323 ], [ 73.0494445, 19.0571215 ], [ 73.0494782, 19.0572032 ], [ 73.0494701, 19.0572629 ], [ 73.0494892, 19.0573346 ], [ 73.049462, 19.0573743 ], [ 73.0494806, 19.0574348 ], [ 73.0493731, 19.0574446 ], [ 73.0493742, 19.0573999 ], [ 73.0492931, 19.0573985 ], [ 73.0492925, 19.0573199 ], [ 73.0492198, 19.0573395 ] ] } },
{ "type": "Feature", "properties": { "name": null, "highway": "cycleway" }, "geometry": { "type": "LineString", "coordinates": [ [ 73.0494806, 19.0574348 ], [ 73.0495035, 19.0575173 ], [ 73.0495281, 19.0575541 ], [ 73.049505, 19.057611 ], [ 73.0495079, 19.0576835 ], [ 73.0494876, 19.0577191 ], [ 73.0494519, 19.0577689 ], [ 73.0494573, 19.0577932 ], [ 73.0494228, 19.0578376 ], [ 73.0493446, 19.0578872 ] ] } },
{ "type": "Feature", "properties": { "name": null, "highway": "cycleway" }, "geometry": { "type": "LineString", "coordinates": [ [ 73.0494876, 19.0577191 ], [ 73.0495168, 19.0577531 ], [ 73.0495232, 19.057819 ], [ 73.0495627, 19.0578743 ], [ 73.0495897, 19.057971 ], [ 73.0497236, 19.0581257 ], [ 73.0497386, 19.058163 ], [ 73.0497416, 19.0583283 ], [ 73.0497875, 19.0583798 ], [ 73.0498489, 19.0584086 ], [ 73.0498967, 19.0584411 ], [ 73.0499711, 19.0585091 ], [ 73.0499622, 19.0585632 ], [ 73.0499765, 19.0586024 ], [ 73.0500108, 19.0586369 ], [ 73.050047, 19.0586956 ], [ 73.0501018, 19.058769 ], [ 73.0501019, 19.0588033 ], [ 73.0500692, 19.0588593 ], [ 73.0500594, 19.058937 ], [ 73.0500353, 19.0589791 ], [ 73.0500178, 19.0589993 ], [ 73.0500173, 19.0592125 ], [ 73.0500051, 19.0592543 ], [ 73.0499788, 19.0592793 ], [ 73.0499709, 19.0593899 ], [ 73.0500195, 19.0594518 ], [ 73.0500663, 19.0595372 ], [ 73.0500819, 19.0595972 ], [ 73.0500489, 19.0596572 ], [ 73.0500897, 19.0596975 ], [ 73.0500814, 19.0598589 ], [ 73.0500828, 19.0599354 ], [ 73.0500845, 19.0600406 ], [ 73.0500833, 19.0600744 ], [ 73.0501364, 19.0601936 ], [ 73.0501311, 19.060275 ], [ 73.0501563, 19.0603409 ], [ 73.0502139, 19.060433 ], [ 73.0502157, 19.0605922 ], [ 73.050216, 19.0606177 ], [ 73.0502024, 19.0607821 ], [ 73.0501922, 19.0608231 ], [ 73.0501583, 19.0609813 ], [ 73.0501119, 19.061036 ], [ 73.0500654, 19.0610683 ], [ 73.0499079, 19.0610844 ], [ 73.0498244, 19.0610721 ], [ 73.0497337, 19.061099 ], [ 73.0496398, 19.0610582 ] ] } },
{ "type": "Feature", "properties": { "name": null, "highway": "cycleway" }, "geometry": { "type": "LineString", "coordinates": [ [ 73.0458572, 19.056319 ], [ 73.0457206, 19.0566237 ], [ 73.0456076, 19.0568604 ], [ 73.0453781, 19.0568806 ], [ 73.0452826, 19.0569086 ], [ 73.0451209, 19.0570479 ], [ 73.0450021, 19.0572108 ] ] } },
{ "type": "Feature", "properties": { "name": null, "highway": "cycleway" }, "geometry": { "type": "LineString", "coordinates": [ [ 73.0452383, 19.0538511 ], [ 73.0451421, 19.0540598 ], [ 73.0451161, 19.0542288 ], [ 73.0452384, 19.0544176 ], [ 73.0456264, 19.0545233 ], [ 73.0457378, 19.0547314 ] ] } },
{ "type": "Feature", "properties": { "name": null, "highway": "cycleway" }, "geometry": { "type": "LineString", "coordinates": [ [ 73.0494126, 19.0411258 ], [ 73.0494585, 19.0403359 ], [ 73.0494368, 19.0396904 ], [ 73.0493964, 19.0390258 ], [ 73.049449, 19.0385113 ], [ 73.0496032, 19.0383308 ] ] } },
{ "type": "Feature", "properties": { "name": null, "highway": "cycleway" }, "geometry": { "type": "LineString", "coordinates": [ [ 73.0513136, 19.053257 ], [ 73.0511371, 19.0533998 ], [ 73.0506355, 19.0532528 ] ] } },
{ "type": "Feature", "properties": { "name": null, "highway": "cycleway" }, "geometry": { "type": "LineString", "coordinates": [ [ 73.0501119, 19.061036 ], [ 73.0501533, 19.0611527 ], [ 73.0500972, 19.061439 ], [ 73.0501555, 19.0617003 ], [ 73.0501981, 19.061987 ], [ 73.0502747, 19.0621457 ], [ 73.0502342, 19.0622884 ], [ 73.0502187, 19.062343 ], [ 73.0502468, 19.0624609 ], [ 73.0505313, 19.0626049 ], [ 73.0502881, 19.0625938 ], [ 73.0500373, 19.0624889 ], [ 73.0498325, 19.062305 ] ] } },
{ "type": "Feature", "properties": { "name": null, "highway": "cycleway" }, "geometry": { "type": "LineString", "coordinates": [ [ 73.04995, 19.0626398 ], [ 73.0500373, 19.0624889 ] ] } },
{ "type": "Feature", "properties": { "name": null, "highway": "cycleway" }, "geometry": { "type": "LineString", "coordinates": [ [ 73.0498244, 19.0610721 ], [ 73.0498831, 19.061331 ], [ 73.0499888, 19.0616569 ], [ 73.0499786, 19.0618807 ], [ 73.0500388, 19.0620442 ], [ 73.0499357, 19.0621146 ], [ 73.0498656, 19.0621418 ], [ 73.0498029, 19.0621661 ], [ 73.0497639, 19.0621761 ], [ 73.0497335, 19.0621964 ] ] } },
{ "type": "Feature", "properties": { "name": null, "highway": "cycleway" }, "geometry": { "type": "LineString", "coordinates": [ [ 73.0498244, 19.0610721 ], [ 73.0498808, 19.0608832 ], [ 73.0499219, 19.0607337 ], [ 73.0500963, 19.0606777 ], [ 73.0502157, 19.0605922 ], [ 73.05031, 19.0605246 ], [ 73.050472, 19.0607003 ], [ 73.0503168, 19.0609579 ], [ 73.0501533, 19.0611527 ] ] } },
{ "type": "Feature", "properties": { "name": null, "highway": "cycleway" }, "geometry": { "type": "LineString", "coordinates": [ [ 73.050472, 19.0607003 ], [ 73.0505729, 19.0603926 ], [ 73.0505702, 19.0598164 ], [ 73.0505437, 19.0590423 ], [ 73.050469, 19.0586838 ], [ 73.0504456, 19.0585502 ], [ 73.0502828, 19.0584448 ], [ 73.0503266, 19.0582485 ], [ 73.0503923, 19.0578975 ], [ 73.0504195, 19.0577641 ], [ 73.0504764, 19.0574842 ], [ 73.050534, 19.0573945 ], [ 73.0505766, 19.057328 ], [ 73.0508292, 19.0570826 ], [ 73.0511878, 19.0569918 ], [ 73.0513209, 19.0568449 ], [ 73.0514032, 19.0567864 ], [ 73.0515518, 19.0568084 ], [ 73.0515861, 19.0568134 ], [ 73.0518069, 19.0566704 ], [ 73.0518428, 19.0566639 ], [ 73.0519963, 19.056636 ], [ 73.0522552, 19.0565133 ], [ 73.0523772, 19.0564462 ], [ 73.0525037, 19.0565888 ], [ 73.0525788, 19.0566708 ], [ 73.052887, 19.0570436 ], [ 73.0532161, 19.0574079 ], [ 73.0534617, 19.0573577 ], [ 73.0535974, 19.0573695 ], [ 73.053601, 19.0571506 ], [ 73.0536446, 19.0570522 ], [ 73.0535198, 19.0568331 ], [ 73.0534375, 19.0566232 ], [ 73.0533166, 19.0563041 ], [ 73.0533166, 19.0559786 ], [ 73.0533311, 19.0554632 ], [ 73.0531663, 19.0554783 ], [ 73.0526829, 19.0557312 ], [ 73.0527229, 19.0555925 ], [ 73.0527693, 19.0554313 ], [ 73.0528748, 19.055204 ], [ 73.0529762, 19.0549363 ], [ 73.053127, 19.0549764 ] ] } },
{ "type": "Feature", "properties": { "name": null, "highway": "cycleway" }, "geometry": { "type": "LineString", "coordinates": [ [ 73.0526829, 19.0557312 ], [ 73.0526403, 19.0558948 ], [ 73.052688, 19.0562055 ] ] } },
{ "type": "Feature", "properties": { "name": null, "highway": "cycleway" }, "geometry": { "type": "LineString", "coordinates": [ [ 73.0527229, 19.0555925 ], [ 73.0525873, 19.0556782 ], [ 73.0524478, 19.0557925 ], [ 73.0524184, 19.0560496 ], [ 73.0522009, 19.0562695 ], [ 73.0520975, 19.0564248 ], [ 73.0520515, 19.0565222 ], [ 73.0519301, 19.0565848 ], [ 73.0518428, 19.0566639 ] ] } },
{ "type": "Feature", "properties": { "name": null, "highway": "cycleway" }, "geometry": { "type": "LineString", "coordinates": [ [ 73.0518428, 19.0566639 ], [ 73.051972, 19.0567284 ], [ 73.0520618, 19.0568259 ], [ 73.0522069, 19.0572518 ], [ 73.0523943, 19.0576096 ], [ 73.0525085, 19.0578352 ], [ 73.0525805, 19.0580427 ], [ 73.0527578, 19.0582994 ], [ 73.0529813, 19.0584509 ], [ 73.0531384, 19.0586722 ], [ 73.053096, 19.0587812 ], [ 73.0530201, 19.0588513 ], [ 73.0530101, 19.0590107 ], [ 73.053037, 19.0591094 ], [ 73.0530116, 19.0591628 ], [ 73.0530381, 19.0592484 ], [ 73.0531278, 19.059408 ], [ 73.0533767, 19.0600887 ], [ 73.0534487, 19.0602095 ], [ 73.0537055, 19.0603182 ], [ 73.0539966, 19.060335 ], [ 73.0541214, 19.0603242 ], [ 73.0541491, 19.060506 ], [ 73.0542803, 19.0605633 ], [ 73.054633, 19.0605952 ], [ 73.0546882, 19.0607231 ] ] } },
{ "type": "Feature", "properties": { "name": null, "highway": "cycleway" }, "geometry": { "type": "LineString", "coordinates": [ [ 73.0508292, 19.0570826 ], [ 73.0505505, 19.0571321 ], [ 73.0502926, 19.0571585 ], [ 73.0501394, 19.057274 ], [ 73.0499537, 19.0573481 ], [ 73.0497301, 19.0572951 ], [ 73.0496899, 19.0573365 ], [ 73.0496569, 19.0573972 ], [ 73.0495963, 19.0573519 ], [ 73.0494806, 19.0574348 ] ] } },
{ "type": "Feature", "properties": { "name": null, "highway": "cycleway" }, "geometry": { "type": "LineString", "coordinates": [ [ 73.0494876, 19.0577191 ], [ 73.0495585, 19.0576936 ], [ 73.0496498, 19.0575586 ], [ 73.0497171, 19.057466 ], [ 73.0496569, 19.0573972 ] ] } },
{ "type": "Feature", "properties": { "name": null, "highway": "cycleway" }, "geometry": { "type": "LineString", "coordinates": [ [ 73.0497171, 19.057466 ], [ 73.0499237, 19.0574409 ], [ 73.0501603, 19.0573374 ], [ 73.0503253, 19.0574084 ], [ 73.0503866, 19.0574122 ], [ 73.050534, 19.0573945 ] ] } },
{ "type": "Feature", "properties": { "name": null, "highway": "cycleway" }, "geometry": { "type": "LineString", "coordinates": [ [ 73.0504195, 19.0577641 ], [ 73.0506906, 19.057657 ], [ 73.0508227, 19.0577163 ], [ 73.0511055, 19.0574807 ], [ 73.0513777, 19.0571253 ], [ 73.0515341, 19.0569294 ], [ 73.0515518, 19.0568084 ] ] } },
{ "type": "Feature", "properties": { "name": null, "highway": "cycleway" }, "geometry": { "type": "LineString", "coordinates": [ [ 73.0493765, 19.056304 ], [ 73.0498175, 19.0565163 ], [ 73.0498922, 19.0565126 ], [ 73.0500474, 19.0565723 ], [ 73.0507314, 19.0568931 ], [ 73.0508955, 19.0568908 ], [ 73.0509919, 19.0566472 ], [ 73.0512833, 19.0566928 ], [ 73.0513391, 19.0567015 ], [ 73.0515666, 19.0566013 ], [ 73.0516496, 19.0566031 ], [ 73.0518428, 19.0566639 ] ] } },
{ "type": "Feature", "properties": { "name": null, "highway": "cycleway" }, "geometry": { "type": "LineString", "coordinates": [ [ 73.0508292, 19.0570826 ], [ 73.0509038, 19.0569231 ], [ 73.0508955, 19.0568908 ] ] } },
{ "type": "Feature", "properties": { "name": null, "highway": "cycleway" }, "geometry": { "type": "LineString", "coordinates": [ [ 73.0511878, 19.0569918 ], [ 73.0511775, 19.0568857 ], [ 73.0508955, 19.0568908 ] ] } },
{ "type": "Feature", "properties": { "name": null, "highway": "cycleway" }, "geometry": { "type": "LineString", "coordinates": [ [ 73.0511775, 19.0568857 ], [ 73.0512833, 19.0566928 ], [ 73.0513597, 19.0565386 ], [ 73.051462, 19.0564553 ], [ 73.0514697, 19.0563898 ], [ 73.0516815, 19.0563459 ], [ 73.0517699, 19.0563007 ], [ 73.052054, 19.056352 ], [ 73.0521767, 19.0561678 ] ] } },
{ "type": "Feature", "properties": { "name": null, "highway": "cycleway" }, "geometry": { "type": "LineString", "coordinates": [ [ 73.0519963, 19.056636 ], [ 73.0521889, 19.0567096 ], [ 73.0523657, 19.0568997 ], [ 73.052576, 19.0569583 ], [ 73.0527339, 19.0569992 ], [ 73.052887, 19.0570436 ] ] } },
{ "type": "Feature", "properties": { "name": null, "highway": "cycleway" }, "geometry": { "type": "LineString", "coordinates": [ [ 73.0535974, 19.0573695 ], [ 73.0537055, 19.0574542 ], [ 73.0538288, 19.0574644 ] ] } },
{ "type": "Feature", "properties": { "name": null, "highway": "cycleway" }, "geometry": { "type": "LineString", "coordinates": [ [ 73.054538, 19.0576088 ], [ 73.0545801, 19.057735 ], [ 73.0547956, 19.0576922 ], [ 73.0549505, 19.0577951 ], [ 73.0550363, 19.0577099 ], [ 73.055272, 19.0577477 ], [ 73.0552918, 19.0578255 ], [ 73.0553854, 19.0577942 ], [ 73.0554698, 19.0578027 ], [ 73.055507, 19.0577351 ], [ 73.0555957, 19.0576531 ], [ 73.0556932, 19.0576704 ], [ 73.0557735, 19.057701 ], [ 73.0557957, 19.0577636 ], [ 73.055628, 19.0578752 ], [ 73.0555762, 19.058012 ], [ 73.0554268, 19.0581861 ], [ 73.0554246, 19.0582606 ], [ 73.0554663, 19.0582606 ], [ 73.0554506, 19.0583627 ], [ 73.0554006, 19.058457 ] ] } },
{ "type": "Feature", "properties": { "name": null, "highway": "cycleway" }, "geometry": { "type": "LineString", "coordinates": [ [ 73.0554006, 19.058457 ], [ 73.055416, 19.0585178 ], [ 73.0556224, 19.0586084 ], [ 73.0555808, 19.0589024 ], [ 73.0556888, 19.0590459 ], [ 73.0557896, 19.059316 ], [ 73.0557304, 19.0596902 ], [ 73.0555687, 19.0601613 ], [ 73.0551271, 19.0603285 ], [ 73.054633, 19.0605952 ] ] } },
{ "type": "Feature", "properties": { "name": null, "highway": "cycleway" }, "geometry": { "type": "LineString", "coordinates": [ [ 73.0561272, 19.0605714 ], [ 73.0561325, 19.0601449 ], [ 73.056189, 19.0597096 ], [ 73.0564463, 19.0592158 ], [ 73.0563864, 19.0587649 ], [ 73.0564836, 19.0583176 ], [ 73.0564231, 19.0579682 ], [ 73.0566873, 19.0578207 ], [ 73.0568871, 19.0576583 ], [ 73.056747, 19.0574157 ], [ 73.0561868, 19.0576273 ], [ 73.0560608, 19.0576959 ], [ 73.0559752, 19.0577425 ], [ 73.0558442, 19.0579101 ], [ 73.0556193, 19.0581747 ], [ 73.0556059, 19.058411 ], [ 73.0556224, 19.0586084 ], [ 73.0558952, 19.0586327 ], [ 73.0561006, 19.0588338 ], [ 73.056205, 19.0590505 ], [ 73.0564463, 19.0592158 ] ] } },
{ "type": "Feature", "properties": { "name": null, "highway": "cycleway" }, "geometry": { "type": "LineString", "coordinates": [ [ 73.056189, 19.0597096 ], [ 73.0560912, 19.0593721 ], [ 73.0559842, 19.059114 ], [ 73.056205, 19.0590505 ] ] } },
{ "type": "Feature", "properties": { "name": null, "highway": "cycleway" }, "geometry": { "type": "LineString", "coordinates": [ [ 73.0492725, 19.0591607 ], [ 73.0494447, 19.0592598 ], [ 73.049576, 19.059232 ], [ 73.0495758, 19.0590268 ], [ 73.0496532, 19.0591482 ], [ 73.0497272, 19.0594135 ], [ 73.0499622, 19.0597077 ], [ 73.0500814, 19.0598589 ] ] } },
{ "type": "Feature", "properties": { "name": null, "highway": "cycleway" }, "geometry": { "type": "LineString", "coordinates": [ [ 73.0682063, 19.0715284 ], [ 73.0683091, 19.0715284 ], [ 73.068431, 19.0717909 ] ] } },
{ "type": "Feature", "properties": { "name": null, "highway": "residential" }, "geometry": { "type": "LineString", "coordinates": [ [ 73.0455896, 19.0300847 ], [ 73.0458231, 19.0298806 ], [ 73.0463126, 19.0297264 ] ] } },
{ "type": "Feature", "properties": { "name": null, "highway": "path" }, "geometry": { "type": "LineString", "coordinates": [ [ 73.0635006, 19.0594674 ], [ 73.063586, 19.0594883 ], [ 73.063702, 19.059518 ], [ 73.0638619, 19.0594735 ] ] } },
{ "type": "Feature", "properties": { "name": null, "highway": "path" }, "geometry": { "type": "LineString", "coordinates": [ [ 73.0634175, 19.059447 ], [ 73.0635006, 19.0594674 ] ] } },
{ "type": "Feature", "properties": { "name": null, "highway": "service" }, "geometry": { "type": "LineString", "coordinates": [ [ 73.0616139, 19.0469969 ], [ 73.0616772, 19.0468671 ] ] } },
{ "type": "Feature", "properties": { "name": null, "highway": "service" }, "geometry": { "type": "LineString", "coordinates": [ [ 73.0616772, 19.0468671 ], [ 73.0617139, 19.0467917 ] ] } },
{ "type": "Feature", "properties": { "name": "Vasantdada Patil Marg", "highway": "tertiary" }, "geometry": { "type": "LineString", "coordinates": [ [ 73.0459822, 19.0268912 ], [ 73.0460842, 19.0269963 ] ] } },
{ "type": "Feature", "properties": { "name": "Vasantdada Patil Marg", "highway": "tertiary" }, "geometry": { "type": "LineString", "coordinates": [ [ 73.0435753, 19.0244143 ], [ 73.0436524, 19.0244937 ], [ 73.0437003, 19.024543 ], [ 73.0448501, 19.0257261 ], [ 73.0453666, 19.0262577 ], [ 73.0459822, 19.0268912 ] ] } },
{ "type": "Feature", "properties": { "name": null, "highway": "service" }, "geometry": { "type": "LineString", "coordinates": [ [ 73.0682311, 19.0306273 ], [ 73.068407, 19.0304058 ], [ 73.0684519, 19.0303542 ], [ 73.0684831, 19.0303785 ] ] } },
{ "type": "Feature", "properties": { "name": "Service Road", "highway": "tertiary" }, "geometry": { "type": "LineString", "coordinates": [ [ 73.058109, 19.0273633 ], [ 73.057948, 19.0272665 ], [ 73.0578894, 19.0272313 ], [ 73.0577262, 19.0270995 ] ] } },
{ "type": "Feature", "properties": { "name": null, "highway": "residential" }, "geometry": { "type": "LineString", "coordinates": [ [ 73.0689404, 19.0418057 ], [ 73.0686142, 19.0422435 ] ] } },
{ "type": "Feature", "properties": { "name": null, "highway": "service" }, "geometry": { "type": "LineString", "coordinates": [ [ 73.0871819, 19.0188525 ], [ 73.0868281, 19.0184388 ], [ 73.0871839, 19.0181905 ], [ 73.0872519, 19.0181399 ] ] } },
{ "type": "Feature", "properties": { "name": null, "highway": "service" }, "geometry": { "type": "LineString", "coordinates": [ [ 73.0868281, 19.0184388 ], [ 73.0867183, 19.0182985 ] ] } },
{ "type": "Feature", "properties": { "name": null, "highway": "service" }, "geometry": { "type": "LineString", "coordinates": [ [ 73.0887163, 19.0219965 ], [ 73.0886496, 19.0219061 ], [ 73.0886336, 19.0218844 ], [ 73.0884819, 19.0216756 ], [ 73.0885859, 19.0216092 ], [ 73.0886343, 19.0216681 ], [ 73.0887497, 19.0218086 ], [ 73.0886336, 19.0218844 ] ] } },
{ "type": "Feature", "properties": { "name": null, "highway": "service" }, "geometry": { "type": "LineString", "coordinates": [ [ 73.0887598, 19.0219658 ], [ 73.0887866, 19.0220007 ], [ 73.0889731, 19.0222439 ] ] } },
{ "type": "Feature", "properties": { "name": null, "highway": "cycleway" }, "geometry": { "type": "LineString", "coordinates": [ [ 73.045537, 19.0604626 ], [ 73.0455609, 19.0605425 ], [ 73.0455892, 19.0606305 ], [ 73.0456174, 19.0606882 ], [ 73.0456662, 19.0607926 ], [ 73.0456893, 19.0608242 ], [ 73.0457022, 19.0609067 ], [ 73.0457253, 19.0609504 ], [ 73.045751, 19.0609772 ], [ 73.0458152, 19.0610063 ], [ 73.0458555, 19.0610629 ] ] } },
{ "type": "Feature", "properties": { "name": null, "highway": "cycleway" }, "geometry": { "type": "LineString", "coordinates": [ [ 73.0445335, 19.0625567 ], [ 73.0444398, 19.0622954 ], [ 73.0445881, 19.0620008 ], [ 73.0448327, 19.0616122 ], [ 73.0449489, 19.0613355 ], [ 73.0451597, 19.0612685 ], [ 73.0453877, 19.0613328 ], [ 73.0454993, 19.0613088 ], [ 73.0455445, 19.0613091 ], [ 73.0458555, 19.0610629 ], [ 73.045986, 19.0610139 ], [ 73.0460864, 19.0609029 ], [ 73.0461304, 19.0609243 ], [ 73.0461835, 19.0609347 ], [ 73.046369, 19.0605464 ], [ 73.0464254, 19.0605378 ], [ 73.0465114, 19.060345 ], [ 73.0465065, 19.0601845 ] ] } },
{ "type": "Feature", "properties": { "name": null, "highway": "cycleway" }, "geometry": { "type": "LineString", "coordinates": [ [ 73.0452713, 19.0586594 ], [ 73.0452136, 19.0587811 ], [ 73.0451828, 19.0588677 ], [ 73.045306, 19.0590328 ], [ 73.0454526, 19.0591962 ], [ 73.0455204, 19.0592519 ], [ 73.0455161, 19.0594094 ] ] } },
{ "type": "Feature", "properties": { "name": "Prime Mall Lane", "highway": "residential" }, "geometry": { "type": "LineString", "coordinates": [ [ 73.0648901, 19.0460744 ], [ 73.065021, 19.0470529 ], [ 73.0650541, 19.0473006 ], [ 73.0651237, 19.0478216 ] ] } },
{ "type": "Feature", "properties": { "name": null, "highway": "residential" }, "geometry": { "type": "LineString", "coordinates": [ [ 73.0664549, 19.0462307 ], [ 73.0664093, 19.0458917 ] ] } },
{ "type": "Feature", "properties": { "name": null, "highway": "residential" }, "geometry": { "type": "LineString", "coordinates": [ [ 73.0664549, 19.0462307 ], [ 73.0664774, 19.0463825 ], [ 73.0668756, 19.0463388 ] ] } },
{ "type": "Feature", "properties": { "name": "Prime Mall Lane", "highway": "residential" }, "geometry": { "type": "LineString", "coordinates": [ [ 73.0640098, 19.0394112 ], [ 73.0640692, 19.0398387 ], [ 73.0640774, 19.0398975 ], [ 73.0641044, 19.040092 ], [ 73.0641157, 19.0401778 ], [ 73.0641432, 19.0403874 ], [ 73.0641577, 19.0404975 ], [ 73.0641695, 19.0406086 ], [ 73.0642411, 19.0411421 ] ] } },
{ "type": "Feature", "properties": { "name": null, "highway": "residential" }, "geometry": { "type": "LineString", "coordinates": [ [ 73.063943, 19.0411725 ], [ 73.064088, 19.0411577 ], [ 73.0641688, 19.0411495 ], [ 73.0642411, 19.0411421 ] ] } },
{ "type": "Feature", "properties": { "name": null, "highway": "service" }, "geometry": { "type": "LineString", "coordinates": [ [ 73.0705744, 19.0748579 ], [ 73.0705868, 19.0749282 ] ] } },
{ "type": "Feature", "properties": { "name": null, "highway": "residential" }, "geometry": { "type": "LineString", "coordinates": [ [ 73.0853287, 19.0688348 ], [ 73.0852305, 19.0688447 ] ] } },
{ "type": "Feature", "properties": { "name": null, "highway": "residential" }, "geometry": { "type": "LineString", "coordinates": [ [ 73.0743712, 19.0521827 ], [ 73.0743675, 19.0521144 ], [ 73.0743664, 19.0520934 ], [ 73.0743458, 19.0519109 ], [ 73.0743111, 19.0516014 ], [ 73.0743, 19.0514612 ], [ 73.0743201, 19.0514063 ] ] } },
{ "type": "Feature", "properties": { "name": null, "highway": "residential" }, "geometry": { "type": "LineString", "coordinates": [ [ 73.0743712, 19.0521827 ], [ 73.0758277, 19.0520146 ] ] } },
{ "type": "Feature", "properties": { "name": null, "highway": "service" }, "geometry": { "type": "LineString", "coordinates": [ [ 73.0778438, 19.0490919 ], [ 73.0779977, 19.0489806 ], [ 73.0782527, 19.0487732 ] ] } },
{ "type": "Feature", "properties": { "name": null, "highway": "residential" }, "geometry": { "type": "LineString", "coordinates": [ [ 73.0812547, 19.0471125 ], [ 73.081247, 19.0470502 ], [ 73.0812403, 19.0470064 ], [ 73.0812124, 19.046787 ], [ 73.0812092, 19.0467741 ], [ 73.0812027, 19.046766 ], [ 73.0811909, 19.0467617 ], [ 73.0809395, 19.0467916 ], [ 73.0809349, 19.0467956 ], [ 73.0809305, 19.0468016 ], [ 73.0809293, 19.0468084 ], [ 73.0809588, 19.0470334 ], [ 73.0809636, 19.0470754 ], [ 73.0809721, 19.0471421 ] ] } },
{ "type": "Feature", "properties": { "name": null, "highway": "service" }, "geometry": { "type": "LineString", "coordinates": [ [ 73.0642914, 19.0288751 ], [ 73.0642929, 19.0289124 ], [ 73.064217, 19.0290153 ], [ 73.0640471, 19.0292455 ] ] } },
{ "type": "Feature", "properties": { "name": null, "highway": "unclassified" }, "geometry": { "type": "LineString", "coordinates": [ [ 73.0707014, 19.0341049 ], [ 73.0703351, 19.0345692 ] ] } },
{ "type": "Feature", "properties": { "name": null, "highway": "residential" }, "geometry": { "type": "LineString", "coordinates": [ [ 73.0840809, 19.0436363 ], [ 73.0838453, 19.043664 ] ] } },
{ "type": "Feature", "properties": { "name": null, "highway": "residential" }, "geometry": { "type": "LineString", "coordinates": [ [ 73.0833201, 19.0446915 ], [ 73.0833596, 19.0446891 ], [ 73.0833892, 19.0446859 ], [ 73.0837606, 19.0446521 ], [ 73.0837958, 19.0446296 ] ] } },
{ "type": "Feature", "properties": { "name": null, "highway": "residential" }, "geometry": { "type": "LineString", "coordinates": [ [ 73.0792301, 19.0638933 ], [ 73.0792992, 19.0644747 ], [ 73.0793109, 19.0645849 ], [ 73.0793099, 19.0646567 ], [ 73.0792899, 19.0647119 ], [ 73.0792292, 19.0647524 ], [ 73.0786594, 19.0648884 ], [ 73.0786296, 19.0648941 ], [ 73.0786552, 19.0651733 ] ] } },
{ "type": "Feature", "properties": { "name": null, "highway": "service" }, "geometry": { "type": "LineString", "coordinates": [ [ 73.0791229, 19.0639169 ], [ 73.0791765, 19.0639051 ], [ 73.0792301, 19.0638933 ] ] } },
{ "type": "Feature", "properties": { "name": "Mansarovar Station Road", "highway": "residential" }, "geometry": { "type": "LineString", "coordinates": [ [ 73.0830491, 19.0157237 ], [ 73.0841835, 19.014635 ], [ 73.0842523, 19.014567 ] ] } },
{ "type": "Feature", "properties": { "name": "Mansarovar Station Road", "highway": "service" }, "geometry": { "type": "LineString", "coordinates": [ [ 73.0819393, 19.0166444 ], [ 73.0820468, 19.0165351 ], [ 73.0827848, 19.0157852 ], [ 73.0830491, 19.0157237 ] ] } },
{ "type": "Feature", "properties": { "name": null, "highway": "footway" }, "geometry": { "type": "LineString", "coordinates": [ [ 73.0814692, 19.016344 ], [ 73.0815733, 19.0164365 ] ] } },
{ "type": "Feature", "properties": { "name": null, "highway": "footway" }, "geometry": { "type": "LineString", "coordinates": [ [ 73.0815733, 19.0164365 ], [ 73.0816406, 19.0163672 ], [ 73.0816765, 19.0164083 ] ] } },
{ "type": "Feature", "properties": { "name": null, "highway": "residential" }, "geometry": { "type": "LineString", "coordinates": [ [ 73.0802421, 19.0700547 ], [ 73.0802768, 19.0702056 ], [ 73.0800376, 19.0702619 ], [ 73.0799977, 19.070106 ] ] } },
{ "type": "Feature", "properties": { "name": null, "highway": "residential" }, "geometry": { "type": "LineString", "coordinates": [ [ 73.0594446, 19.0325522 ], [ 73.0594241, 19.0325701 ], [ 73.059427, 19.0325834 ], [ 73.0595502, 19.0327322 ], [ 73.0596902, 19.0328788 ], [ 73.0597216, 19.0328958 ], [ 73.0597498, 19.0328951 ], [ 73.0599493, 19.0327451 ], [ 73.059969, 19.0327117 ], [ 73.0599883, 19.0326873 ], [ 73.0600131, 19.0326625 ], [ 73.060043, 19.0326336 ], [ 73.060075, 19.0326084 ] ] } },
{ "type": "Feature", "properties": { "name": null, "highway": "residential" }, "geometry": { "type": "LineString", "coordinates": [ [ 73.060075, 19.0326084 ], [ 73.0600123, 19.0325193 ], [ 73.0599982, 19.0324724 ], [ 73.0599922, 19.0324285 ], [ 73.0598515, 19.032259 ] ] } },
{ "type": "Feature", "properties": { "name": null, "highway": "tertiary" }, "geometry": { "type": "LineString", "coordinates": [ [ 73.0752181, 19.0466184 ], [ 73.0751659, 19.0456459 ], [ 73.0751569, 19.0455607 ] ] } },
{ "type": "Feature", "properties": { "name": null, "highway": "secondary" }, "geometry": { "type": "LineString", "coordinates": [ [ 73.0729277, 19.0469338 ], [ 73.0721068, 19.0470161 ], [ 73.0720838, 19.0470181 ], [ 73.0715908, 19.0470694 ], [ 73.0712809, 19.0470971 ], [ 73.0707764, 19.0471411 ], [ 73.0702833, 19.0471841 ], [ 73.0701506, 19.0471804 ], [ 73.0700618, 19.0471892 ] ] } },
{ "type": "Feature", "properties": { "name": null, "highway": "secondary" }, "geometry": { "type": "LineString", "coordinates": [ [ 73.0752774, 19.0467007 ], [ 73.075164, 19.046712 ] ] } },
{ "type": "Feature", "properties": { "name": null, "highway": "service" }, "geometry": { "type": "LineString", "coordinates": [ [ 73.0650959, 19.0490757 ], [ 73.0655735, 19.0490411 ], [ 73.065613, 19.0490382 ] ] } },
{ "type": "Feature", "properties": { "name": null, "highway": "service" }, "geometry": { "type": "LineString", "coordinates": [ [ 73.0651729, 19.0487214 ], [ 73.0655416, 19.0486748 ], [ 73.0655644, 19.048672 ] ] } },
{ "type": "Feature", "properties": { "name": null, "highway": "service" }, "geometry": { "type": "LineString", "coordinates": [ [ 73.0667493, 19.0487348 ], [ 73.0667947, 19.0487304 ], [ 73.0671162, 19.0486993 ], [ 73.0672541, 19.0486573 ], [ 73.0672548, 19.0485562 ], [ 73.0672309, 19.0484614 ], [ 73.0668551, 19.0484916 ] ] } },
{ "type": "Feature", "properties": { "name": null, "highway": "service" }, "geometry": { "type": "LineString", "coordinates": [ [ 73.0684334, 19.0497457 ], [ 73.0684974, 19.0501901 ], [ 73.0685028, 19.0502273 ] ] } },
{ "type": "Feature", "properties": { "name": null, "highway": "service" }, "geometry": { "type": "LineString", "coordinates": [ [ 73.068637, 19.0496866 ], [ 73.068942, 19.0496454 ], [ 73.0689968, 19.049638 ] ] } },
{ "type": "Feature", "properties": { "name": null, "highway": "residential" }, "geometry": { "type": "LineString", "coordinates": [ [ 73.06892, 19.0490373 ], [ 73.0689687, 19.049034 ], [ 73.0692241, 19.0490145 ] ] } },
{ "type": "Feature", "properties": { "name": null, "highway": "residential" }, "geometry": { "type": "LineString", "coordinates": [ [ 73.0682962, 19.048009 ], [ 73.0682955, 19.048013 ], [ 73.0683256, 19.0482336 ], [ 73.0686923, 19.0481793 ], [ 73.0687032, 19.048178 ], [ 73.0688081, 19.048162 ] ] } },
{ "type": "Feature", "properties": { "name": null, "highway": "residential" }, "geometry": { "type": "LineString", "coordinates": [ [ 73.0682962, 19.048009 ], [ 73.0683, 19.0480056 ], [ 73.0683057, 19.0480027 ], [ 73.0686671, 19.0479527 ], [ 73.0686808, 19.0479508 ], [ 73.0687792, 19.047936 ] ] } },
{ "type": "Feature", "properties": { "name": null, "highway": "service" }, "geometry": { "type": "LineString", "coordinates": [ [ 73.0662109, 19.0474269 ], [ 73.0670348, 19.0473294 ] ] } },
{ "type": "Feature", "properties": { "name": null, "highway": "service" }, "geometry": { "type": "LineString", "coordinates": [ [ 73.0662554, 19.0471887 ], [ 73.0664129, 19.0471966 ], [ 73.0669996, 19.0470908 ] ] } },
{ "type": "Feature", "properties": { "name": null, "highway": "residential" }, "geometry": { "type": "LineString", "coordinates": [ [ 73.0669677, 19.0464945 ], [ 73.0669752, 19.0465364 ], [ 73.0669827, 19.046557 ], [ 73.0670058, 19.046569 ], [ 73.06714, 19.0465467 ], [ 73.0671562, 19.0465315 ], [ 73.0671627, 19.046511 ], [ 73.0671536, 19.0464299 ], [ 73.0671596, 19.0464051 ], [ 73.0671894, 19.046387 ], [ 73.0677932, 19.0463092 ], [ 73.0678213, 19.0463056 ], [ 73.0678597, 19.0463014 ] ] } },
{ "type": "Feature", "properties": { "name": null, "highway": "service" }, "geometry": { "type": "LineString", "coordinates": [ [ 73.0684574, 19.0458903 ], [ 73.0683814, 19.0454248 ], [ 73.068385, 19.0453831 ], [ 73.0684182, 19.0453536 ], [ 73.0688507, 19.0453105 ], [ 73.0689025, 19.0453514 ], [ 73.0689642, 19.045864 ] ] } },
{ "type": "Feature", "properties": { "name": null, "highway": "residential" }, "geometry": { "type": "LineString", "coordinates": [ [ 73.0665476, 19.0456065 ], [ 73.0669636, 19.0455556 ], [ 73.0669892, 19.0455523 ] ] } },
{ "type": "Feature", "properties": { "name": null, "highway": "residential" }, "geometry": { "type": "LineString", "coordinates": [ [ 73.0664164, 19.0453086 ], [ 73.0664219, 19.0453577 ], [ 73.0664296, 19.0453686 ], [ 73.0664403, 19.0453758 ], [ 73.0664615, 19.0453823 ], [ 73.0664827, 19.0453838 ], [ 73.0669361, 19.0453302 ], [ 73.0669592, 19.0453275 ] ] } },
{ "type": "Feature", "properties": { "name": null, "highway": "residential" }, "geometry": { "type": "LineString", "coordinates": [ [ 73.0664342, 19.0451721 ], [ 73.0669013, 19.0451169 ], [ 73.0669305, 19.0451133 ] ] } },
{ "type": "Feature", "properties": { "name": null, "highway": "residential" }, "geometry": { "type": "LineString", "coordinates": [ [ 73.0652868, 19.0452957 ], [ 73.0657767, 19.045251 ] ] } },
{ "type": "Feature", "properties": { "name": null, "highway": "residential" }, "geometry": { "type": "LineString", "coordinates": [ [ 73.0653611, 19.0457464 ], [ 73.0656989, 19.045708 ], [ 73.0658357, 19.0456924 ] ] } },
{ "type": "Feature", "properties": { "name": null, "highway": "residential" }, "geometry": { "type": "LineString", "coordinates": [ [ 73.0653185, 19.0455373 ], [ 73.0657102, 19.045491 ], [ 73.0658083, 19.0454744 ] ] } },
{ "type": "Feature", "properties": { "name": null, "highway": "service" }, "geometry": { "type": "LineString", "coordinates": [ [ 73.065021, 19.0470529 ], [ 73.0650597, 19.0470486 ], [ 73.0654079, 19.0470097 ] ] } },
{ "type": "Feature", "properties": { "name": null, "highway": "residential" }, "geometry": { "type": "LineString", "coordinates": [ [ 73.0753674, 19.0368418 ], [ 73.0757045, 19.0368092 ] ] } },
{ "type": "Feature", "properties": { "name": null, "highway": "residential" }, "geometry": { "type": "LineString", "coordinates": [ [ 73.0752743, 19.0373602 ], [ 73.0752711, 19.0373076 ], [ 73.0752696, 19.0372838 ], [ 73.0752591, 19.0371142 ], [ 73.0752679, 19.0370965 ], [ 73.0752869, 19.037085 ], [ 73.0756818, 19.0370605 ], [ 73.0757326, 19.0370574 ] ] } },
{ "type": "Feature", "properties": { "name": null, "highway": "service" }, "geometry": { "type": "LineString", "coordinates": [ [ 73.0717173, 19.0356889 ], [ 73.0717899, 19.0356243 ], [ 73.0720831, 19.0353396 ], [ 73.0720926, 19.0353064 ], [ 73.072074, 19.0352712 ], [ 73.0719294, 19.035095 ], [ 73.0718696, 19.0350289 ] ] } },
{ "type": "Feature", "properties": { "name": null, "highway": "residential" }, "geometry": { "type": "LineString", "coordinates": [ [ 73.0728344, 19.0350779 ], [ 73.0728037, 19.0350468 ], [ 73.0727883, 19.0350327 ], [ 73.0726556, 19.0349105 ], [ 73.0726385, 19.0349041 ], [ 73.0726178, 19.034901 ], [ 73.0726006, 19.0349088 ], [ 73.0723461, 19.0351401 ], [ 73.0723362, 19.0351563 ], [ 73.0723369, 19.0351708 ], [ 73.0723507, 19.0351833 ], [ 73.0725467, 19.0353156 ], [ 73.0725648, 19.0353279 ], [ 73.0725999, 19.0353557 ] ] } },
{ "type": "Feature", "properties": { "name": null, "highway": "service" }, "geometry": { "type": "LineString", "coordinates": [ [ 73.0719138, 19.0349882 ], [ 73.0719797, 19.0350599 ], [ 73.0721444, 19.035229 ], [ 73.0721641, 19.0352405 ], [ 73.072186, 19.0352365 ], [ 73.0725855, 19.0348908 ], [ 73.0725923, 19.0348669 ], [ 73.0725809, 19.0348468 ], [ 73.0723858, 19.0346574 ], [ 73.0723302, 19.0346051 ] ] } },
{ "type": "Feature", "properties": { "name": null, "highway": "residential" }, "geometry": { "type": "LineString", "coordinates": [ [ 73.0729072, 19.0345265 ], [ 73.0727231, 19.0343553 ], [ 73.0726649, 19.0342972 ] ] } },
{ "type": "Feature", "properties": { "name": null, "highway": "residential" }, "geometry": { "type": "LineString", "coordinates": [ [ 73.0718617, 19.034243 ], [ 73.0718888, 19.0342174 ], [ 73.0721096, 19.0339949 ], [ 73.0721317, 19.0339871 ], [ 73.0721501, 19.0339879 ], [ 73.0721685, 19.0339949 ], [ 73.0721891, 19.0340141 ], [ 73.0723077, 19.0341251 ], [ 73.0724122, 19.0342229 ], [ 73.0724172, 19.0342306 ], [ 73.0724151, 19.0342421 ], [ 73.0723908, 19.0342658 ], [ 73.0722742, 19.0343655 ], [ 73.0722573, 19.0343726 ], [ 73.0722173, 19.0343708 ], [ 73.0721897, 19.0343614 ], [ 73.0719876, 19.0342164 ] ] } },
{ "type": "Feature", "properties": { "name": null, "highway": "residential" }, "geometry": { "type": "LineString", "coordinates": [ [ 73.0724658, 19.0342009 ], [ 73.0723423, 19.0340683 ], [ 73.0723285, 19.034049 ], [ 73.0723191, 19.0340256 ], [ 73.0723157, 19.0339912 ], [ 73.0723175, 19.0339454 ], [ 73.0723276, 19.0339007 ], [ 73.0723433, 19.0338552 ], [ 73.0723649, 19.0338117 ], [ 73.0723877, 19.0337782 ], [ 73.072493, 19.0336616 ], [ 73.0726159, 19.0335477 ], [ 73.0726639, 19.0335172 ], [ 73.0727068, 19.0334961 ], [ 73.0727418, 19.0334855 ], [ 73.0727891, 19.0334791 ], [ 73.0728352, 19.0334794 ], [ 73.0728841, 19.0334824 ], [ 73.0729241, 19.0334927 ], [ 73.0729852, 19.0335233 ], [ 73.07302, 19.0335526 ], [ 73.0730866, 19.0336367 ] ] } },
{ "type": "Feature", "properties": { "name": null, "highway": "residential" }, "geometry": { "type": "LineString", "coordinates": [ [ 73.0724658, 19.0342009 ], [ 73.0730866, 19.0336367 ] ] } },
{ "type": "Feature", "properties": { "name": null, "highway": "service" }, "geometry": { "type": "LineString", "coordinates": [ [ 73.0738277, 19.0343294 ], [ 73.0737881, 19.0342892 ], [ 73.0737704, 19.0342712 ], [ 73.0735949, 19.0340931 ], [ 73.0735903, 19.0340775 ], [ 73.0735957, 19.0340615 ], [ 73.0736871, 19.0339816 ], [ 73.0737071, 19.0339695 ], [ 73.0737239, 19.0339681 ] ] } },
{ "type": "Feature", "properties": { "name": null, "highway": "residential" }, "geometry": { "type": "LineString", "coordinates": [ [ 73.0731948, 19.0338059 ], [ 73.0732545, 19.0338599 ], [ 73.073469, 19.0340681 ], [ 73.0734776, 19.0340813 ], [ 73.0734721, 19.0340977 ], [ 73.0733644, 19.0341964 ], [ 73.0733388, 19.0342199 ] ] } },
{ "type": "Feature", "properties": { "name": null, "highway": "service" }, "geometry": { "type": "LineString", "coordinates": [ [ 73.073334, 19.0336819 ], [ 73.073382, 19.0337236 ], [ 73.0736089, 19.0339503 ] ] } },
{ "type": "Feature", "properties": { "name": null, "highway": "residential" }, "geometry": { "type": "LineString", "coordinates": [ [ 73.0739703, 19.0342248 ], [ 73.0739296, 19.0341864 ], [ 73.0739027, 19.034157 ], [ 73.0737379, 19.0339769 ], [ 73.0737239, 19.0339681 ] ] } },
{ "type": "Feature", "properties": { "name": null, "highway": "residential" }, "geometry": { "type": "LineString", "coordinates": [ [ 73.0748657, 19.035733 ], [ 73.0750327, 19.0358751 ], [ 73.0751773, 19.0359997 ] ] } },
{ "type": "Feature", "properties": { "name": null, "highway": "residential" }, "geometry": { "type": "LineString", "coordinates": [ [ 73.0751654, 19.0354562 ], [ 73.0754581, 19.0357407 ] ] } },
{ "type": "Feature", "properties": { "name": null, "highway": "residential" }, "geometry": { "type": "LineString", "coordinates": [ [ 73.0755425, 19.0348443 ], [ 73.075478, 19.0349034 ], [ 73.0754392, 19.0349436 ], [ 73.0753048, 19.0350642 ], [ 73.0752645, 19.035072 ], [ 73.0752419, 19.0350606 ], [ 73.0751248, 19.0348777 ], [ 73.075121, 19.0348557 ], [ 73.075133, 19.0348396 ], [ 73.0752466, 19.0347417 ], [ 73.0752844, 19.0347083 ], [ 73.0753531, 19.0346481 ] ] } },
{ "type": "Feature", "properties": { "name": null, "highway": "service" }, "geometry": { "type": "LineString", "coordinates": [ [ 73.0704609, 19.0392731 ], [ 73.0705063, 19.039269 ], [ 73.0708583, 19.0392377 ] ] } },
{ "type": "Feature", "properties": { "name": null, "highway": "service" }, "geometry": { "type": "LineString", "coordinates": [ [ 73.0704095, 19.0387684 ], [ 73.070463, 19.038764 ], [ 73.0712175, 19.0387021 ], [ 73.0712968, 19.0386956 ], [ 73.0714058, 19.0386866 ] ] } },
{ "type": "Feature", "properties": { "name": null, "highway": "service" }, "geometry": { "type": "LineString", "coordinates": [ [ 73.0545341, 19.0265151 ], [ 73.0546547, 19.0265811 ], [ 73.0546645, 19.0265913 ], [ 73.0546669, 19.0266099 ], [ 73.0546604, 19.0266291 ], [ 73.0545529, 19.0268052 ], [ 73.0545525, 19.026829 ], [ 73.0545678, 19.0268537 ], [ 73.0553942, 19.0273246 ] ] } },
{ "type": "Feature", "properties": { "name": null, "highway": "service" }, "geometry": { "type": "LineString", "coordinates": [ [ 73.0586868, 19.0234954 ], [ 73.0589587, 19.023695 ], [ 73.0593927, 19.0239592 ], [ 73.0597836, 19.0242247 ], [ 73.0600012, 19.0243467 ], [ 73.0601405, 19.0243777 ], [ 73.0602868, 19.0243837 ], [ 73.0604956, 19.0242539 ] ] } },
{ "type": "Feature", "properties": { "name": null, "highway": "residential" }, "geometry": { "type": "LineString", "coordinates": [ [ 73.0627047, 19.0432336 ], [ 73.0628304, 19.0431987 ], [ 73.0628566, 19.0431811 ], [ 73.0630835, 19.0431545 ] ] } },
{ "type": "Feature", "properties": { "name": null, "highway": "residential" }, "geometry": { "type": "LineString", "coordinates": [ [ 73.0578894, 19.0272313 ], [ 73.0577801, 19.0274452 ], [ 73.0577424, 19.0274874 ], [ 73.0576641, 19.0275365 ], [ 73.0575675, 19.0275781 ], [ 73.0575364, 19.0275923 ] ] } },
{ "type": "Feature", "properties": { "name": null, "highway": "residential" }, "geometry": { "type": "LineString", "coordinates": [ [ 73.0786895, 19.013154 ], [ 73.0788592, 19.0131184 ], [ 73.0789733, 19.0130973 ], [ 73.0790318, 19.0130586 ], [ 73.0790601, 19.0129981 ], [ 73.0790162, 19.012711 ], [ 73.0789777, 19.0124116 ], [ 73.079001, 19.0122601 ] ] } },
{ "type": "Feature", "properties": { "name": null, "highway": "residential" }, "geometry": { "type": "LineString", "coordinates": [ [ 73.07078, 19.0677595 ], [ 73.070771, 19.0678471 ], [ 73.070653, 19.0682679 ], [ 73.0705879, 19.0684044 ] ] } },
{ "type": "Feature", "properties": { "name": null, "highway": "residential" }, "geometry": { "type": "LineString", "coordinates": [ [ 73.0703998, 19.0431991 ], [ 73.0707066, 19.0431637 ] ] } },
{ "type": "Feature", "properties": { "name": null, "highway": "residential" }, "geometry": { "type": "LineString", "coordinates": [ [ 73.0863534, 19.021543 ], [ 73.0863157, 19.0214923 ], [ 73.0861283, 19.0212564 ], [ 73.0858234, 19.021476 ], [ 73.0857484, 19.0215317 ] ] } },
{ "type": "Feature", "properties": { "name": null, "highway": "service" }, "geometry": { "type": "LineString", "coordinates": [ [ 73.0856516, 19.0199314 ], [ 73.0856226, 19.0198955 ], [ 73.0854224, 19.0196478 ], [ 73.0855578, 19.019542 ], [ 73.0856, 19.019509 ] ] } },
{ "type": "Feature", "properties": { "name": null, "highway": "service" }, "geometry": { "type": "LineString", "coordinates": [ [ 73.0861761, 19.0195116 ], [ 73.0861431, 19.0194601 ], [ 73.0855707, 19.0186629 ], [ 73.0854707, 19.0185237 ] ] } },
{ "type": "Feature", "properties": { "name": null, "highway": "service" }, "geometry": { "type": "LineString", "coordinates": [ [ 73.0882072, 19.0193269 ], [ 73.0881365, 19.0193719 ], [ 73.0877959, 19.0195884 ] ] } },
{ "type": "Feature", "properties": { "name": null, "highway": "living_street" }, "geometry": { "type": "LineString", "coordinates": [ [ 73.0886056, 19.0186372 ], [ 73.0884941, 19.0185775 ], [ 73.0885032, 19.0183169 ] ] } },
{ "type": "Feature", "properties": { "name": null, "highway": "service" }, "geometry": { "type": "LineString", "coordinates": [ [ 73.0879195, 19.0178106 ], [ 73.0878818, 19.0178353 ], [ 73.0876014, 19.0180187 ] ] } },
{ "type": "Feature", "properties": { "name": null, "highway": "service" }, "geometry": { "type": "LineString", "coordinates": [ [ 73.0893932, 19.020645 ], [ 73.0894206, 19.0206256 ], [ 73.0899211, 19.0202722 ], [ 73.0899627, 19.0202428 ], [ 73.0899962, 19.0202192 ] ] } },
{ "type": "Feature", "properties": { "name": null, "highway": "service" }, "geometry": { "type": "LineString", "coordinates": [ [ 73.0901274, 19.0225989 ], [ 73.0898791, 19.0222701 ], [ 73.0902446, 19.0220154 ] ] } },
{ "type": "Feature", "properties": { "name": null, "highway": "residential" }, "geometry": { "type": "LineString", "coordinates": [ [ 73.087571, 19.022766 ], [ 73.0875344, 19.0227202 ], [ 73.0873459, 19.0224668 ], [ 73.0873481, 19.0224408 ], [ 73.0874703, 19.0223571 ], [ 73.0874966, 19.0223561 ], [ 73.0875327, 19.0223792 ], [ 73.0876985, 19.0226032 ], [ 73.0877357, 19.0226592 ] ] } },
{ "type": "Feature", "properties": { "name": null, "highway": "service" }, "geometry": { "type": "LineString", "coordinates": [ [ 73.0851031, 19.0207386 ], [ 73.0850514, 19.0207732 ], [ 73.0848419, 19.0209134 ] ] } },
{ "type": "Feature", "properties": { "name": null, "highway": "service" }, "geometry": { "type": "LineString", "coordinates": [ [ 73.0863854, 19.0215199 ], [ 73.0864517, 19.0215979 ], [ 73.086841, 19.0220563 ], [ 73.0869077, 19.0220133 ], [ 73.0871952, 19.0218279 ], [ 73.0868058, 19.0213433 ], [ 73.0867414, 19.0212632 ] ] } },
{ "type": "Feature", "properties": { "name": null, "highway": "service" }, "geometry": { "type": "LineString", "coordinates": [ [ 73.0871548, 19.0223233 ], [ 73.0871274, 19.022289 ], [ 73.0869077, 19.0220133 ] ] } },
{ "type": "Feature", "properties": { "name": null, "highway": "service" }, "geometry": { "type": "LineString", "coordinates": [ [ 73.0871952, 19.0218279 ], [ 73.0874129, 19.0216716 ], [ 73.0877556, 19.0214255 ], [ 73.0880017, 19.0212488 ] ] } },
{ "type": "Feature", "properties": { "name": null, "highway": "service" }, "geometry": { "type": "LineString", "coordinates": [ [ 73.087975, 19.0217171 ], [ 73.0879534, 19.0216883 ], [ 73.0877556, 19.0214255 ], [ 73.0873893, 19.0209227 ], [ 73.0873288, 19.0208397 ] ] } },
{ "type": "Feature", "properties": { "name": null, "highway": "service" }, "geometry": { "type": "LineString", "coordinates": [ [ 73.0876258, 19.0219752 ], [ 73.0875976, 19.021935 ], [ 73.0874129, 19.0216716 ] ] } },
{ "type": "Feature", "properties": { "name": null, "highway": "service" }, "geometry": { "type": "LineString", "coordinates": [ [ 73.0882819, 19.0210256 ], [ 73.0883105, 19.0210069 ], [ 73.088339, 19.0209883 ], [ 73.0887235, 19.0207371 ], [ 73.0885308, 19.0205332 ] ] } },
{ "type": "Feature", "properties": { "name": null, "highway": "service" }, "geometry": { "type": "LineString", "coordinates": [ [ 73.088339, 19.0209883 ], [ 73.0880167, 19.0205263 ], [ 73.0880115, 19.0204888 ], [ 73.0880344, 19.0204576 ], [ 73.088583, 19.0200913 ], [ 73.088637, 19.0200828 ], [ 73.0887147, 19.0201126 ], [ 73.0889779, 19.0204421 ], [ 73.0889755, 19.0204876 ], [ 73.0887735, 19.0206123 ], [ 73.0886333, 19.0204475 ] ] } },
{ "type": "Feature", "properties": { "name": null, "highway": "service" }, "geometry": { "type": "LineString", "coordinates": [ [ 73.0883973, 19.0193858 ], [ 73.0884443, 19.019352 ], [ 73.0888405, 19.0190666 ], [ 73.0886853, 19.0188675 ], [ 73.088686, 19.018848 ], [ 73.0886881, 19.0187875 ] ] } },
{ "type": "Feature", "properties": { "name": null, "highway": "service" }, "geometry": { "type": "LineString", "coordinates": [ [ 73.0867183, 19.0182985 ], [ 73.0866577, 19.0183449 ], [ 73.0862677, 19.0186439 ], [ 73.0861045, 19.018769 ], [ 73.0860594, 19.0188036 ], [ 73.0859641, 19.0188766 ] ] } },
{ "type": "Feature", "properties": { "name": null, "highway": "service" }, "geometry": { "type": "LineString", "coordinates": [ [ 73.0860594, 19.0188036 ], [ 73.0859269, 19.0186127 ] ] } },
{ "type": "Feature", "properties": { "name": null, "highway": "service" }, "geometry": { "type": "LineString", "coordinates": [ [ 73.0862677, 19.0186439 ], [ 73.0859848, 19.0182928 ], [ 73.0859157, 19.0182069 ] ] } },
{ "type": "Feature", "properties": { "name": null, "highway": "service" }, "geometry": { "type": "LineString", "coordinates": [ [ 73.0866577, 19.0183449 ], [ 73.0864117, 19.0179984 ], [ 73.0863436, 19.0179024 ] ] } },
{ "type": "Feature", "properties": { "name": null, "highway": "service" }, "geometry": { "type": "LineString", "coordinates": [ [ 73.0861045, 19.018769 ], [ 73.0862717, 19.0190006 ], [ 73.086416, 19.0191927 ], [ 73.0864854, 19.0192965 ] ] } },
{ "type": "Feature", "properties": { "name": null, "highway": "service" }, "geometry": { "type": "LineString", "coordinates": [ [ 73.0866044, 19.0187559 ], [ 73.0862717, 19.0190006 ], [ 73.0862287, 19.019029 ] ] } },
{ "type": "Feature", "properties": { "name": null, "highway": "residential" }, "geometry": { "type": "LineString", "coordinates": [ [ 73.0892665, 19.0179495 ], [ 73.0891123, 19.0181443 ], [ 73.0885068, 19.0180304 ] ] } },
{ "type": "Feature", "properties": { "name": null, "highway": "residential" }, "geometry": { "type": "LineString", "coordinates": [ [ 73.0891123, 19.0181443 ], [ 73.0891041, 19.0184256 ] ] } },
{ "type": "Feature", "properties": { "name": null, "highway": "service" }, "geometry": { "type": "LineString", "coordinates": [ [ 73.0892616, 19.0221407 ], [ 73.089868, 19.0216824 ], [ 73.0899985, 19.021597 ] ] } },
{ "type": "Feature", "properties": { "name": null, "highway": "service" }, "geometry": { "type": "LineString", "coordinates": [ [ 73.064687, 19.0368658 ], [ 73.0646502, 19.0368219 ], [ 73.0644011, 19.0364796 ], [ 73.0643948, 19.0364618 ], [ 73.0643987, 19.036442 ], [ 73.0646014, 19.0363193 ], [ 73.0646648, 19.0362793 ] ] } },
{ "type": "Feature", "properties": { "name": null, "highway": "residential" }, "geometry": { "type": "LineString", "coordinates": [ [ 73.0632155, 19.0355101 ], [ 73.0632665, 19.0355721 ], [ 73.0634752, 19.0358342 ], [ 73.0635009, 19.0358473 ], [ 73.0635287, 19.0358429 ], [ 73.0637173, 19.0357228 ], [ 73.063797, 19.0356871 ], [ 73.0640525, 19.0355135 ] ] } },
{ "type": "Feature", "properties": { "name": null, "highway": "residential" }, "geometry": { "type": "LineString", "coordinates": [ [ 73.063641, 19.0368621 ], [ 73.0635653, 19.0369122 ], [ 73.0632006, 19.0371262 ], [ 73.0629705, 19.0372599 ], [ 73.0629663, 19.0372772 ], [ 73.0629653, 19.0372925 ], [ 73.0631396, 19.0375198 ], [ 73.0631522, 19.0375221 ], [ 73.0631683, 19.0375234 ], [ 73.0634006, 19.0374104 ], [ 73.0638024, 19.037221 ], [ 73.0639104, 19.0371775 ] ] } },
{ "type": "Feature", "properties": { "name": null, "highway": "residential" }, "geometry": { "type": "LineString", "coordinates": [ [ 73.0634093, 19.0365484 ], [ 73.0633656, 19.0365842 ], [ 73.0632929, 19.0366396 ], [ 73.0631091, 19.0366528 ], [ 73.0630579, 19.0366762 ], [ 73.0629547, 19.0368232 ], [ 73.0629471, 19.0370509 ], [ 73.0629639, 19.0370706 ], [ 73.0629935, 19.0370917 ], [ 73.0630369, 19.0371033 ], [ 73.0630857, 19.0371083 ], [ 73.0631331, 19.0370896 ], [ 73.0632229, 19.0370213 ], [ 73.0633198, 19.0369481 ], [ 73.0634029, 19.036857 ], [ 73.0634062, 19.0367475 ], [ 73.0633795, 19.0367043 ], [ 73.0632929, 19.0366396 ] ] } },
{ "type": "Feature", "properties": { "name": null, "highway": "service" }, "geometry": { "type": "LineString", "coordinates": [ [ 73.0650218, 19.0360357 ], [ 73.0650503, 19.0360311 ], [ 73.0650865, 19.0360341 ], [ 73.0651886, 19.036087 ] ] } },
{ "type": "Feature", "properties": { "name": null, "highway": "service" }, "geometry": { "type": "LineString", "coordinates": [ [ 73.0688308, 19.0391339 ], [ 73.069012, 19.0393677 ], [ 73.069053, 19.0394206 ] ] } },
{ "type": "Feature", "properties": { "name": null, "highway": "service" }, "geometry": { "type": "LineString", "coordinates": [ [ 73.0617866, 19.034504 ], [ 73.0618106, 19.0344814 ], [ 73.0619067, 19.0343906 ], [ 73.0619668, 19.0343527 ], [ 73.0621168, 19.0343256 ], [ 73.0627126, 19.0338805 ] ] } },
{ "type": "Feature", "properties": { "name": null, "highway": "service" }, "geometry": { "type": "LineString", "coordinates": [ [ 73.0615085, 19.0343688 ], [ 73.0612085, 19.0340125 ], [ 73.0610615, 19.0339186 ], [ 73.0609485, 19.0338912 ], [ 73.0605632, 19.0341298 ], [ 73.0607194, 19.0343412 ], [ 73.0609592, 19.034184 ], [ 73.0612958, 19.0346429 ], [ 73.0610535, 19.0348017 ], [ 73.0612184, 19.0350321 ], [ 73.0616414, 19.0347431 ], [ 73.061672, 19.0346531 ], [ 73.0616515, 19.0345641 ], [ 73.0615085, 19.0343688 ], [ 73.0615334, 19.0343459 ], [ 73.0616049, 19.0342804 ] ] } },
{ "type": "Feature", "properties": { "name": null, "highway": "service" }, "geometry": { "type": "LineString", "coordinates": [ [ 73.0612085, 19.0340125 ], [ 73.0612274, 19.0339845 ], [ 73.0612966, 19.0339284 ] ] } },
{ "type": "Feature", "properties": { "name": null, "highway": "service" }, "geometry": { "type": "LineString", "coordinates": [ [ 73.0593136, 19.0364089 ], [ 73.0593745, 19.0364058 ], [ 73.0595222, 19.0363923 ], [ 73.0596009, 19.0363851 ], [ 73.0597942, 19.0363706 ], [ 73.0598322, 19.0363561 ], [ 73.0598655, 19.0363574 ], [ 73.0600402, 19.0366035 ] ] } },
{ "type": "Feature", "properties": { "name": null, "highway": "service" }, "geometry": { "type": "LineString", "coordinates": [ [ 73.0596009, 19.0363851 ], [ 73.0595865, 19.0362487 ] ] } },
{ "type": "Feature", "properties": { "name": null, "highway": "residential" }, "geometry": { "type": "LineString", "coordinates": [ [ 73.0597942, 19.0363706 ], [ 73.0597477, 19.0361029 ], [ 73.0597493, 19.0360787 ], [ 73.0597616, 19.0360488 ], [ 73.0597963, 19.0360318 ], [ 73.0598316, 19.0360318 ], [ 73.0603515, 19.0367435 ], [ 73.0603445, 19.0367687 ], [ 73.0603072, 19.0367847 ], [ 73.0598729, 19.0368163 ], [ 73.059854, 19.0368034 ], [ 73.059843, 19.0367763 ], [ 73.0597942, 19.0363706 ] ] } },
{ "type": "Feature", "properties": { "name": null, "highway": "service" }, "geometry": { "type": "LineString", "coordinates": [ [ 73.0593229, 19.0364773 ], [ 73.0593893, 19.0364731 ], [ 73.0594236, 19.03647 ], [ 73.0597347, 19.0364414 ], [ 73.0597679, 19.0364494 ], [ 73.0597814, 19.0364804 ], [ 73.0598158, 19.0368318 ], [ 73.0598185, 19.0368596 ], [ 73.0598238, 19.0369723 ] ] } },
{ "type": "Feature", "properties": { "name": null, "highway": "service" }, "geometry": { "type": "LineString", "coordinates": [ [ 73.059126, 19.0352115 ], [ 73.0591875, 19.0350662 ], [ 73.0592791, 19.0349961 ], [ 73.0593998, 19.0350131 ], [ 73.0595167, 19.0351285 ], [ 73.0595983, 19.0352314 ], [ 73.0596146, 19.0352519 ], [ 73.0603027, 19.0360736 ], [ 73.0601069, 19.0362152 ] ] } },
{ "type": "Feature", "properties": { "name": null, "highway": "service" }, "geometry": { "type": "LineString", "coordinates": [ [ 73.0668673, 19.0334532 ], [ 73.0667767, 19.0335701 ], [ 73.0667616, 19.0335899 ], [ 73.0663238, 19.0341641 ], [ 73.0663103, 19.0341685 ], [ 73.066298, 19.034165 ], [ 73.0660281, 19.0339707 ], [ 73.0660213, 19.0339577 ], [ 73.0660241, 19.0339454 ], [ 73.0664635, 19.0333463 ], [ 73.0665503, 19.0332313 ] ] } },
{ "type": "Feature", "properties": { "name": null, "highway": "residential" }, "geometry": { "type": "LineString", "coordinates": [ [ 73.0671376, 19.0336328 ], [ 73.0670739, 19.0337172 ], [ 73.0670667, 19.0337274 ], [ 73.0666135, 19.0343204 ], [ 73.0665997, 19.0343581 ], [ 73.0666113, 19.0343821 ], [ 73.0670075, 19.0346578 ], [ 73.0670434, 19.0346655 ], [ 73.0670677, 19.0346501 ], [ 73.0675238, 19.0340447 ], [ 73.0675996, 19.0339575 ] ] } },
{ "type": "Feature", "properties": { "name": null, "highway": "residential" }, "geometry": { "type": "LineString", "coordinates": [ [ 73.0673809, 19.0343214 ], [ 73.067521, 19.0344114 ], [ 73.0677264, 19.0345435 ], [ 73.0678538, 19.0346214 ] ] } },
{ "type": "Feature", "properties": { "name": null, "highway": "service" }, "geometry": { "type": "LineString", "coordinates": [ [ 73.0678084, 19.0348684 ], [ 73.0678041, 19.0348907 ], [ 73.0678129, 19.0349048 ], [ 73.0679033, 19.0349602 ], [ 73.0679174, 19.0349604 ], [ 73.0679333, 19.0349549 ], [ 73.0682675, 19.0345474 ], [ 73.0682889, 19.0345213 ], [ 73.0683397, 19.034458 ] ] } },
{ "type": "Feature", "properties": { "name": null, "highway": "service" }, "geometry": { "type": "LineString", "coordinates": [ [ 73.0683738, 19.0367435 ], [ 73.0686208, 19.0370919 ] ] } },
{ "type": "Feature", "properties": { "name": null, "highway": "service" }, "geometry": { "type": "LineString", "coordinates": [ [ 73.0820468, 19.0165351 ], [ 73.0817991, 19.0163291 ], [ 73.0817771, 19.0163246 ], [ 73.0817594, 19.0163277 ], [ 73.0816765, 19.0164083 ] ] } },
{ "type": "Feature", "properties": { "name": null, "highway": "service" }, "geometry": { "type": "LineString", "coordinates": [ [ 73.0824153, 19.0168205 ], [ 73.082402, 19.0168066 ], [ 73.0821696, 19.016564 ] ] } },
{ "type": "Feature", "properties": { "name": null, "highway": "residential" }, "geometry": { "type": "LineString", "coordinates": [ [ 73.0888103, 19.0121345 ], [ 73.0889376, 19.0122882 ], [ 73.0892302, 19.0126129 ], [ 73.089243, 19.0126539 ], [ 73.0892323, 19.0126843 ], [ 73.0890407, 19.0128177 ], [ 73.0889584, 19.0128739 ] ] } },
{ "type": "Feature", "properties": { "name": null, "highway": "service" }, "geometry": { "type": "LineString", "coordinates": [ [ 73.0902043, 19.0137741 ], [ 73.0902221, 19.0136891 ], [ 73.0902796, 19.0134145 ], [ 73.090271, 19.0133931 ], [ 73.0902509, 19.0133867 ], [ 73.0899613, 19.013348 ], [ 73.0898984, 19.013324 ] ] } },
{ "type": "Feature", "properties": { "name": null, "highway": "residential" }, "geometry": { "type": "LineString", "coordinates": [ [ 73.0899423, 19.0142907 ], [ 73.0899602, 19.0143134 ], [ 73.0899942, 19.0143563 ], [ 73.0900884, 19.0144752 ], [ 73.0901091, 19.0144907 ], [ 73.0901205, 19.0144944 ], [ 73.090174, 19.0144676 ], [ 73.0902004, 19.0144676 ], [ 73.0902315, 19.0144912 ], [ 73.0902539, 19.0145025 ], [ 73.0902735, 19.0144933 ], [ 73.0903715, 19.0145963 ], [ 73.090394, 19.0146004 ], [ 73.0904197, 19.0145811 ], [ 73.0905156, 19.0145116 ] ] } },
{ "type": "Feature", "properties": { "name": null, "highway": "residential" }, "geometry": { "type": "LineString", "coordinates": [ [ 73.0893542, 19.0147067 ], [ 73.0893782, 19.0147409 ], [ 73.0893954, 19.0147656 ], [ 73.0895533, 19.0149647 ], [ 73.0895809, 19.0149755 ], [ 73.089618, 19.0149723 ], [ 73.0897704, 19.0148794 ], [ 73.0897772, 19.0148561 ], [ 73.0897759, 19.0148319 ], [ 73.089601, 19.0146243 ], [ 73.0895772, 19.0145985 ], [ 73.0895518, 19.0145669 ] ] } },
{ "type": "Feature", "properties": { "name": null, "highway": "residential" }, "geometry": { "type": "LineString", "coordinates": [ [ 73.0863757, 19.0154709 ], [ 73.0866756, 19.0158458 ] ] } },
{ "type": "Feature", "properties": { "name": null, "highway": "residential" }, "geometry": { "type": "LineString", "coordinates": [ [ 73.0861517, 19.0157819 ], [ 73.0862073, 19.0158397 ], [ 73.0864357, 19.0160769 ], [ 73.0864357, 19.0161069 ], [ 73.0863529, 19.0161657 ], [ 73.0863446, 19.0161941 ], [ 73.0864158, 19.0162797 ], [ 73.0864578, 19.0163302 ], [ 73.0864489, 19.0163525 ], [ 73.0864477, 19.0163554 ] ] } },
{ "type": "Feature", "properties": { "name": null, "highway": "residential" }, "geometry": { "type": "LineString", "coordinates": [ [ 73.0864477, 19.0163554 ], [ 73.0861593, 19.0165561 ] ] } },
{ "type": "Feature", "properties": { "name": null, "highway": "residential" }, "geometry": { "type": "LineString", "coordinates": [ [ 73.0861958, 19.0166023 ], [ 73.0870651, 19.0159383 ], [ 73.087132, 19.0159171 ], [ 73.0871628, 19.0159386 ], [ 73.0873406, 19.0161826 ] ] } },
{ "type": "Feature", "properties": { "name": null, "highway": "residential" }, "geometry": { "type": "LineString", "coordinates": [ [ 73.0878868, 19.0167734 ], [ 73.0878283, 19.0166981 ], [ 73.0876572, 19.0164781 ], [ 73.0876222, 19.0164764 ], [ 73.0869085, 19.0169978 ], [ 73.0868919, 19.0170234 ], [ 73.0869096, 19.0170561 ], [ 73.0870371, 19.0172102 ], [ 73.0871105, 19.0173091 ] ] } },
{ "type": "Feature", "properties": { "name": null, "highway": "residential" }, "geometry": { "type": "LineString", "coordinates": [ [ 73.0895705, 19.0163072 ], [ 73.0895551, 19.0163472 ], [ 73.0896176, 19.0164777 ], [ 73.0896446, 19.0164945 ], [ 73.0896873, 19.016438 ], [ 73.0898091, 19.0162771 ] ] } },
{ "type": "Feature", "properties": { "name": null, "highway": "residential" }, "geometry": { "type": "LineString", "coordinates": [ [ 73.0897274, 19.0161776 ], [ 73.0895879, 19.0162745 ], [ 73.0895705, 19.0163072 ] ] } },
{ "type": "Feature", "properties": { "name": null, "highway": "residential" }, "geometry": { "type": "LineString", "coordinates": [ [ 73.0898091, 19.0162771 ], [ 73.0898759, 19.016349 ] ] } },
{ "type": "Feature", "properties": { "name": null, "highway": "residential" }, "geometry": { "type": "LineString", "coordinates": [ [ 73.0896926, 19.0161352 ], [ 73.08975, 19.0160961 ], [ 73.0900608, 19.0158842 ], [ 73.0900723, 19.0158847 ], [ 73.0900909, 19.0158919 ], [ 73.0903179, 19.0162055 ], [ 73.0903783, 19.0162888 ] ] } },
{ "type": "Feature", "properties": { "name": null, "highway": "residential" }, "geometry": { "type": "LineString", "coordinates": [ [ 73.0884746, 19.0149016 ], [ 73.0884459, 19.0149229 ], [ 73.0884257, 19.014943 ], [ 73.0881936, 19.0151111 ], [ 73.0881678, 19.0151099 ], [ 73.0880403, 19.0149688 ], [ 73.0880237, 19.014948 ], [ 73.0879637, 19.0148844 ] ] } },
{ "type": "Feature", "properties": { "name": null, "highway": "residential" }, "geometry": { "type": "LineString", "coordinates": [ [ 73.0876394, 19.0158391 ], [ 73.087667, 19.0157588 ], [ 73.0876846, 19.0157206 ], [ 73.0875556, 19.0155796 ], [ 73.0875281, 19.0155152 ], [ 73.0875413, 19.0154843 ], [ 73.0877251, 19.0153712 ], [ 73.0877445, 19.0153417 ], [ 73.0877366, 19.0152896 ], [ 73.0877098, 19.0152586 ], [ 73.0877156, 19.0152174 ], [ 73.0877303, 19.0151787 ], [ 73.0879344, 19.0150231 ], [ 73.0880039, 19.015035 ], [ 73.0881291, 19.015199 ], [ 73.0881838, 19.015181 ], [ 73.0884128, 19.0150215 ], [ 73.0884506, 19.0150351 ], [ 73.0884724, 19.0150613 ], [ 73.088507, 19.0151409 ], [ 73.0884931, 19.0151883 ], [ 73.0884806, 19.0152306 ], [ 73.0877795, 19.0157233 ], [ 73.0876846, 19.0157206 ] ] } },
{ "type": "Feature", "properties": { "name": null, "highway": "residential" }, "geometry": { "type": "LineString", "coordinates": [ [ 73.0884931, 19.0151883 ], [ 73.0885527, 19.0151956 ], [ 73.0886413, 19.0152108 ] ] } },
{ "type": "Feature", "properties": { "name": null, "highway": "service" }, "geometry": { "type": "LineString", "coordinates": [ [ 73.0728981, 19.0706757 ], [ 73.0729104, 19.0709649 ] ] } },
{ "type": "Feature", "properties": { "name": null, "highway": "service" }, "geometry": { "type": "LineString", "coordinates": [ [ 73.0714477, 19.0699475 ], [ 73.0715014, 19.0699452 ], [ 73.0717827, 19.0699335 ] ] } },
{ "type": "Feature", "properties": { "name": null, "highway": "service" }, "geometry": { "type": "LineString", "coordinates": [ [ 73.0733985, 19.0715373 ], [ 73.0734273, 19.0715334 ], [ 73.0736938, 19.0714973 ] ] } },
{ "type": "Feature", "properties": { "name": null, "highway": "service" }, "geometry": { "type": "LineString", "coordinates": [ [ 73.0720701, 19.071892 ], [ 73.0720363, 19.0719327 ], [ 73.0717713, 19.0722519 ] ] } },
{ "type": "Feature", "properties": { "name": null, "highway": "service" }, "geometry": { "type": "LineString", "coordinates": [ [ 73.0718463, 19.0717387 ], [ 73.0717904, 19.0718011 ], [ 73.0716239, 19.0719995 ] ] } },
{ "type": "Feature", "properties": { "name": null, "highway": "service" }, "geometry": { "type": "LineString", "coordinates": [ [ 73.0716586, 19.0715987 ], [ 73.0715936, 19.0716689 ], [ 73.0713766, 19.0719647 ] ] } },
{ "type": "Feature", "properties": { "name": null, "highway": "service" }, "geometry": { "type": "LineString", "coordinates": [ [ 73.0703835, 19.0721958 ], [ 73.0704183, 19.0721531 ], [ 73.0705898, 19.0719424 ] ] } },
{ "type": "Feature", "properties": { "name": null, "highway": "residential" }, "geometry": { "type": "LineString", "coordinates": [ [ 73.0758684, 19.0721446 ], [ 73.0757929, 19.0721615 ], [ 73.0750788, 19.0723212 ], [ 73.0750569, 19.0723404 ], [ 73.0750492, 19.0723734 ], [ 73.0751739, 19.0727673 ], [ 73.0751963, 19.0727908 ], [ 73.0752425, 19.0728003 ], [ 73.0759159, 19.0726477 ], [ 73.0760068, 19.0726271 ] ] } },
{ "type": "Feature", "properties": { "name": null, "highway": "residential" }, "geometry": { "type": "LineString", "coordinates": [ [ 73.076152, 19.0715341 ], [ 73.0761806, 19.0716425 ], [ 73.0764624, 19.0726543 ], [ 73.0764857, 19.0727449 ], [ 73.07649, 19.0727603 ] ] } },
{ "type": "Feature", "properties": { "name": null, "highway": "service" }, "geometry": { "type": "LineString", "coordinates": [ [ 73.0764624, 19.0726543 ], [ 73.0761941, 19.0727087 ] ] } },
{ "type": "Feature", "properties": { "name": null, "highway": "residential" }, "geometry": { "type": "LineString", "coordinates": [ [ 73.0766262, 19.0714299 ], [ 73.0766525, 19.0715289 ], [ 73.0767399, 19.0718434 ], [ 73.076793, 19.0720341 ] ] } },
{ "type": "Feature", "properties": { "name": null, "highway": "residential" }, "geometry": { "type": "LineString", "coordinates": [ [ 73.0767399, 19.0718434 ], [ 73.0772633, 19.0717296 ], [ 73.0773494, 19.0717109 ] ] } },
{ "type": "Feature", "properties": { "name": null, "highway": "residential" }, "geometry": { "type": "LineString", "coordinates": [ [ 73.0781612, 19.0719207 ], [ 73.0780841, 19.0715694 ] ] } },
{ "type": "Feature", "properties": { "name": null, "highway": "residential" }, "geometry": { "type": "LineString", "coordinates": [ [ 73.0775636, 19.0708563 ], [ 73.0774961, 19.07087 ], [ 73.0770801, 19.0709547 ] ] } },
{ "type": "Feature", "properties": { "name": null, "highway": "residential" }, "geometry": { "type": "LineString", "coordinates": [ [ 73.0793616, 19.069865 ], [ 73.0793, 19.0698755 ], [ 73.078976, 19.0699305 ] ] } },
{ "type": "Feature", "properties": { "name": null, "highway": "residential" }, "geometry": { "type": "LineString", "coordinates": [ [ 73.0798668, 19.0707176 ], [ 73.0798618, 19.0707 ], [ 73.0797787, 19.0703928 ], [ 73.0795366, 19.0704441 ], [ 73.079519, 19.0704478 ] ] } },
{ "type": "Feature", "properties": { "name": null, "highway": "residential" }, "geometry": { "type": "LineString", "coordinates": [ [ 73.0800953, 19.0706659 ], [ 73.0800888, 19.070622 ], [ 73.0800167, 19.0703504 ], [ 73.0798257, 19.0703874 ], [ 73.0798973, 19.070675 ], [ 73.0799046, 19.0707093 ] ] } },
{ "type": "Feature", "properties": { "name": null, "highway": "service" }, "geometry": { "type": "LineString", "coordinates": [ [ 73.0720867, 19.0676106 ], [ 73.0720391, 19.0676148 ], [ 73.0718377, 19.0676324 ] ] } },
{ "type": "Feature", "properties": { "name": null, "highway": "service" }, "geometry": { "type": "LineString", "coordinates": [ [ 73.0721796, 19.0683032 ], [ 73.0721184, 19.0683056 ], [ 73.0718424, 19.0683398 ] ] } },
{ "type": "Feature", "properties": { "name": null, "highway": "service" }, "geometry": { "type": "LineString", "coordinates": [ [ 73.0721067, 19.0677545 ], [ 73.0720569, 19.0677589 ], [ 73.0718521, 19.0677768 ] ] } },
{ "type": "Feature", "properties": { "name": null, "highway": "service" }, "geometry": { "type": "LineString", "coordinates": [ [ 73.0721306, 19.0679269 ], [ 73.0720717, 19.0679322 ], [ 73.0718649, 19.0679509 ] ] } },
{ "type": "Feature", "properties": { "name": null, "highway": "service" }, "geometry": { "type": "LineString", "coordinates": [ [ 73.0713963, 19.0679345 ], [ 73.0714387, 19.0679294 ], [ 73.071746, 19.0678927 ] ] } },
{ "type": "Feature", "properties": { "name": null, "highway": "service" }, "geometry": { "type": "LineString", "coordinates": [ [ 73.0665092, 19.0392831 ], [ 73.0664578, 19.0392881 ], [ 73.0660431, 19.039328 ], [ 73.0660718, 19.0395415 ], [ 73.0664848, 19.0394922 ], [ 73.0665359, 19.0394861 ] ] } },
{ "type": "Feature", "properties": { "name": null, "highway": "service" }, "geometry": { "type": "LineString", "coordinates": [ [ 73.0655391, 19.0399238 ], [ 73.065547, 19.0399726 ], [ 73.0656094, 19.0403584 ] ] } },
{ "type": "Feature", "properties": { "name": null, "highway": "service" }, "geometry": { "type": "LineString", "coordinates": [ [ 73.0647168, 19.0404318 ], [ 73.0646715, 19.0400762 ], [ 73.0646664, 19.0400366 ] ] } },
{ "type": "Feature", "properties": { "name": null, "highway": "service" }, "geometry": { "type": "LineString", "coordinates": [ [ 73.0649428, 19.0404255 ], [ 73.0648851, 19.0400552 ], [ 73.0648778, 19.0400085 ] ] } },
{ "type": "Feature", "properties": { "name": null, "highway": "service" }, "geometry": { "type": "LineString", "coordinates": [ [ 73.0651665, 19.0403978 ], [ 73.0651116, 19.0400145 ], [ 73.0651064, 19.0399781 ] ] } },
{ "type": "Feature", "properties": { "name": null, "highway": "service" }, "geometry": { "type": "LineString", "coordinates": [ [ 73.0637323, 19.0405561 ], [ 73.0641055, 19.0405047 ], [ 73.0641577, 19.0404975 ] ] } },
{ "type": "Feature", "properties": { "name": null, "highway": "residential" }, "geometry": { "type": "LineString", "coordinates": [ [ 73.0636615, 19.0399394 ], [ 73.0639286, 19.0399138 ], [ 73.0640774, 19.0398975 ] ] } },
{ "type": "Feature", "properties": { "name": null, "highway": "residential" }, "geometry": { "type": "LineString", "coordinates": [ [ 73.067986, 19.0394204 ], [ 73.0679902, 19.0394254 ], [ 73.0680033, 19.0394329 ], [ 73.0680175, 19.0394323 ], [ 73.0680438, 19.0394112 ], [ 73.0682236, 19.0392738 ] ] } },
{ "type": "Feature", "properties": { "name": null, "highway": "service" }, "geometry": { "type": "LineString", "coordinates": [ [ 73.0672666, 19.0403203 ], [ 73.0672739, 19.0403558 ], [ 73.0673279, 19.040619 ], [ 73.0678565, 19.0409588 ], [ 73.0679075, 19.0409106 ], [ 73.0677791, 19.0407954 ] ] } },
{ "type": "Feature", "properties": { "name": null, "highway": "living_street" }, "geometry": { "type": "LineString", "coordinates": [ [ 73.066566, 19.0413698 ], [ 73.0670131, 19.0416564 ] ] } },
{ "type": "Feature", "properties": { "name": null, "highway": "living_street" }, "geometry": { "type": "LineString", "coordinates": [ [ 73.066394, 19.0415717 ], [ 73.0668254, 19.0418852 ] ] } },
{ "type": "Feature", "properties": { "name": null, "highway": "residential" }, "geometry": { "type": "LineString", "coordinates": [ [ 73.0627756, 19.0436443 ], [ 73.0627099, 19.0436625 ], [ 73.0620441, 19.0437471 ], [ 73.0620172, 19.0437674 ], [ 73.0620071, 19.0437978 ], [ 73.0620424, 19.0440299 ], [ 73.0620555, 19.044107 ] ] } },
{ "type": "Feature", "properties": { "name": null, "highway": "service" }, "geometry": { "type": "LineString", "coordinates": [ [ 73.0631402, 19.0439678 ], [ 73.0631382, 19.0439405 ], [ 73.0631167, 19.0436523 ], [ 73.0631, 19.0434015 ], [ 73.0630835, 19.0431545 ] ] } },
{ "type": "Feature", "properties": { "name": null, "highway": "service" }, "geometry": { "type": "LineString", "coordinates": [ [ 73.0631167, 19.0436523 ], [ 73.0633313, 19.0436218 ], [ 73.0634217, 19.043606 ] ] } },
{ "type": "Feature", "properties": { "name": null, "highway": "residential" }, "geometry": { "type": "LineString", "coordinates": [ [ 73.0630835, 19.0431545 ], [ 73.0633733, 19.0431161 ] ] } },
{ "type": "Feature", "properties": { "name": null, "highway": "service" }, "geometry": { "type": "LineString", "coordinates": [ [ 73.0628732, 19.0443998 ], [ 73.0633234, 19.0443506 ], [ 73.0633589, 19.0443473 ] ] } },
{ "type": "Feature", "properties": { "name": null, "highway": "residential" }, "geometry": { "type": "LineString", "coordinates": [ [ 73.0620519, 19.0447164 ], [ 73.0620313, 19.0445003 ], [ 73.0625643, 19.0444331 ], [ 73.0625782, 19.0445624 ] ] } },
{ "type": "Feature", "properties": { "name": null, "highway": "residential" }, "geometry": { "type": "LineString", "coordinates": [ [ 73.0620313, 19.0445003 ], [ 73.0620006, 19.0442526 ], [ 73.0620176, 19.0442245 ], [ 73.0625217, 19.0441585 ] ] } },
{ "type": "Feature", "properties": { "name": null, "highway": "service" }, "geometry": { "type": "LineString", "coordinates": [ [ 73.0604415, 19.0404946 ], [ 73.0603562, 19.0405042 ], [ 73.0603085, 19.0405095 ], [ 73.059713, 19.0405762 ], [ 73.0595047, 19.0406013 ], [ 73.0593643, 19.0406184 ], [ 73.0589701, 19.0406663 ], [ 73.0589051, 19.0406653 ], [ 73.0587105, 19.040417 ] ] } },
{ "type": "Feature", "properties": { "name": null, "highway": "service" }, "geometry": { "type": "LineString", "coordinates": [ [ 73.0593181, 19.039863 ], [ 73.0593099, 19.0401119 ], [ 73.0593643, 19.0406184 ] ] } },
{ "type": "Feature", "properties": { "name": null, "highway": "service" }, "geometry": { "type": "LineString", "coordinates": [ [ 73.0603085, 19.0405095 ], [ 73.0602196, 19.0397814 ] ] } },
{ "type": "Feature", "properties": { "name": null, "highway": "service" }, "geometry": { "type": "LineString", "coordinates": [ [ 73.0677583, 19.0440974 ], [ 73.0676626, 19.0441558 ], [ 73.0676039, 19.0441746 ], [ 73.067487, 19.0441913 ] ] } },
{ "type": "Feature", "properties": { "name": null, "highway": "service" }, "geometry": { "type": "LineString", "coordinates": [ [ 73.0681923, 19.0431312 ], [ 73.0679563, 19.0434125 ], [ 73.068136, 19.0435462 ], [ 73.068332, 19.043692 ], [ 73.0685177, 19.0438302 ], [ 73.0686417, 19.0439225 ], [ 73.0687094, 19.0439367 ], [ 73.068984, 19.0436293 ], [ 73.0690315, 19.0435761 ], [ 73.0690701, 19.0435328 ], [ 73.0692923, 19.043284 ] ] } },
{ "type": "Feature", "properties": { "name": null, "highway": "service" }, "geometry": { "type": "LineString", "coordinates": [ [ 73.068136, 19.0435462 ], [ 73.0684141, 19.0432162 ], [ 73.068457, 19.0431653 ] ] } },
{ "type": "Feature", "properties": { "name": null, "highway": "service" }, "geometry": { "type": "LineString", "coordinates": [ [ 73.068332, 19.043692 ], [ 73.0686156, 19.0433462 ], [ 73.0686525, 19.0433012 ] ] } },
{ "type": "Feature", "properties": { "name": null, "highway": "service" }, "geometry": { "type": "LineString", "coordinates": [ [ 73.0685177, 19.0438302 ], [ 73.0687876, 19.0435117 ], [ 73.0688466, 19.043442 ], [ 73.0688851, 19.0433966 ], [ 73.069083, 19.0431631 ] ] } },
{ "type": "Feature", "properties": { "name": null, "highway": "service" }, "geometry": { "type": "LineString", "coordinates": [ [ 73.0686525, 19.0433012 ], [ 73.0686813, 19.0432634 ], [ 73.0688768, 19.0430069 ] ] } },
{ "type": "Feature", "properties": { "name": null, "highway": "residential" }, "geometry": { "type": "LineString", "coordinates": [ [ 73.0668456, 19.0445114 ], [ 73.0667626, 19.0445197 ], [ 73.0663197, 19.044562 ] ] } },
{ "type": "Feature", "properties": { "name": null, "highway": "residential" }, "geometry": { "type": "LineString", "coordinates": [ [ 73.0662973, 19.044353 ], [ 73.066725, 19.0443015 ], [ 73.0668103, 19.0442934 ] ] } },
{ "type": "Feature", "properties": { "name": null, "highway": "service" }, "geometry": { "type": "LineString", "coordinates": [ [ 73.0648933, 19.0668467 ], [ 73.0646432, 19.0669148 ], [ 73.0646232, 19.0668799 ], [ 73.0645837, 19.0668342 ], [ 73.0645367, 19.0667893 ], [ 73.0644582, 19.0667741 ], [ 73.0639579, 19.0668876 ] ] } },
{ "type": "Feature", "properties": { "name": null, "highway": "service" }, "geometry": { "type": "LineString", "coordinates": [ [ 73.0602196, 19.0397814 ], [ 73.0593181, 19.039863 ], [ 73.0587683, 19.0399194 ] ] } },
{ "type": "Feature", "properties": { "name": null, "highway": "service" }, "geometry": { "type": "LineString", "coordinates": [ [ 73.076927, 19.0364378 ], [ 73.0769452, 19.0364552 ], [ 73.0770357, 19.0364182 ], [ 73.0770847, 19.0363885 ] ] } },
{ "type": "Feature", "properties": { "name": null, "highway": "residential" }, "geometry": { "type": "LineString", "coordinates": [ [ 73.0730722, 19.0475526 ], [ 73.0729548, 19.047563 ], [ 73.0723696, 19.0476105 ], [ 73.0723517, 19.0476062 ], [ 73.0723433, 19.0476022 ], [ 73.0723354, 19.0475952 ], [ 73.072329, 19.0475797 ], [ 73.0723101, 19.047344 ], [ 73.0723118, 19.0473361 ], [ 73.0723167, 19.0473295 ], [ 73.072324, 19.0473252 ], [ 73.0723313, 19.0473226 ], [ 73.0727268, 19.0472886 ] ] } },
{ "type": "Feature", "properties": { "name": null, "highway": "residential" }, "geometry": { "type": "LineString", "coordinates": [ [ 73.0701534, 19.0485445 ], [ 73.0702144, 19.0485395 ], [ 73.0707125, 19.0484811 ], [ 73.0706787, 19.0482179 ], [ 73.0701692, 19.0482791 ], [ 73.0701223, 19.0482847 ] ] } },
{ "type": "Feature", "properties": { "name": null, "highway": "residential" }, "geometry": { "type": "LineString", "coordinates": [ [ 73.0714818, 19.0487871 ], [ 73.0714962, 19.0488961 ], [ 73.0715015, 19.048936 ], [ 73.0715481, 19.0492858 ], [ 73.0717387, 19.0492632 ], [ 73.0716932, 19.0489204 ], [ 73.0716873, 19.0488761 ], [ 73.071673, 19.0487684 ] ] } },
{ "type": "Feature", "properties": { "name": null, "highway": "residential" }, "geometry": { "type": "LineString", "coordinates": [ [ 73.0719675, 19.0487351 ], [ 73.0719482, 19.0485953 ], [ 73.0719113, 19.0482591 ], [ 73.0718979, 19.0482425 ], [ 73.0718788, 19.0482322 ], [ 73.0717052, 19.0482528 ], [ 73.0716892, 19.0482616 ], [ 73.0716852, 19.0482794 ], [ 73.0717269, 19.0486182 ], [ 73.0717475, 19.0487597 ] ] } },
{ "type": "Feature", "properties": { "name": null, "highway": "service" }, "geometry": { "type": "LineString", "coordinates": [ [ 73.0730248, 19.0485257 ], [ 73.0732065, 19.0485071 ], [ 73.0735509, 19.0484719 ] ] } },
{ "type": "Feature", "properties": { "name": null, "highway": "service" }, "geometry": { "type": "LineString", "coordinates": [ [ 73.0732065, 19.0485071 ], [ 73.0732395, 19.0482523 ] ] } },
{ "type": "Feature", "properties": { "name": null, "highway": "service" }, "geometry": { "type": "LineString", "coordinates": [ [ 73.0729752, 19.0482535 ], [ 73.0732244, 19.0482141 ] ] } },
{ "type": "Feature", "properties": { "name": null, "highway": "service" }, "geometry": { "type": "LineString", "coordinates": [ [ 73.0747316, 19.0489373 ], [ 73.0747719, 19.048932 ], [ 73.0751724, 19.0488786 ], [ 73.0752088, 19.0488279 ], [ 73.0751642, 19.0485882 ], [ 73.0747329, 19.0486463 ], [ 73.0746893, 19.0486521 ] ] } },
{ "type": "Feature", "properties": { "name": null, "highway": "service" }, "geometry": { "type": "LineString", "coordinates": [ [ 73.0757705, 19.0496363 ], [ 73.0761619, 19.0495836 ], [ 73.0762209, 19.0495756 ] ] } },
{ "type": "Feature", "properties": { "name": null, "highway": "residential" }, "geometry": { "type": "LineString", "coordinates": [ [ 73.0787687, 19.0495668 ], [ 73.078662, 19.0494593 ], [ 73.0784238, 19.0492189 ], [ 73.0784201, 19.0492094 ], [ 73.078418, 19.0491985 ], [ 73.078418, 19.049191 ], [ 73.0784243, 19.0491815 ], [ 73.0785833, 19.04904 ], [ 73.0785927, 19.0490358 ], [ 73.0786053, 19.0490338 ], [ 73.0786175, 19.0490338 ], [ 73.0786272, 19.0490361 ], [ 73.0786381, 19.0490434 ], [ 73.0788549, 19.0492478 ], [ 73.0789766, 19.0493718 ] ] } },
{ "type": "Feature", "properties": { "name": null, "highway": "residential" }, "geometry": { "type": "LineString", "coordinates": [ [ 73.0712355, 19.0498627 ], [ 73.0712115, 19.0498279 ], [ 73.0711519, 19.0497384 ], [ 73.0711177, 19.0496463 ], [ 73.0712147, 19.0494595 ] ] } },
{ "type": "Feature", "properties": { "name": null, "highway": "residential" }, "geometry": { "type": "LineString", "coordinates": [ [ 73.0723814, 19.0456674 ], [ 73.0723819, 19.0456977 ], [ 73.0724063, 19.0459692 ], [ 73.0724128, 19.045988 ], [ 73.0724258, 19.0460049 ], [ 73.0724478, 19.0460169 ], [ 73.072706, 19.045995 ], [ 73.0728001, 19.0459867 ] ] } },
{ "type": "Feature", "properties": { "name": null, "highway": "service" }, "geometry": { "type": "LineString", "coordinates": [ [ 73.0744088, 19.0451318 ], [ 73.0740671, 19.0451493 ], [ 73.0740757, 19.0452206 ], [ 73.0740802, 19.0452428 ], [ 73.0740865, 19.0452551 ], [ 73.0744276, 19.0452443 ] ] } },
{ "type": "Feature", "properties": { "name": null, "highway": "service" }, "geometry": { "type": "LineString", "coordinates": [ [ 73.0740757, 19.0452206 ], [ 73.0739512, 19.0452262 ], [ 73.0739265, 19.0452273 ], [ 73.0739196, 19.0452084 ], [ 73.0739103, 19.0451007 ], [ 73.0739165, 19.0450859 ], [ 73.0740546, 19.0450807 ], [ 73.0740671, 19.0451493 ] ] } },
{ "type": "Feature", "properties": { "name": null, "highway": "residential" }, "geometry": { "type": "LineString", "coordinates": [ [ 73.0907992, 19.0680083 ], [ 73.0899613, 19.0680356 ] ] } },
{ "type": "Feature", "properties": { "name": null, "highway": "residential" }, "geometry": { "type": "LineString", "coordinates": [ [ 73.0463634, 19.0271312 ], [ 73.0464256, 19.0271596 ], [ 73.0464608, 19.0271769 ], [ 73.0465172, 19.0271989 ], [ 73.0467911, 19.0273054 ], [ 73.0468541, 19.0273601 ], [ 73.0468676, 19.0273885 ], [ 73.0467755, 19.027641 ], [ 73.0467488, 19.0277142 ], [ 73.0467212, 19.0277967 ], [ 73.0466393, 19.0280417 ], [ 73.046635, 19.0280852 ], [ 73.0465736, 19.0284129 ], [ 73.0465408, 19.0284804 ], [ 73.0464835, 19.0284833 ], [ 73.0464065, 19.0284516 ], [ 73.0460146, 19.0282902 ], [ 73.0459866, 19.0282321 ], [ 73.0459675, 19.028189 ], [ 73.0459776, 19.0281089 ], [ 73.0461336, 19.0277946 ], [ 73.0462834, 19.0275043 ], [ 73.0464283, 19.0272239 ], [ 73.0464608, 19.0271769 ] ] } },
{ "type": "Feature", "properties": { "name": null, "highway": "residential" }, "geometry": { "type": "LineString", "coordinates": [ [ 73.0467659, 19.0253706 ], [ 73.0468821, 19.0251805 ], [ 73.0468902, 19.0251188 ], [ 73.0469041, 19.0250144 ], [ 73.0469408, 19.0248796 ] ] } },
{ "type": "Feature", "properties": { "name": null, "highway": "residential" }, "geometry": { "type": "LineString", "coordinates": [ [ 73.0468902, 19.0251188 ], [ 73.0469476, 19.0250728 ], [ 73.0471753, 19.0251344 ], [ 73.0471072, 19.0253962 ] ] } },
{ "type": "Feature", "properties": { "name": null, "highway": "service" }, "geometry": { "type": "LineString", "coordinates": [ [ 73.0458901, 19.0239476 ], [ 73.0461382, 19.0237404 ] ] } },
{ "type": "Feature", "properties": { "name": null, "highway": "service" }, "geometry": { "type": "LineString", "coordinates": [ [ 73.0717671, 19.068322 ], [ 73.071486, 19.0683562 ], [ 73.0714391, 19.0683606 ] ] } },
{ "type": "Feature", "properties": { "name": null, "highway": "residential" }, "geometry": { "type": "LineString", "coordinates": [ [ 73.0864646, 19.0205575 ], [ 73.0868521, 19.0212075 ] ] } },
{ "type": "Feature", "properties": { "name": null, "highway": "service" }, "geometry": { "type": "LineString", "coordinates": [ [ 73.0691661, 19.0427131 ], [ 73.0693199, 19.0425182 ], [ 73.0693734, 19.0424521 ], [ 73.0694188, 19.0424006 ], [ 73.0696325, 19.0421261 ] ] } },
{ "type": "Feature", "properties": { "name": null, "highway": "service" }, "geometry": { "type": "LineString", "coordinates": [ [ 73.0693369, 19.0428611 ], [ 73.0695098, 19.0426314 ], [ 73.0695563, 19.0425808 ], [ 73.0695924, 19.0425414 ], [ 73.0698146, 19.0422773 ] ] } },
{ "type": "Feature", "properties": { "name": null, "highway": "service" }, "geometry": { "type": "LineString", "coordinates": [ [ 73.0695297, 19.0429746 ], [ 73.0697005, 19.0427687 ], [ 73.0697458, 19.0427217 ], [ 73.0697787, 19.0426726 ], [ 73.0699901, 19.0424085 ] ] } },
{ "type": "Feature", "properties": { "name": null, "highway": "residential" }, "geometry": { "type": "LineString", "coordinates": [ [ 73.088577, 19.036544 ], [ 73.0886161, 19.0366128 ], [ 73.0886195, 19.0366188 ], [ 73.0886393, 19.0366539 ] ] } },
{ "type": "Feature", "properties": { "name": null, "highway": "residential" }, "geometry": { "type": "LineString", "coordinates": [ [ 73.0889445, 19.0365332 ], [ 73.0889152, 19.0364826 ], [ 73.0889082, 19.0364706 ], [ 73.0888725, 19.0364092 ] ] } },
{ "type": "Feature", "properties": { "name": null, "highway": "residential" }, "geometry": { "type": "LineString", "coordinates": [ [ 73.0886393, 19.0366539 ], [ 73.0889445, 19.0365332 ], [ 73.0889641, 19.0365258 ], [ 73.0890324, 19.0365306 ], [ 73.089103, 19.0365938 ], [ 73.0894993, 19.0373722 ], [ 73.0895481, 19.0375105 ], [ 73.0895356, 19.0375671 ], [ 73.0895008, 19.0376178 ], [ 73.0890908, 19.0378573 ], [ 73.0889614, 19.037899 ], [ 73.0889156, 19.0378893 ], [ 73.0888633, 19.0378305 ], [ 73.0884661, 19.0372245 ] ] } },
{ "type": "Feature", "properties": { "name": null, "highway": "service" }, "geometry": { "type": "LineString", "coordinates": [ [ 73.0883604, 19.0371868 ], [ 73.0881701, 19.036891 ], [ 73.0882055, 19.0368083 ], [ 73.0881696, 19.0367297 ] ] } },
{ "type": "Feature", "properties": { "name": null, "highway": "service" }, "geometry": { "type": "LineString", "coordinates": [ [ 73.0897231, 19.036348 ], [ 73.0896326, 19.0361587 ], [ 73.0896024, 19.0360955 ] ] } },
{ "type": "Feature", "properties": { "name": null, "highway": "residential" }, "geometry": { "type": "LineString", "coordinates": [ [ 73.0786905, 19.0511321 ], [ 73.0787053, 19.0511311 ], [ 73.0787212, 19.0511304 ], [ 73.0787119, 19.0510447 ], [ 73.0787063, 19.0509664 ], [ 73.0786966, 19.0508366 ], [ 73.0786764, 19.0508386 ], [ 73.0786589, 19.0508403 ] ] } },
{ "type": "Feature", "properties": { "name": null, "highway": "service" }, "geometry": { "type": "LineString", "coordinates": [ [ 73.0894374, 19.0367881 ], [ 73.08948, 19.0367679 ], [ 73.0900826, 19.0364822 ], [ 73.0901812, 19.0364837 ], [ 73.0902943, 19.0367089 ], [ 73.090274, 19.036759 ] ] } },
{ "type": "Feature", "properties": { "name": null, "highway": "service" }, "geometry": { "type": "LineString", "coordinates": [ [ 73.0895898, 19.0370661 ], [ 73.089627, 19.0370494 ], [ 73.090274, 19.036759 ] ] } },
{ "type": "Feature", "properties": { "name": null, "highway": "residential" }, "geometry": { "type": "LineString", "coordinates": [ [ 73.078316, 19.0515173 ], [ 73.0783098, 19.0514588 ], [ 73.0782958, 19.0512546 ], [ 73.0783, 19.0512269 ], [ 73.0783142, 19.051215 ], [ 73.0784748, 19.0512026 ], [ 73.0785023, 19.0512099 ], [ 73.0785136, 19.0512393 ], [ 73.0785219, 19.0514301 ], [ 73.0785214, 19.051495 ] ] } },
{ "type": "Feature", "properties": { "name": null, "highway": "service" }, "geometry": { "type": "LineString", "coordinates": [ [ 73.0896064, 19.0370964 ], [ 73.0896459, 19.037078 ], [ 73.0902836, 19.0367823 ] ] } },
{ "type": "Feature", "properties": { "name": null, "highway": "service" }, "geometry": { "type": "LineString", "coordinates": [ [ 73.0897586, 19.0373742 ], [ 73.0897993, 19.0373587 ], [ 73.0904443, 19.0370816 ], [ 73.0905015, 19.0369958 ], [ 73.0903784, 19.0367821 ], [ 73.0902836, 19.0367823 ] ] } },
{ "type": "Feature", "properties": { "name": null, "highway": "residential" }, "geometry": { "type": "LineString", "coordinates": [ [ 73.0775262, 19.0515361 ], [ 73.0776418, 19.0515249 ], [ 73.077669, 19.0515065 ], [ 73.0776789, 19.0514769 ], [ 73.0776569, 19.0512944 ], [ 73.0776519, 19.051274 ], [ 73.0776386, 19.0512629 ], [ 73.0775141, 19.0512769 ], [ 73.0774962, 19.0512916 ], [ 73.0774876, 19.0513181 ], [ 73.0775262, 19.0515361 ], [ 73.0775315, 19.0515663 ], [ 73.0775369, 19.0515966 ] ] } },
{ "type": "Feature", "properties": { "name": null, "highway": "residential" }, "geometry": { "type": "LineString", "coordinates": [ [ 73.0775092, 19.0515996 ], [ 73.0775001, 19.0515556 ], [ 73.0774958, 19.0515337 ], [ 73.0774884, 19.0515085 ], [ 73.0774757, 19.0514907 ], [ 73.0774524, 19.0514869 ], [ 73.0772158, 19.0515167 ], [ 73.0771958, 19.0515235 ], [ 73.077191, 19.0515389 ], [ 73.077189, 19.0515639 ], [ 73.0771914, 19.0515861 ], [ 73.0771977, 19.0516318 ] ] } },
{ "type": "Feature", "properties": { "name": null, "highway": "residential" }, "geometry": { "type": "LineString", "coordinates": [ [ 73.0750338, 19.0502518 ], [ 73.0751125, 19.0508187 ] ] } },
{ "type": "Feature", "properties": { "name": null, "highway": "residential" }, "geometry": { "type": "LineString", "coordinates": [ [ 73.0735686, 19.0514842 ], [ 73.0736092, 19.0516018 ], [ 73.0736277, 19.0516334 ], [ 73.0736841, 19.0517296 ], [ 73.0737919, 19.0518171 ], [ 73.073917, 19.051909 ], [ 73.0740174, 19.0519617 ], [ 73.0740676, 19.0519577 ], [ 73.0742108, 19.0519462 ] ] } },
{ "type": "Feature", "properties": { "name": null, "highway": "steps" }, "geometry": { "type": "LineString", "coordinates": [ [ 73.076629, 19.0403562 ], [ 73.0766989, 19.0404293 ] ] } },
{ "type": "Feature", "properties": { "name": null, "highway": "service" }, "geometry": { "type": "LineString", "coordinates": [ [ 73.0718231, 19.0437636 ], [ 73.0717965, 19.0439563 ], [ 73.0717497, 19.043993 ], [ 73.0714849, 19.043947 ], [ 73.0714897, 19.0438676 ], [ 73.0715218, 19.0437199 ] ] } },
{ "type": "Feature", "properties": { "name": null, "highway": "service" }, "geometry": { "type": "LineString", "coordinates": [ [ 73.0718436, 19.0437666 ], [ 73.0719107, 19.0437826 ] ] } },
{ "type": "Feature", "properties": { "name": null, "highway": "path" }, "geometry": { "type": "LineString", "coordinates": [ [ 73.0751659, 19.0456459 ], [ 73.0752588, 19.0456387 ], [ 73.0758118, 19.0455997 ], [ 73.0761939, 19.0460142 ], [ 73.0762383, 19.0466054 ] ] } },
{ "type": "Feature", "properties": { "name": null, "highway": "service" }, "geometry": { "type": "LineString", "coordinates": [ [ 73.0731465, 19.0330095 ], [ 73.0733308, 19.0328355 ], [ 73.0734447, 19.0327279 ] ] } },
{ "type": "Feature", "properties": { "name": null, "highway": "residential" }, "geometry": { "type": "LineString", "coordinates": [ [ 73.0757175, 19.0325514 ], [ 73.0760449, 19.0322532 ] ] } },
{ "type": "Feature", "properties": { "name": null, "highway": "residential" }, "geometry": { "type": "LineString", "coordinates": [ [ 73.0754308, 19.0328215 ], [ 73.0756841, 19.0325883 ] ] } },
{ "type": "Feature", "properties": { "name": null, "highway": "residential" }, "geometry": { "type": "LineString", "coordinates": [ [ 73.0750897, 19.0334897 ], [ 73.0753206, 19.0337298 ], [ 73.0753425, 19.0337356 ], [ 73.0753804, 19.0337234 ], [ 73.0755747, 19.0335432 ] ] } },
{ "type": "Feature", "properties": { "name": null, "highway": "residential" }, "geometry": { "type": "LineString", "coordinates": [ [ 73.0872309, 19.073303 ], [ 73.0872447, 19.073171 ], [ 73.0873618, 19.0728508 ] ] } },
{ "type": "Feature", "properties": { "name": null, "highway": "service" }, "geometry": { "type": "LineString", "coordinates": [ [ 73.0621459, 19.0500141 ], [ 73.0621563, 19.0502456 ], [ 73.0622212, 19.0505234 ], [ 73.0622324, 19.0505741 ], [ 73.0622026, 19.0506314 ], [ 73.0620019, 19.0507078 ], [ 73.0618021, 19.0507274 ], [ 73.061747, 19.0507079 ], [ 73.061713, 19.0506495 ], [ 73.0616589, 19.0502953 ], [ 73.0616404, 19.0501813 ], [ 73.0616101, 19.0499335 ], [ 73.0615921, 19.049786 ], [ 73.0615876, 19.0497491 ] ] } },
{ "type": "Feature", "properties": { "name": null, "highway": "tertiary" }, "geometry": { "type": "LineString", "coordinates": [ [ 73.0615876, 19.0497491 ], [ 73.0618166, 19.0498047 ], [ 73.06189, 19.049817 ], [ 73.0619693, 19.0498208 ], [ 73.0620673, 19.0498218 ], [ 73.0625712, 19.049762 ], [ 73.063397, 19.0496639 ], [ 73.0638768, 19.0496069 ], [ 73.064, 19.0495838 ], [ 73.0641194, 19.0495421 ] ] } },
{ "type": "Feature", "properties": { "name": null, "highway": "service" }, "geometry": { "type": "LineString", "coordinates": [ [ 73.065034, 19.054835 ], [ 73.0650368, 19.0547829 ], [ 73.0650378, 19.054764 ], [ 73.0651424, 19.0536559 ], [ 73.0651579, 19.0534867 ] ] } },
{ "type": "Feature", "properties": { "name": null, "highway": "residential" }, "geometry": { "type": "LineString", "coordinates": [ [ 73.0666811, 19.0504336 ], [ 73.0666881, 19.0504799 ], [ 73.0666895, 19.0505399 ], [ 73.0666647, 19.0505525 ], [ 73.0664323, 19.0505863 ], [ 73.0664099, 19.0506034 ], [ 73.066409, 19.0506573 ], [ 73.0664233, 19.0507283 ], [ 73.0664262, 19.0507615 ], [ 73.0664161, 19.0507742 ], [ 73.0663954, 19.0507813 ], [ 73.0663451, 19.0507849 ] ] } },
{ "type": "Feature", "properties": { "name": null, "highway": "residential" }, "geometry": { "type": "LineString", "coordinates": [ [ 73.0696891, 19.0512729 ], [ 73.0696469, 19.0512772 ], [ 73.0696371, 19.0512775 ], [ 73.0693003, 19.0513189 ], [ 73.0692649, 19.051088 ], [ 73.0692607, 19.0510606 ], [ 73.0692522, 19.0510056 ] ] } },
{ "type": "Feature", "properties": { "name": null, "highway": "residential" }, "geometry": { "type": "LineString", "coordinates": [ [ 73.0697202, 19.0515163 ], [ 73.0696415, 19.0515229 ], [ 73.0695874, 19.0515303 ], [ 73.0693829, 19.0515585 ], [ 73.0693628, 19.0515829 ], [ 73.069355, 19.0516608 ], [ 73.0693846, 19.0517403 ], [ 73.069415, 19.051754 ], [ 73.0696102, 19.051736 ], [ 73.0696694, 19.0517305 ], [ 73.0697467, 19.0517238 ] ] } },
{ "type": "Feature", "properties": { "name": null, "highway": "service" }, "geometry": { "type": "LineString", "coordinates": [ [ 73.0898791, 19.0222701 ], [ 73.0895596, 19.0224902 ] ] } },
{ "type": "Feature", "properties": { "name": null, "highway": "service" }, "geometry": { "type": "LineString", "coordinates": [ [ 73.0889499, 19.0218736 ], [ 73.0889713, 19.0219001 ], [ 73.0891707, 19.0221471 ] ] } },
{ "type": "Feature", "properties": { "name": null, "highway": "service" }, "geometry": { "type": "LineString", "coordinates": [ [ 73.0893293, 19.0233179 ], [ 73.0892329, 19.0231912 ] ] } },
{ "type": "Feature", "properties": { "name": null, "highway": "service" }, "geometry": { "type": "LineString", "coordinates": [ [ 73.0895296, 19.0225837 ], [ 73.0892996, 19.0227423 ], [ 73.0894772, 19.0229776 ], [ 73.0894849, 19.0229878 ] ] } },
{ "type": "Feature", "properties": { "name": null, "highway": "service" }, "geometry": { "type": "LineString", "coordinates": [ [ 73.0894849, 19.0229878 ], [ 73.0895945, 19.0231331 ] ] } },
{ "type": "Feature", "properties": { "name": null, "highway": "service" }, "geometry": { "type": "LineString", "coordinates": [ [ 73.0886816, 19.0232707 ], [ 73.0890882, 19.0230011 ] ] } },
{ "type": "Feature", "properties": { "name": null, "highway": "service" }, "geometry": { "type": "LineString", "coordinates": [ [ 73.0886187, 19.0233124 ], [ 73.0886816, 19.0232707 ] ] } },
{ "type": "Feature", "properties": { "name": null, "highway": "service" }, "geometry": { "type": "LineString", "coordinates": [ [ 73.0889713, 19.0219001 ], [ 73.0888345, 19.0219945 ], [ 73.0890276, 19.022232 ] ] } },
{ "type": "Feature", "properties": { "name": null, "highway": "service" }, "geometry": { "type": "LineString", "coordinates": [ [ 73.0888141, 19.0219682 ], [ 73.0887937, 19.021942 ] ] } },
{ "type": "Feature", "properties": { "name": null, "highway": "service" }, "geometry": { "type": "LineString", "coordinates": [ [ 73.0888345, 19.0219945 ], [ 73.0888141, 19.0219682 ] ] } },
{ "type": "Feature", "properties": { "name": null, "highway": "service" }, "geometry": { "type": "LineString", "coordinates": [ [ 73.0889285, 19.0218471 ], [ 73.0889499, 19.0218736 ] ] } },
{ "type": "Feature", "properties": { "name": null, "highway": "service" }, "geometry": { "type": "LineString", "coordinates": [ [ 73.0886682, 19.0216434 ], [ 73.088729, 19.0215992 ] ] } },
{ "type": "Feature", "properties": { "name": null, "highway": "service" }, "geometry": { "type": "LineString", "coordinates": [ [ 73.0886343, 19.0216681 ], [ 73.0886682, 19.0216434 ] ] } },
{ "type": "Feature", "properties": { "name": null, "highway": "footway" }, "geometry": { "type": "LineString", "coordinates": [ [ 73.0867939, 19.0190877 ], [ 73.0867358, 19.0191267 ] ] } },
{ "type": "Feature", "properties": { "name": null, "highway": "service" }, "geometry": { "type": "LineString", "coordinates": [ [ 73.0892421, 19.0204539 ], [ 73.0893667, 19.0203671 ] ] } },
{ "type": "Feature", "properties": { "name": null, "highway": "residential" }, "geometry": { "type": "LineString", "coordinates": [ [ 73.0845693, 19.0442816 ], [ 73.0841566, 19.0443199 ] ] } },
{ "type": "Feature", "properties": { "name": null, "highway": "residential" }, "geometry": { "type": "LineString", "coordinates": [ [ 73.0843887, 19.0437765 ], [ 73.0840995, 19.0438041 ] ] } },
{ "type": "Feature", "properties": { "name": null, "highway": "residential" }, "geometry": { "type": "LineString", "coordinates": [ [ 73.0825242, 19.0434788 ], [ 73.0828894, 19.0434253 ] ] } },
{ "type": "Feature", "properties": { "name": null, "highway": "residential" }, "geometry": { "type": "LineString", "coordinates": [ [ 73.0825242, 19.0434788 ], [ 73.0821585, 19.043512 ] ] } },
{ "type": "Feature", "properties": { "name": null, "highway": "residential" }, "geometry": { "type": "LineString", "coordinates": [ [ 73.0828849, 19.0430421 ], [ 73.0824826, 19.0430824 ] ] } },
{ "type": "Feature", "properties": { "name": null, "highway": "residential" }, "geometry": { "type": "LineString", "coordinates": [ [ 73.0824826, 19.0430824 ], [ 73.0821374, 19.0431221 ] ] } },
{ "type": "Feature", "properties": { "name": null, "highway": "residential" }, "geometry": { "type": "LineString", "coordinates": [ [ 73.0824506, 19.0427925 ], [ 73.0820702, 19.0428253 ] ] } },
{ "type": "Feature", "properties": { "name": null, "highway": "living_street" }, "geometry": { "type": "LineString", "coordinates": [ [ 73.0716007, 19.0532363 ], [ 73.0715496, 19.0528749 ] ] } },
{ "type": "Feature", "properties": { "name": null, "highway": "residential" }, "geometry": { "type": "LineString", "coordinates": [ [ 73.0596712, 19.0297719 ], [ 73.0592725, 19.0295295 ] ] } },
{ "type": "Feature", "properties": { "name": null, "highway": "residential" }, "geometry": { "type": "LineString", "coordinates": [ [ 73.0602739, 19.0301732 ], [ 73.060011, 19.0299901 ], [ 73.0603976, 19.0294754 ] ] } },
{ "type": "Feature", "properties": { "name": null, "highway": "residential" }, "geometry": { "type": "LineString", "coordinates": [ [ 73.058446, 19.0290889 ], [ 73.0588765, 19.029057 ], [ 73.0593267, 19.0289751 ] ] } },
{ "type": "Feature", "properties": { "name": null, "highway": "residential" }, "geometry": { "type": "LineString", "coordinates": [ [ 73.0600923, 19.0314418 ], [ 73.0598064, 19.0311006 ], [ 73.0596791, 19.030957 ] ] } },
{ "type": "Feature", "properties": { "name": null, "highway": "service" }, "geometry": { "type": "LineString", "coordinates": [ [ 73.0613239, 19.0321975 ], [ 73.0607179, 19.0326404 ] ] } },
{ "type": "Feature", "properties": { "name": null, "highway": "service" }, "geometry": { "type": "LineString", "coordinates": [ [ 73.0611912, 19.0333408 ], [ 73.0610606, 19.0331364 ] ] } },
{ "type": "Feature", "properties": { "name": null, "highway": "service" }, "geometry": { "type": "LineString", "coordinates": [ [ 73.0615943, 19.0316763 ], [ 73.0609331, 19.0311834 ], [ 73.0615323, 19.0303851 ], [ 73.0617133, 19.0301284 ], [ 73.0617451, 19.0301113 ], [ 73.0617816, 19.0301119 ], [ 73.0619133, 19.0302021 ], [ 73.0622894, 19.0304595 ], [ 73.0624168, 19.0305467 ] ] } },
{ "type": "Feature", "properties": { "name": null, "highway": "service" }, "geometry": { "type": "LineString", "coordinates": [ [ 73.0609331, 19.0311834 ], [ 73.0608156, 19.0313389 ] ] } },
{ "type": "Feature", "properties": { "name": null, "highway": "service" }, "geometry": { "type": "LineString", "coordinates": [ [ 73.0624519, 19.0318404 ], [ 73.0619821, 19.0324506 ], [ 73.0613587, 19.0319856 ] ] } },
{ "type": "Feature", "properties": { "name": null, "highway": "service" }, "geometry": { "type": "LineString", "coordinates": [ [ 73.0626032, 19.0292546 ], [ 73.062645, 19.0291966 ], [ 73.0628813, 19.0288688 ] ] } },
{ "type": "Feature", "properties": { "name": null, "highway": "service" }, "geometry": { "type": "LineString", "coordinates": [ [ 73.0603591, 19.0324334 ], [ 73.0606133, 19.0327083 ] ] } },
{ "type": "Feature", "properties": { "name": null, "highway": "residential" }, "geometry": { "type": "LineString", "coordinates": [ [ 73.0679656, 19.0317521 ], [ 73.0679992, 19.0317086 ], [ 73.068095, 19.0315844 ], [ 73.0680074, 19.0315243 ], [ 73.0681872, 19.0313096 ], [ 73.0683546, 19.031414 ], [ 73.0681783, 19.0316391 ], [ 73.068095, 19.0315844 ] ] } },
{ "type": "Feature", "properties": { "name": null, "highway": "residential" }, "geometry": { "type": "LineString", "coordinates": [ [ 73.0679387, 19.032412 ], [ 73.0680054, 19.0324577 ], [ 73.0684242, 19.0327495 ], [ 73.0684439, 19.032768 ], [ 73.0684375, 19.0328093 ], [ 73.0684116, 19.0328492 ] ] } },
{ "type": "Feature", "properties": { "name": null, "highway": "service" }, "geometry": { "type": "LineString", "coordinates": [ [ 73.069311, 19.0330873 ], [ 73.0686299, 19.0326243 ] ] } },
{ "type": "Feature", "properties": { "name": null, "highway": "service" }, "geometry": { "type": "LineString", "coordinates": [ [ 73.0688647, 19.0323773 ], [ 73.0688883, 19.0323488 ], [ 73.0691943, 19.0319789 ] ] } },
{ "type": "Feature", "properties": { "name": null, "highway": "service" }, "geometry": { "type": "LineString", "coordinates": [ [ 73.0655914, 19.0297572 ], [ 73.0655503, 19.0297316 ], [ 73.0652294, 19.0295315 ], [ 73.0650561, 19.0297605 ], [ 73.0650203, 19.0298078 ] ] } },
{ "type": "Feature", "properties": { "name": null, "highway": "residential" }, "geometry": { "type": "LineString", "coordinates": [ [ 73.0880494, 19.0131376 ], [ 73.0881153, 19.0132171 ] ] } },
{ "type": "Feature", "properties": { "name": null, "highway": "residential" }, "geometry": { "type": "LineString", "coordinates": [ [ 73.0884901, 19.0136686 ], [ 73.088552, 19.0137416 ] ] } },
{ "type": "Feature", "properties": { "name": null, "highway": "residential" }, "geometry": { "type": "LineString", "coordinates": [ [ 73.0632733, 19.0457547 ], [ 73.0633133, 19.045687 ], [ 73.0633359, 19.0456516 ], [ 73.0633584, 19.0456133 ], [ 73.0633783, 19.0455742 ], [ 73.0633805, 19.0455303 ], [ 73.0633625, 19.0454855 ], [ 73.0633263, 19.0454462 ], [ 73.0629922, 19.0454789 ], [ 73.0625766, 19.0455122 ], [ 73.0622209, 19.0455448 ], [ 73.0621994, 19.0455616 ], [ 73.0621935, 19.0455882 ], [ 73.0621981, 19.0457862 ], [ 73.0621191, 19.0457903 ], [ 73.0620938, 19.0458134 ], [ 73.0620846, 19.0458578 ], [ 73.0621322, 19.0462643 ], [ 73.0621627, 19.0466041 ], [ 73.0624895, 19.0465741 ] ] } },
{ "type": "Feature", "properties": { "name": null, "highway": "residential" }, "geometry": { "type": "LineString", "coordinates": [ [ 73.063138, 19.0464969 ], [ 73.0631642, 19.0467477 ], [ 73.0631821, 19.0467734 ], [ 73.0632183, 19.0467904 ], [ 73.0635374, 19.0467605 ], [ 73.0635569, 19.0466905 ], [ 73.0635448, 19.0466422 ], [ 73.0635056, 19.0466025 ], [ 73.0634428, 19.0465418 ], [ 73.0633602, 19.0464704 ] ] } },
{ "type": "Feature", "properties": { "name": null, "highway": "residential" }, "geometry": { "type": "LineString", "coordinates": [ [ 73.0621627, 19.0466041 ], [ 73.0621373, 19.0466092 ], [ 73.0621104, 19.0466304 ], [ 73.0621406, 19.0469216 ], [ 73.0621506, 19.046933 ], [ 73.0621627, 19.0469359 ], [ 73.0627372, 19.0468675 ], [ 73.0627547, 19.0468488 ], [ 73.0627279, 19.0465457 ] ] } },
{ "type": "Feature", "properties": { "name": null, "highway": "footway" }, "geometry": { "type": "LineString", "coordinates": [ [ 73.0666069, 19.0491179 ], [ 73.0667007, 19.0491031 ], [ 73.0667945, 19.0490882 ] ] } },
{ "type": "Feature", "properties": { "name": null, "highway": "residential" }, "geometry": { "type": "LineString", "coordinates": [ [ 73.0669626, 19.0504031 ], [ 73.0668937, 19.0498639 ], [ 73.0668584, 19.0495881 ], [ 73.0667945, 19.0490882 ] ] } },
{ "type": "Feature", "properties": { "name": null, "highway": "footway" }, "geometry": { "type": "LineString", "coordinates": [ [ 73.0656366, 19.0491707 ], [ 73.0657136, 19.0491606 ], [ 73.0660503, 19.0491218 ] ] } },
{ "type": "Feature", "properties": { "name": null, "highway": "service" }, "geometry": { "type": "LineString", "coordinates": [ [ 73.0689086, 19.0484386 ], [ 73.0697756, 19.0483325 ], [ 73.0698234, 19.048733 ], [ 73.0689625, 19.0488398 ] ] } },
{ "type": "Feature", "properties": { "name": null, "highway": "service" }, "geometry": { "type": "LineString", "coordinates": [ [ 73.0689625, 19.0488398 ], [ 73.0688958, 19.0488481 ] ] } },
{ "type": "Feature", "properties": { "name": null, "highway": "service" }, "geometry": { "type": "LineString", "coordinates": [ [ 73.0688444, 19.0484465 ], [ 73.0689086, 19.0484386 ] ] } },
{ "type": "Feature", "properties": { "name": null, "highway": "service" }, "geometry": { "type": "LineString", "coordinates": [ [ 73.0689511, 19.0486319 ], [ 73.0695568, 19.0485597 ] ] } },
{ "type": "Feature", "properties": { "name": null, "highway": "service" }, "geometry": { "type": "LineString", "coordinates": [ [ 73.0688694, 19.0486417 ], [ 73.0689511, 19.0486319 ] ] } },
{ "type": "Feature", "properties": { "name": null, "highway": "service" }, "geometry": { "type": "LineString", "coordinates": [ [ 73.0647626, 19.0456639 ], [ 73.0645111, 19.0456892 ], [ 73.0644725, 19.0453702 ], [ 73.0647114, 19.0453339 ], [ 73.0647902, 19.045327 ] ] } },
{ "type": "Feature", "properties": { "name": null, "highway": "service" }, "geometry": { "type": "LineString", "coordinates": [ [ 73.0670348, 19.0473294 ], [ 73.0670497, 19.0474546 ] ] } },
{ "type": "Feature", "properties": { "name": null, "highway": "service" }, "geometry": { "type": "LineString", "coordinates": [ [ 73.0661092, 19.0471731 ], [ 73.0661755, 19.0471651 ] ] } },
{ "type": "Feature", "properties": { "name": null, "highway": "service" }, "geometry": { "type": "LineString", "coordinates": [ [ 73.0660429, 19.0471811 ], [ 73.0661092, 19.0471731 ] ] } },
{ "type": "Feature", "properties": { "name": null, "highway": "footway" }, "geometry": { "type": "LineString", "coordinates": [ [ 73.0662274, 19.0475485 ], [ 73.0662453, 19.047681 ] ] } },
{ "type": "Feature", "properties": { "name": null, "highway": "service" }, "geometry": { "type": "LineString", "coordinates": [ [ 73.0670497, 19.0474546 ], [ 73.0670647, 19.0475797 ] ] } },
{ "type": "Feature", "properties": { "name": null, "highway": "service" }, "geometry": { "type": "LineString", "coordinates": [ [ 73.0792792, 19.0577204 ], [ 73.0792914, 19.0578107 ], [ 73.0793058, 19.0579168 ], [ 73.0793368, 19.0580014 ], [ 73.079342, 19.0580817 ], [ 73.0793611, 19.0582124 ] ] } },
{ "type": "Feature", "properties": { "name": null, "highway": "service" }, "geometry": { "type": "LineString", "coordinates": [ [ 73.0808125, 19.0582402 ], [ 73.0807514, 19.0582459 ], [ 73.0807305, 19.0582478 ], [ 73.0807001, 19.0580319 ], [ 73.0806688, 19.05788 ], [ 73.0806455, 19.0578205 ], [ 73.0806299, 19.0577845 ], [ 73.0805982, 19.0577536 ], [ 73.0805328, 19.0577216 ], [ 73.0804557, 19.0577276 ], [ 73.0800319, 19.0577671 ] ] } },
{ "type": "Feature", "properties": { "name": null, "highway": "service" }, "geometry": { "type": "LineString", "coordinates": [ [ 73.0812973, 19.0586644 ], [ 73.0813074, 19.0587225 ], [ 73.0813349, 19.0588816 ], [ 73.0813626, 19.0590558 ] ] } },
{ "type": "Feature", "properties": { "name": null, "highway": "service" }, "geometry": { "type": "LineString", "coordinates": [ [ 73.0809172, 19.0591071 ], [ 73.0809633, 19.0591002 ], [ 73.0813626, 19.0590558 ] ] } },
{ "type": "Feature", "properties": { "name": null, "highway": "service" }, "geometry": { "type": "LineString", "coordinates": [ [ 73.0808984, 19.0589474 ], [ 73.0809434, 19.0589407 ], [ 73.0813349, 19.0588816 ] ] } },
{ "type": "Feature", "properties": { "name": null, "highway": "service" }, "geometry": { "type": "LineString", "coordinates": [ [ 73.0645842, 19.0567478 ], [ 73.0646683, 19.0567484 ], [ 73.0647092, 19.0567464 ], [ 73.0647501, 19.0567444 ], [ 73.0648063, 19.0567439 ], [ 73.0648274, 19.0567403 ], [ 73.0648639, 19.056575 ], [ 73.0648908, 19.056453 ], [ 73.0649261, 19.0563787 ], [ 73.0649633, 19.0563003 ], [ 73.0650029, 19.0562635 ], [ 73.0651117, 19.0561961 ], [ 73.065167, 19.0561618 ], [ 73.0653016, 19.0560986 ], [ 73.0653322, 19.0560967 ], [ 73.0655658, 19.0561774 ], [ 73.0659483, 19.0563936 ], [ 73.066025, 19.0565106 ], [ 73.0660715, 19.0566245 ], [ 73.066083, 19.056677 ], [ 73.0661114, 19.0568067 ], [ 73.066105, 19.0569537 ], [ 73.0661012, 19.0570414 ], [ 73.0660813, 19.0571644 ], [ 73.0660641, 19.0571871 ], [ 73.0660462, 19.0572044 ], [ 73.0660185, 19.0572071 ], [ 73.0657097, 19.0569611 ], [ 73.065446, 19.0568034 ], [ 73.0651221, 19.0566592 ], [ 73.0648639, 19.056575 ] ] } },
{ "type": "Feature", "properties": { "name": null, "highway": "service" }, "geometry": { "type": "LineString", "coordinates": [ [ 73.0648274, 19.0567403 ], [ 73.0652169, 19.0568899 ], [ 73.0655729, 19.0570928 ], [ 73.0657821, 19.0572753 ], [ 73.0659137, 19.0573969 ] ] } },
{ "type": "Feature", "properties": { "name": null, "highway": "service" }, "geometry": { "type": "LineString", "coordinates": [ [ 73.066105, 19.0569537 ], [ 73.0657738, 19.0567381 ], [ 73.0655367, 19.0565888 ], [ 73.0653741, 19.0565121 ], [ 73.0652459, 19.0564722 ], [ 73.0649261, 19.0563787 ] ] } },
{ "type": "Feature", "properties": { "name": null, "highway": "service" }, "geometry": { "type": "LineString", "coordinates": [ [ 73.066083, 19.056677 ], [ 73.0657888, 19.0564914 ], [ 73.0654585, 19.0563377 ], [ 73.0651117, 19.0561961 ] ] } },
{ "type": "Feature", "properties": { "name": null, "highway": "residential" }, "geometry": { "type": "LineString", "coordinates": [ [ 73.0811545, 19.0508708 ], [ 73.0812892, 19.0508518 ], [ 73.0812974, 19.0508519 ], [ 73.0815223, 19.0508554 ] ] } },
{ "type": "Feature", "properties": { "name": null, "highway": "residential" }, "geometry": { "type": "LineString", "coordinates": [ [ 73.0812974, 19.0508519 ], [ 73.0812977, 19.050912 ], [ 73.0813243, 19.0511601 ], [ 73.0813133, 19.0511758 ], [ 73.0812855, 19.0511855 ], [ 73.0812352, 19.051201 ], [ 73.0811962, 19.0511962 ], [ 73.0811839, 19.0511418 ], [ 73.0811604, 19.0509254 ], [ 73.0811545, 19.0508708 ] ] } },
{ "type": "Feature", "properties": { "name": null, "highway": "service" }, "geometry": { "type": "LineString", "coordinates": [ [ 73.0821384, 19.0507611 ], [ 73.0820994, 19.0507655 ], [ 73.0818419, 19.0507946 ] ] } },
{ "type": "Feature", "properties": { "name": null, "highway": "service" }, "geometry": { "type": "LineString", "coordinates": [ [ 73.0451442, 19.0329647 ], [ 73.0451446, 19.032932 ], [ 73.0451463, 19.0327834 ], [ 73.0451359, 19.0327567 ], [ 73.0451018, 19.0327437 ], [ 73.044766, 19.0327383 ] ] } },
{ "type": "Feature", "properties": { "name": null, "highway": "residential" }, "geometry": { "type": "LineString", "coordinates": [ [ 73.0822075, 19.0593538 ], [ 73.082159, 19.0590255 ] ] } },
{ "type": "Feature", "properties": { "name": null, "highway": "residential" }, "geometry": { "type": "LineString", "coordinates": [ [ 73.0817223, 19.0581634 ], [ 73.0816609, 19.0576695 ] ] } },
{ "type": "Feature", "properties": { "name": null, "highway": "residential" }, "geometry": { "type": "LineString", "coordinates": [ [ 73.0691043, 19.0661465 ], [ 73.0695801, 19.0664742 ] ] } },
{ "type": "Feature", "properties": { "name": null, "highway": "residential" }, "geometry": { "type": "LineString", "coordinates": [ [ 73.0699541, 19.0651346 ], [ 73.0698657, 19.0647476 ], [ 73.0700041, 19.0644916 ], [ 73.0702024, 19.064125 ] ] } },
{ "type": "Feature", "properties": { "name": null, "highway": "residential" }, "geometry": { "type": "LineString", "coordinates": [ [ 73.0698657, 19.0647476 ], [ 73.0696761, 19.0646884 ] ] } },
{ "type": "Feature", "properties": { "name": null, "highway": "residential" }, "geometry": { "type": "LineString", "coordinates": [ [ 73.0883184, 19.022944 ], [ 73.0882356, 19.0230102 ], [ 73.0879592, 19.0232306 ], [ 73.087915, 19.0232227 ], [ 73.0878137, 19.0231074 ], [ 73.0878072, 19.0230643 ], [ 73.0878315, 19.0230238 ], [ 73.0880934, 19.0228402 ], [ 73.0881783, 19.0227807 ] ] } },
{ "type": "Feature", "properties": { "name": null, "highway": "service" }, "geometry": { "type": "LineString", "coordinates": [ [ 73.0701348, 19.0699462 ], [ 73.0701147, 19.0699982 ] ] } },
{ "type": "Feature", "properties": { "name": null, "highway": "service" }, "geometry": { "type": "LineString", "coordinates": [ [ 73.0705053, 19.0700642 ], [ 73.0704833, 19.0701183 ] ] } },
{ "type": "Feature", "properties": { "name": null, "highway": "service" }, "geometry": { "type": "LineString", "coordinates": [ [ 73.0704422, 19.0691294 ], [ 73.0704741, 19.0690289 ] ] } },
{ "type": "Feature", "properties": { "name": null, "highway": "service" }, "geometry": { "type": "LineString", "coordinates": [ [ 73.0708458, 19.0691465 ], [ 73.0708114, 19.0692374 ] ] } },
{ "type": "Feature", "properties": { "name": null, "highway": "service" }, "geometry": { "type": "LineString", "coordinates": [ [ 73.0704207, 19.0691971 ], [ 73.0704422, 19.0691294 ] ] } },
{ "type": "Feature", "properties": { "name": null, "highway": "service" }, "geometry": { "type": "LineString", "coordinates": [ [ 73.0701147, 19.0699982 ], [ 73.0700947, 19.0700502 ] ] } },
{ "type": "Feature", "properties": { "name": null, "highway": "service" }, "geometry": { "type": "LineString", "coordinates": [ [ 73.0704833, 19.0701183 ], [ 73.0704613, 19.0701724 ] ] } },
{ "type": "Feature", "properties": { "name": null, "highway": "service" }, "geometry": { "type": "LineString", "coordinates": [ [ 73.0708452, 19.0725094 ], [ 73.0708593, 19.072475 ] ] } },
{ "type": "Feature", "properties": { "name": null, "highway": "service" }, "geometry": { "type": "LineString", "coordinates": [ [ 73.0712636, 19.0727454 ], [ 73.0712381, 19.0727823 ] ] } },
{ "type": "Feature", "properties": { "name": null, "highway": "service" }, "geometry": { "type": "LineString", "coordinates": [ [ 73.0884349, 19.0230711 ], [ 73.0884995, 19.0230296 ], [ 73.0889093, 19.0227659 ] ] } },
{ "type": "Feature", "properties": { "name": null, "highway": "service" }, "geometry": { "type": "LineString", "coordinates": [ [ 73.073538, 19.0721086 ], [ 73.0735199, 19.0720348 ] ] } },
{ "type": "Feature", "properties": { "name": null, "highway": "service" }, "geometry": { "type": "LineString", "coordinates": [ [ 73.0738036, 19.0695939 ], [ 73.073777, 19.0694759 ], [ 73.0737577, 19.06939 ] ] } },
{ "type": "Feature", "properties": { "name": null, "highway": "residential" }, "geometry": { "type": "LineString", "coordinates": [ [ 73.0739015, 19.0702798 ], [ 73.0738751, 19.070086 ] ] } },
{ "type": "Feature", "properties": { "name": null, "highway": "service" }, "geometry": { "type": "LineString", "coordinates": [ [ 73.0889812, 19.0235644 ], [ 73.0890329, 19.0236268 ], [ 73.0892756, 19.0239202 ], [ 73.0893204, 19.0239341 ], [ 73.0895644, 19.0237825 ] ] } },
{ "type": "Feature", "properties": { "name": null, "highway": "service" }, "geometry": { "type": "LineString", "coordinates": [ [ 73.0898528, 19.0236955 ], [ 73.0898121, 19.0237288 ], [ 73.0897291, 19.023797 ], [ 73.0898175, 19.0238755 ], [ 73.0898535, 19.0239611 ], [ 73.0898334, 19.0240162 ], [ 73.0896238, 19.0241778 ], [ 73.0895366, 19.0242173 ], [ 73.0894046, 19.0240343 ], [ 73.0894119, 19.0239858 ], [ 73.0896929, 19.0237891 ], [ 73.0897291, 19.023797 ] ] } },
{ "type": "Feature", "properties": { "name": null, "highway": "service" }, "geometry": { "type": "LineString", "coordinates": [ [ 73.0901388, 19.0250355 ], [ 73.0901134, 19.0249996 ], [ 73.0899875, 19.0248683 ] ] } },
{ "type": "Feature", "properties": { "name": null, "highway": "service" }, "geometry": { "type": "LineString", "coordinates": [ [ 73.0747321, 19.0693466 ], [ 73.0747475, 19.0694953 ], [ 73.0747586, 19.0696023 ] ] } },
{ "type": "Feature", "properties": { "name": null, "highway": "service" }, "geometry": { "type": "LineString", "coordinates": [ [ 73.0748276, 19.0700039 ], [ 73.0742643, 19.0701204 ], [ 73.0741565, 19.0697977 ] ] } },
{ "type": "Feature", "properties": { "name": null, "highway": "service" }, "geometry": { "type": "LineString", "coordinates": [ [ 73.0740808, 19.0695062 ], [ 73.0740892, 19.0697434 ], [ 73.0747622, 19.069637 ] ] } },
{ "type": "Feature", "properties": { "name": null, "highway": "service" }, "geometry": { "type": "LineString", "coordinates": [ [ 73.0740762, 19.0693745 ], [ 73.0740808, 19.0695062 ] ] } },
{ "type": "Feature", "properties": { "name": null, "highway": "service" }, "geometry": { "type": "LineString", "coordinates": [ [ 73.0749045, 19.0703989 ], [ 73.074922, 19.0704886 ] ] } },
{ "type": "Feature", "properties": { "name": null, "highway": "service" }, "geometry": { "type": "LineString", "coordinates": [ [ 73.0747586, 19.0696023 ], [ 73.0747622, 19.069637 ] ] } },
{ "type": "Feature", "properties": { "name": null, "highway": "service" }, "geometry": { "type": "LineString", "coordinates": [ [ 73.089039, 19.0246737 ], [ 73.089102, 19.0246309 ], [ 73.0896002, 19.0242967 ] ] } },
{ "type": "Feature", "properties": { "name": null, "highway": "residential" }, "geometry": { "type": "LineString", "coordinates": [ [ 73.0902702, 19.0242479 ], [ 73.0902024, 19.0242858 ], [ 73.0901716, 19.0243112 ], [ 73.0897928, 19.0245762 ], [ 73.0897885, 19.0245983 ], [ 73.0899375, 19.0247704 ], [ 73.0899659, 19.0247757 ], [ 73.0903337, 19.024506 ], [ 73.0903699, 19.0244794 ], [ 73.0904176, 19.0244444 ] ] } },
{ "type": "Feature", "properties": { "name": null, "highway": "residential" }, "geometry": { "type": "LineString", "coordinates": [ [ 73.0773738, 19.0698604 ], [ 73.0772568, 19.069318 ], [ 73.0772299, 19.0691933 ] ] } },
{ "type": "Feature", "properties": { "name": null, "highway": "residential" }, "geometry": { "type": "LineString", "coordinates": [ [ 73.078738, 19.0714471 ], [ 73.0788371, 19.0714238 ] ] } },
{ "type": "Feature", "properties": { "name": null, "highway": "residential" }, "geometry": { "type": "LineString", "coordinates": [ [ 73.0792366, 19.0709552 ], [ 73.0792149, 19.0708609 ] ] } },
{ "type": "Feature", "properties": { "name": null, "highway": "residential" }, "geometry": { "type": "LineString", "coordinates": [ [ 73.0794432, 19.0701533 ], [ 73.0793616, 19.069865 ] ] } },
{ "type": "Feature", "properties": { "name": null, "highway": "residential" }, "geometry": { "type": "LineString", "coordinates": [ [ 73.0799977, 19.070106 ], [ 73.0799791, 19.0700412 ] ] } },
{ "type": "Feature", "properties": { "name": null, "highway": "residential" }, "geometry": { "type": "LineString", "coordinates": [ [ 73.0802277, 19.0699892 ], [ 73.0802421, 19.0700547 ] ] } },
{ "type": "Feature", "properties": { "name": null, "highway": "service" }, "geometry": { "type": "LineString", "coordinates": [ [ 73.0681798, 19.0419252 ], [ 73.0682374, 19.0418537 ], [ 73.0685207, 19.0415026 ] ] } },
{ "type": "Feature", "properties": { "name": null, "highway": "residential" }, "geometry": { "type": "LineString", "coordinates": [ [ 73.0681798, 19.0419252 ], [ 73.0686142, 19.0422435 ] ] } },
{ "type": "Feature", "properties": { "name": null, "highway": "service" }, "geometry": { "type": "LineString", "coordinates": [ [ 73.0887379, 19.0249238 ], [ 73.0887049, 19.0248762 ], [ 73.0886913, 19.0248566 ], [ 73.0884992, 19.0245794 ], [ 73.0886874, 19.0244407 ], [ 73.0889097, 19.0247168 ], [ 73.0886913, 19.0248566 ] ] } },
{ "type": "Feature", "properties": { "name": null, "highway": "service" }, "geometry": { "type": "LineString", "coordinates": [ [ 73.0894325, 19.025481 ], [ 73.0895392, 19.0254917 ], [ 73.089999, 19.025538 ], [ 73.0900359, 19.0255608 ], [ 73.090003, 19.0261513 ], [ 73.0899974, 19.0262512 ] ] } },
{ "type": "Feature", "properties": { "name": null, "highway": "residential" }, "geometry": { "type": "LineString", "coordinates": [ [ 73.0812418, 19.0116611 ], [ 73.0812219, 19.0116683 ], [ 73.0811982, 19.0116716 ], [ 73.0811533, 19.0116758 ], [ 73.081108, 19.0116688 ], [ 73.0809717, 19.0116169 ], [ 73.0809339, 19.0116136 ], [ 73.0808862, 19.0116177 ], [ 73.0808384, 19.0116242 ], [ 73.0807813, 19.0116375 ], [ 73.0807442, 19.0116575 ], [ 73.0807302, 19.0117037 ], [ 73.0807499, 19.0117619 ] ] } },
{ "type": "Feature", "properties": { "name": null, "highway": "service" }, "geometry": { "type": "LineString", "coordinates": [ [ 73.0588898, 19.0373364 ], [ 73.058445, 19.0373991 ], [ 73.0584283, 19.0374068 ], [ 73.0584196, 19.0374196 ], [ 73.0584483, 19.0378692 ], [ 73.0585771, 19.0379063 ] ] } },
{ "type": "Feature", "properties": { "name": null, "highway": "service" }, "geometry": { "type": "LineString", "coordinates": [ [ 73.0586063, 19.0368046 ], [ 73.0586683, 19.0367979 ], [ 73.058972, 19.0367651 ], [ 73.0589999, 19.0367446 ], [ 73.0590047, 19.0367107 ], [ 73.0589894, 19.0365927 ], [ 73.058974, 19.036565 ], [ 73.0589366, 19.0365504 ], [ 73.0586451, 19.0365795 ], [ 73.0585732, 19.0365867 ] ] } },
{ "type": "Feature", "properties": { "name": null, "highway": "service" }, "geometry": { "type": "LineString", "coordinates": [ [ 73.0585667, 19.0365366 ], [ 73.0586368, 19.0365314 ], [ 73.0586793, 19.0365288 ], [ 73.0589081, 19.0365114 ], [ 73.058929, 19.0364979 ], [ 73.0589429, 19.0364747 ], [ 73.0589241, 19.0363467 ], [ 73.0589007, 19.0363177 ], [ 73.058863, 19.03631 ], [ 73.0586559, 19.0363325 ], [ 73.0586115, 19.0363373 ], [ 73.0585418, 19.0363448 ] ] } },
{ "type": "Feature", "properties": { "name": null, "highway": "residential" }, "geometry": { "type": "LineString", "coordinates": [ [ 73.0814422, 19.0486564 ], [ 73.0814332, 19.0487185 ], [ 73.0813773, 19.0487789 ], [ 73.0812934, 19.048813 ], [ 73.0811653, 19.048834 ], [ 73.0810246, 19.0488031 ], [ 73.0809373, 19.0486314 ], [ 73.0807047, 19.0484413 ] ] } },
{ "type": "Feature", "properties": { "name": null, "highway": "service" }, "geometry": { "type": "LineString", "coordinates": [ [ 73.0587816, 19.0352164 ], [ 73.0587869, 19.0352582 ], [ 73.0587989, 19.0353532 ], [ 73.058854, 19.0357886 ] ] } },
{ "type": "Feature", "properties": { "name": null, "highway": "service" }, "geometry": { "type": "LineString", "coordinates": [ [ 73.0587989, 19.0353532 ], [ 73.0590503, 19.0353174 ], [ 73.059071, 19.0353208 ], [ 73.0590849, 19.0353388 ], [ 73.059152, 19.0358734 ] ] } },
{ "type": "Feature", "properties": { "name": null, "highway": "service" }, "geometry": { "type": "LineString", "coordinates": [ [ 73.0689521, 19.0697305 ], [ 73.0689739, 19.0696738 ] ] } },
{ "type": "Feature", "properties": { "name": null, "highway": "service" }, "geometry": { "type": "LineString", "coordinates": [ [ 73.0695803, 19.0707011 ], [ 73.0698703, 19.0708889 ], [ 73.0699171, 19.0709157 ] ] } },
{ "type": "Feature", "properties": { "name": null, "highway": "service" }, "geometry": { "type": "LineString", "coordinates": [ [ 73.0689302, 19.0697873 ], [ 73.0689521, 19.0697305 ] ] } },
{ "type": "Feature", "properties": { "name": null, "highway": "service" }, "geometry": { "type": "LineString", "coordinates": [ [ 73.0699171, 19.0709157 ], [ 73.0699597, 19.0709401 ] ] } },
{ "type": "Feature", "properties": { "name": null, "highway": "residential" }, "geometry": { "type": "LineString", "coordinates": [ [ 73.0572103, 19.0353192 ], [ 73.0577622, 19.0352714 ], [ 73.0578434, 19.0352746 ] ] } },
{ "type": "Feature", "properties": { "name": null, "highway": "residential" }, "geometry": { "type": "LineString", "coordinates": [ [ 73.0580221, 19.0352266 ], [ 73.0579864, 19.0352435 ], [ 73.0578434, 19.0352746 ] ] } },
{ "type": "Feature", "properties": { "name": null, "highway": "residential" }, "geometry": { "type": "LineString", "coordinates": [ [ 73.0831726, 19.0469952 ], [ 73.0831604, 19.0470041 ], [ 73.0829904, 19.0470202 ], [ 73.0829747, 19.0470139 ], [ 73.0829673, 19.0470003 ], [ 73.0829469, 19.0468049 ], [ 73.0829297, 19.0467833 ], [ 73.0829021, 19.046779 ], [ 73.0827368, 19.0467968 ], [ 73.0827568, 19.0470043 ], [ 73.0827498, 19.0470321 ], [ 73.0827268, 19.047043 ], [ 73.0825619, 19.0470668 ], [ 73.0825327, 19.0470605 ], [ 73.0825157, 19.04704 ], [ 73.0824818, 19.0467829 ], [ 73.0824573, 19.0465967 ], [ 73.0824199, 19.0462859 ], [ 73.0824068, 19.0461788 ] ] } },
{ "type": "Feature", "properties": { "name": null, "highway": "residential" }, "geometry": { "type": "LineString", "coordinates": [ [ 73.0826757, 19.0462624 ], [ 73.0827055, 19.0465226 ], [ 73.0827104, 19.0465652 ], [ 73.0827314, 19.0467498 ], [ 73.0827368, 19.0467968 ] ] } },
{ "type": "Feature", "properties": { "name": null, "highway": "service" }, "geometry": { "type": "LineString", "coordinates": [ [ 73.0699565, 19.0690217 ], [ 73.0700188, 19.0688726 ] ] } },
{ "type": "Feature", "properties": { "name": null, "highway": "service" }, "geometry": { "type": "LineString", "coordinates": [ [ 73.0692719, 19.0685127 ], [ 73.0692325, 19.0686139 ], [ 73.0691767, 19.0687694 ] ] } },
{ "type": "Feature", "properties": { "name": null, "highway": "service" }, "geometry": { "type": "LineString", "coordinates": [ [ 73.0688989, 19.0695609 ], [ 73.0688827, 19.0695993 ] ] } },
{ "type": "Feature", "properties": { "name": null, "highway": "service" }, "geometry": { "type": "LineString", "coordinates": [ [ 73.0696365, 19.0697891 ], [ 73.0696163, 19.0698468 ] ] } },
{ "type": "Feature", "properties": { "name": null, "highway": "service" }, "geometry": { "type": "LineString", "coordinates": [ [ 73.0696163, 19.0698468 ], [ 73.0696029, 19.069885 ] ] } },
{ "type": "Feature", "properties": { "name": null, "highway": "service" }, "geometry": { "type": "LineString", "coordinates": [ [ 73.0688827, 19.0695993 ], [ 73.0688666, 19.0696377 ] ] } },
{ "type": "Feature", "properties": { "name": null, "highway": "residential" }, "geometry": { "type": "LineString", "coordinates": [ [ 73.0574865, 19.0344253 ], [ 73.0574604, 19.0341962 ], [ 73.0574317, 19.0339487 ], [ 73.0574345, 19.0339227 ], [ 73.057456, 19.0339159 ], [ 73.0577026, 19.033897 ] ] } },
{ "type": "Feature", "properties": { "name": null, "highway": "residential" }, "geometry": { "type": "LineString", "coordinates": [ [ 73.0574604, 19.0341962 ], [ 73.0576983, 19.0341752 ], [ 73.0577108, 19.0341733 ], [ 73.0577162, 19.0341701 ], [ 73.0577164, 19.0341624 ] ] } },
{ "type": "Feature", "properties": { "name": null, "highway": "residential" }, "geometry": { "type": "LineString", "coordinates": [ [ 73.0684662, 19.0668886 ], [ 73.0686744, 19.066915 ], [ 73.0687377, 19.0669154 ] ] } },
{ "type": "Feature", "properties": { "name": null, "highway": "residential" }, "geometry": { "type": "LineString", "coordinates": [ [ 73.0687377, 19.0669154 ], [ 73.068646, 19.0666971 ] ] } },
{ "type": "Feature", "properties": { "name": null, "highway": "residential" }, "geometry": { "type": "LineString", "coordinates": [ [ 73.0715009, 19.0653025 ], [ 73.0716156, 19.0652924 ], [ 73.0717395, 19.0652792 ], [ 73.0717572, 19.065283 ], [ 73.0717725, 19.0652997 ], [ 73.0717858, 19.0653194 ], [ 73.0717995, 19.0653678 ], [ 73.0718285, 19.0656646 ] ] } },
{ "type": "Feature", "properties": { "name": null, "highway": "service" }, "geometry": { "type": "LineString", "coordinates": [ [ 73.0812782, 19.0707832 ], [ 73.0813292, 19.0707251 ], [ 73.0813802, 19.070667 ], [ 73.0814682, 19.0705776 ] ] } },
{ "type": "Feature", "properties": { "name": null, "highway": "service" }, "geometry": { "type": "LineString", "coordinates": [ [ 73.08227, 19.0706703 ], [ 73.0822351, 19.0706428 ], [ 73.0819976, 19.0704558 ] ] } },
{ "type": "Feature", "properties": { "name": null, "highway": "service" }, "geometry": { "type": "LineString", "coordinates": [ [ 73.0827161, 19.0697456 ], [ 73.0826661, 19.0697985 ], [ 73.0824581, 19.0700184 ] ] } },
{ "type": "Feature", "properties": { "name": null, "highway": "service" }, "geometry": { "type": "LineString", "coordinates": [ [ 73.0882235, 19.0703441 ], [ 73.0882923, 19.0703568 ], [ 73.0883571, 19.0703683 ], [ 73.0883662, 19.0704085 ], [ 73.0883516, 19.0704616 ] ] } },
{ "type": "Feature", "properties": { "name": null, "highway": "residential" }, "geometry": { "type": "LineString", "coordinates": [ [ 73.0580871, 19.0300991 ], [ 73.0581503, 19.0302925 ], [ 73.0582307, 19.0305375 ], [ 73.0583091, 19.0307765 ] ] } },
{ "type": "Feature", "properties": { "name": null, "highway": "residential" }, "geometry": { "type": "LineString", "coordinates": [ [ 73.0581503, 19.0302925 ], [ 73.0581603, 19.0302896 ], [ 73.0582215, 19.0302724 ], [ 73.0584538, 19.0302147 ] ] } },
{ "type": "Feature", "properties": { "name": null, "highway": "residential" }, "geometry": { "type": "LineString", "coordinates": [ [ 73.0582307, 19.0305375 ], [ 73.0582524, 19.0305328 ], [ 73.0585045, 19.0304569 ] ] } },
{ "type": "Feature", "properties": { "name": null, "highway": "service" }, "geometry": { "type": "LineString", "coordinates": [ [ 73.0717056, 19.041394 ], [ 73.0716921, 19.0416439 ], [ 73.0715248, 19.041645 ], [ 73.0713027, 19.0416436 ], [ 73.0713203, 19.0413905 ] ] } },
{ "type": "Feature", "properties": { "name": null, "highway": "service" }, "geometry": { "type": "LineString", "coordinates": [ [ 73.0764334, 19.0411774 ], [ 73.0761939, 19.0413316 ] ] } },
{ "type": "Feature", "properties": { "name": null, "highway": "service" }, "geometry": { "type": "LineString", "coordinates": [ [ 73.0708733, 19.0412964 ], [ 73.0708736, 19.0412753 ], [ 73.0708784, 19.0409669 ], [ 73.0704995, 19.0409726 ], [ 73.0704319, 19.0409736 ] ] } },
{ "type": "Feature", "properties": { "name": null, "highway": "residential" }, "geometry": { "type": "LineString", "coordinates": [ [ 73.082946, 19.0417312 ], [ 73.0829994, 19.0421552 ], [ 73.0830663, 19.042687 ], [ 73.083095, 19.0429152 ] ] } },
{ "type": "Feature", "properties": { "name": null, "highway": "residential" }, "geometry": { "type": "LineString", "coordinates": [ [ 73.083095, 19.0429152 ], [ 73.0831592, 19.0429087 ], [ 73.0832234, 19.0429022 ] ] } },
{ "type": "Feature", "properties": { "name": null, "highway": "steps" }, "geometry": { "type": "LineString", "coordinates": [ [ 73.083326, 19.0447067 ], [ 73.083329, 19.0447279 ] ] } },
{ "type": "Feature", "properties": { "name": null, "highway": "residential" }, "geometry": { "type": "LineString", "coordinates": [ [ 73.0833517, 19.045019 ], [ 73.083354, 19.0450402 ] ] } },
{ "type": "Feature", "properties": { "name": null, "highway": "service" }, "geometry": { "type": "LineString", "coordinates": [ [ 73.0710153, 19.0722801 ], [ 73.0712504, 19.072411 ], [ 73.0713439, 19.0724906 ] ] } },
{ "type": "Feature", "properties": { "name": null, "highway": "residential" }, "geometry": { "type": "LineString", "coordinates": [ [ 73.0730126, 19.0722258 ], [ 73.0730421, 19.072316 ], [ 73.0730509, 19.072341 ], [ 73.073113, 19.0726052 ], [ 73.0729173, 19.0726475 ], [ 73.0728576, 19.0723852 ], [ 73.0728478, 19.0723593 ], [ 73.0728207, 19.072267 ] ] } },
{ "type": "Feature", "properties": { "name": null, "highway": "service" }, "geometry": { "type": "LineString", "coordinates": [ [ 73.0723314, 19.0735215 ], [ 73.0723647, 19.0734783 ], [ 73.0725653, 19.0732229 ] ] } },
{ "type": "Feature", "properties": { "name": null, "highway": "residential" }, "geometry": { "type": "LineString", "coordinates": [ [ 73.0735826, 19.0743033 ], [ 73.0735935, 19.074226 ], [ 73.0735966, 19.0741813 ], [ 73.0736202, 19.0738451 ], [ 73.073874, 19.0737492 ], [ 73.0739006, 19.07374 ], [ 73.0739789, 19.0737125 ] ] } },
{ "type": "Feature", "properties": { "name": null, "highway": "residential" }, "geometry": { "type": "LineString", "coordinates": [ [ 73.0737914, 19.0732152 ], [ 73.0737669, 19.0732228 ], [ 73.0737519, 19.0732274 ], [ 73.0734281, 19.0733278 ], [ 73.073495, 19.0735207 ], [ 73.0738219, 19.0734195 ], [ 73.073833, 19.073416 ], [ 73.0738649, 19.0734062 ] ] } },
{ "type": "Feature", "properties": { "name": null, "highway": "residential" }, "geometry": { "type": "LineString", "coordinates": [ [ 73.0757567, 19.0729945 ], [ 73.0757299, 19.0729609 ], [ 73.0757117, 19.072938 ], [ 73.0753701, 19.0730076 ] ] } },
{ "type": "Feature", "properties": { "name": null, "highway": "residential" }, "geometry": { "type": "LineString", "coordinates": [ [ 73.0815342, 19.051127 ], [ 73.0814996, 19.0511339 ], [ 73.0814804, 19.0511382 ], [ 73.0813931, 19.0511517 ], [ 73.0813388, 19.0511818 ], [ 73.081321, 19.0512145 ], [ 73.0813358, 19.0513628 ], [ 73.0813393, 19.0513807 ], [ 73.0813454, 19.0514508 ] ] } },
{ "type": "Feature", "properties": { "name": null, "highway": "path" }, "geometry": { "type": "LineString", "coordinates": [ [ 73.0898388, 19.0652433 ], [ 73.0899318, 19.0653057 ], [ 73.0903476, 19.065493 ], [ 73.0910228, 19.0658536 ], [ 73.091955, 19.0664006 ] ] } },
{ "type": "Feature", "properties": { "name": null, "highway": "residential" }, "geometry": { "type": "LineString", "coordinates": [ [ 73.0804581, 19.0645899 ], [ 73.0804608, 19.0643734 ], [ 73.0805351, 19.0642614 ] ] } },
{ "type": "Feature", "properties": { "name": null, "highway": "residential" }, "geometry": { "type": "LineString", "coordinates": [ [ 73.0792899, 19.0647119 ], [ 73.0800703, 19.0646304 ] ] } },
{ "type": "Feature", "properties": { "name": null, "highway": "residential" }, "geometry": { "type": "LineString", "coordinates": [ [ 73.0800703, 19.0646304 ], [ 73.0804581, 19.0645899 ] ] } },
{ "type": "Feature", "properties": { "name": null, "highway": "path" }, "geometry": { "type": "LineString", "coordinates": [ [ 73.0670321, 19.0311172 ], [ 73.0672504, 19.031261 ] ] } },
{ "type": "Feature", "properties": { "name": null, "highway": "residential" }, "geometry": { "type": "LineString", "coordinates": [ [ 73.0728086, 19.0460495 ], [ 73.0726762, 19.0460636 ], [ 73.0724736, 19.0460852 ], [ 73.0723015, 19.0461035 ], [ 73.0721149, 19.0461233 ], [ 73.0720849, 19.0461306 ], [ 73.072066, 19.0461398 ], [ 73.0720558, 19.046156 ], [ 73.0720486, 19.0462077 ], [ 73.07205, 19.0462255 ], [ 73.0720549, 19.0462427 ], [ 73.0720646, 19.0462578 ], [ 73.0721338, 19.0463726 ], [ 73.0721498, 19.0464023 ], [ 73.0721568, 19.0464313 ], [ 73.0721554, 19.0464531 ], [ 73.0721526, 19.0464649 ], [ 73.0720849, 19.0465951 ], [ 73.0720673, 19.0466255 ], [ 73.072063, 19.046653 ], [ 73.0720671, 19.0466855 ], [ 73.0720888, 19.0468505 ], [ 73.0721068, 19.0470161 ] ] } },
{ "type": "Feature", "properties": { "name": null, "highway": "service" }, "geometry": { "type": "LineString", "coordinates": [ [ 73.0653944, 19.0421265 ], [ 73.0653995, 19.0421449 ], [ 73.0654249, 19.0423524 ] ] } },
{ "type": "Feature", "properties": { "name": null, "highway": "service" }, "geometry": { "type": "LineString", "coordinates": [ [ 73.0646284, 19.0416863 ], [ 73.0643906, 19.0417151 ], [ 73.0643182, 19.0417259 ] ] } },
{ "type": "Feature", "properties": { "name": null, "highway": "service" }, "geometry": { "type": "LineString", "coordinates": [ [ 73.0645517, 19.0390173 ], [ 73.0645076, 19.0386656 ], [ 73.0644981, 19.0385873 ] ] } },
{ "type": "Feature", "properties": { "name": null, "highway": "footway" }, "geometry": { "type": "LineString", "coordinates": [ [ 73.0622973, 19.0360517 ], [ 73.0622425, 19.0359086 ], [ 73.0621833, 19.0358226 ], [ 73.0620674, 19.0357175 ], [ 73.0619259, 19.0356459 ], [ 73.0617691, 19.0356131 ], [ 73.0616088, 19.0356215 ], [ 73.0614568, 19.0356706 ], [ 73.0613719, 19.0357199 ], [ 73.0612525, 19.035831 ], [ 73.0611711, 19.0359695 ], [ 73.0611342, 19.0361241 ], [ 73.0611449, 19.0362822 ], [ 73.0612023, 19.0364311 ], [ 73.0612587, 19.0365079 ], [ 73.061428, 19.0366508 ], [ 73.0615759, 19.0367075 ], [ 73.0617345, 19.0367246 ], [ 73.0618921, 19.0367009 ], [ 73.0620372, 19.036638 ], [ 73.0620936, 19.0365995 ], [ 73.0622033, 19.0364881 ], [ 73.062277, 19.0363527 ], [ 73.0623091, 19.0362035 ], [ 73.0622973, 19.0360517 ] ] } },
{ "type": "Feature", "properties": { "name": null, "highway": "residential" }, "geometry": { "type": "LineString", "coordinates": [ [ 73.0739015, 19.0702798 ], [ 73.0735018, 19.0703345 ], [ 73.0732227, 19.0703599 ] ] } },
{ "type": "Feature", "properties": { "name": null, "highway": "service" }, "geometry": { "type": "LineString", "coordinates": [ [ 73.0735044, 19.0705269 ], [ 73.0735271, 19.0709265 ], [ 73.0735302, 19.0709818 ] ] } },
{ "type": "Feature", "properties": { "name": null, "highway": "residential" }, "geometry": { "type": "LineString", "coordinates": [ [ 73.0779749, 19.0724354 ], [ 73.0787463, 19.0722686 ] ] } },
{ "type": "Feature", "properties": { "name": null, "highway": "service" }, "geometry": { "type": "LineString", "coordinates": [ [ 73.0710428, 19.0479871 ], [ 73.0710528, 19.0480714 ], [ 73.0710714, 19.0482287 ] ] } },
{ "type": "Feature", "properties": { "name": "Sai Saakshaat Premise Road", "highway": "residential" }, "geometry": { "type": "LineString", "coordinates": [ [ 73.0619224, 19.0453794 ], [ 73.0619369, 19.0454178 ], [ 73.0619699, 19.0454242 ] ] } },
{ "type": "Feature", "properties": { "name": null, "highway": "tertiary" }, "geometry": { "type": "LineString", "coordinates": [ [ 73.0688486, 19.0306384 ], [ 73.0687866, 19.0310425 ], [ 73.0687749, 19.0310997 ], [ 73.0687607, 19.0311456 ], [ 73.0687439, 19.0311937 ], [ 73.0687177, 19.0312481 ], [ 73.0682295, 19.0319303 ], [ 73.0676386, 19.0327236 ] ] } },
{ "type": "Feature", "properties": { "name": null, "highway": "residential" }, "geometry": { "type": "LineString", "coordinates": [ [ 73.049691, 19.0226511 ], [ 73.0496808, 19.0227599 ], [ 73.0496811, 19.0228269 ] ] } },
{ "type": "Feature", "properties": { "name": null, "highway": "living_street" }, "geometry": { "type": "LineString", "coordinates": [ [ 73.0827629, 19.0678927 ], [ 73.0828058, 19.0680555 ], [ 73.082804, 19.0681992 ] ] } },
{ "type": "Feature", "properties": { "name": null, "highway": "residential" }, "geometry": { "type": "LineString", "coordinates": [ [ 73.0882327, 19.0691689 ], [ 73.0882283, 19.0690769 ], [ 73.0882946, 19.0690308 ], [ 73.0884525, 19.0690184 ], [ 73.088504, 19.0689415 ], [ 73.0885392, 19.0689006 ], [ 73.0886314, 19.0688852 ], [ 73.0887777, 19.0688673 ], [ 73.0888075, 19.0688032 ], [ 73.0888103, 19.0686293 ] ] } },
{ "type": "Feature", "properties": { "name": null, "highway": "living_street" }, "geometry": { "type": "LineString", "coordinates": [ [ 73.0882327, 19.0691689 ], [ 73.0884992, 19.0691717 ], [ 73.0887015, 19.0691566 ], [ 73.0889242, 19.0691405 ] ] } },
{ "type": "Feature", "properties": { "name": null, "highway": "residential" }, "geometry": { "type": "LineString", "coordinates": [ [ 73.087658, 19.0693563 ], [ 73.087933, 19.069392 ] ] } },
{ "type": "Feature", "properties": { "name": null, "highway": "service" }, "geometry": { "type": "LineString", "coordinates": [ [ 73.074608, 19.0742131 ], [ 73.0745903, 19.0741479 ], [ 73.0745238, 19.0739025 ] ] } },
{ "type": "Feature", "properties": { "name": "Taloja Jail Road", "highway": "primary" }, "geometry": { "type": "LineString", "coordinates": [ [ 73.0829862, 19.0724903 ], [ 73.0829492, 19.0725154 ], [ 73.0829201, 19.0725307 ], [ 73.0828913, 19.0725405 ], [ 73.0807336, 19.0730088 ], [ 73.0791579, 19.0733416 ], [ 73.0790095, 19.073373 ], [ 73.0784142, 19.0734988 ], [ 73.0771918, 19.0737764 ], [ 73.0771516, 19.0737855 ], [ 73.0762416, 19.0740114 ], [ 73.0761869, 19.074025 ], [ 73.0761551, 19.0740323 ], [ 73.0759992, 19.0740679 ], [ 73.0759861, 19.0740709 ], [ 73.0759409, 19.0740815 ], [ 73.0758805, 19.0740957 ], [ 73.0753971, 19.074209 ] ] } },
{ "type": "Feature", "properties": { "name": null, "highway": "residential" }, "geometry": { "type": "LineString", "coordinates": [ [ 73.0739015, 19.0702798 ], [ 73.0741437, 19.0709162 ], [ 73.0745149, 19.0718914 ], [ 73.0748097, 19.0726658 ], [ 73.0750091, 19.0731896 ], [ 73.0751016, 19.0734327 ], [ 73.0753349, 19.0740456 ], [ 73.0753971, 19.074209 ], [ 73.0754347, 19.0743078 ] ] } },
{ "type": "Feature", "properties": { "name": null, "highway": "path" }, "geometry": { "type": "LineString", "coordinates": [ [ 73.0753299, 19.0471201 ], [ 73.075803, 19.0470693 ] ] } },
{ "type": "Feature", "properties": { "name": null, "highway": "service" }, "geometry": { "type": "LineString", "coordinates": [ [ 73.0596877, 19.0411547 ], [ 73.0605084, 19.0410422 ] ] } },
{ "type": "Feature", "properties": { "name": null, "highway": "residential" }, "geometry": { "type": "LineString", "coordinates": [ [ 73.0651301, 19.0435449 ], [ 73.0650884, 19.0432156 ] ] } },
{ "type": "Feature", "properties": { "name": null, "highway": "service" }, "geometry": { "type": "LineString", "coordinates": [ [ 73.0650884, 19.0432156 ], [ 73.0650824, 19.0431684 ], [ 73.065034, 19.0427858 ] ] } },
{ "type": "Feature", "properties": { "name": null, "highway": "residential" }, "geometry": { "type": "LineString", "coordinates": [ [ 73.0643862, 19.0422395 ], [ 73.064456, 19.0422317 ], [ 73.0650664, 19.0421624 ] ] } },
{ "type": "Feature", "properties": { "name": null, "highway": "service" }, "geometry": { "type": "LineString", "coordinates": [ [ 73.065162, 19.0421526 ], [ 73.0651685, 19.0422031 ], [ 73.0652149, 19.0425605 ], [ 73.0650014, 19.0425824 ], [ 73.0649709, 19.042289 ] ] } },
{ "type": "Feature", "properties": { "name": null, "highway": "service" }, "geometry": { "type": "LineString", "coordinates": [ [ 73.065034, 19.0427858 ], [ 73.0660463, 19.0426461 ], [ 73.0661949, 19.0426256 ] ] } },
{ "type": "Feature", "properties": { "name": null, "highway": "residential" }, "geometry": { "type": "LineString", "coordinates": [ [ 73.0695091, 19.0449288 ], [ 73.0696715, 19.0448243 ], [ 73.0699639, 19.0448102 ] ] } },
{ "type": "Feature", "properties": { "name": null, "highway": "steps" }, "geometry": { "type": "LineString", "coordinates": [ [ 73.0450017, 19.0313664 ], [ 73.045262, 19.0312689 ], [ 73.0454581, 19.0311586 ] ] } },
{ "type": "Feature", "properties": { "name": null, "highway": "residential" }, "geometry": { "type": "LineString", "coordinates": [ [ 73.0876901, 19.0244788 ], [ 73.0884564, 19.0239361 ] ] } },
{ "type": "Feature", "properties": { "name": null, "highway": "residential" }, "geometry": { "type": "LineString", "coordinates": [ [ 73.0707441, 19.0458841 ], [ 73.0707994, 19.0463343 ] ] } },
{ "type": "Feature", "properties": { "name": null, "highway": "residential" }, "geometry": { "type": "LineString", "coordinates": [ [ 73.0656075, 19.0421026 ], [ 73.0656323, 19.0420998 ], [ 73.0658702, 19.0420749 ], [ 73.0661188, 19.0420453 ] ] } },
{ "type": "Feature", "properties": { "name": null, "highway": "service" }, "geometry": { "type": "LineString", "coordinates": [ [ 73.0656323, 19.0420998 ], [ 73.0656346, 19.0421284 ], [ 73.0656622, 19.0424696 ] ] } },
{ "type": "Feature", "properties": { "name": null, "highway": "service" }, "geometry": { "type": "LineString", "coordinates": [ [ 73.0658016, 19.0416376 ], [ 73.0658593, 19.0420053 ], [ 73.0658702, 19.0420749 ] ] } },
{ "type": "Feature", "properties": { "name": null, "highway": "service" }, "geometry": { "type": "LineString", "coordinates": [ [ 73.0655522, 19.041671 ], [ 73.0658016, 19.0416376 ] ] } },
{ "type": "Feature", "properties": { "name": null, "highway": "service" }, "geometry": { "type": "LineString", "coordinates": [ [ 73.065162, 19.0421526 ], [ 73.0651564, 19.0421067 ], [ 73.0651064, 19.0417005 ] ] } },
{ "type": "Feature", "properties": { "name": null, "highway": "service" }, "geometry": { "type": "LineString", "coordinates": [ [ 73.0544617, 19.0215888 ], [ 73.0544802, 19.0216352 ], [ 73.0544868, 19.0216816 ], [ 73.0544826, 19.0217803 ], [ 73.054445, 19.0219935 ], [ 73.0544241, 19.0221831 ], [ 73.0543991, 19.0222976 ], [ 73.054374, 19.0224437 ], [ 73.0543824, 19.0225898 ], [ 73.0543323, 19.0227043 ], [ 73.054232, 19.0228819 ], [ 73.0541777, 19.0230201 ], [ 73.0540984, 19.0231109 ], [ 73.0540627, 19.0232193 ] ] } },
{ "type": "Feature", "properties": { "name": null, "highway": "service" }, "geometry": { "type": "LineString", "coordinates": [ [ 73.0540223, 19.0233418 ], [ 73.054019, 19.0233518 ], [ 73.0539564, 19.0234939 ], [ 73.0539063, 19.0236084 ], [ 73.0538018, 19.0236519 ] ] } },
{ "type": "Feature", "properties": { "name": null, "highway": "footway" }, "geometry": { "type": "LineString", "coordinates": [ [ 73.0540481, 19.0232635 ], [ 73.0540223, 19.0233418 ] ] } },
{ "type": "Feature", "properties": { "name": null, "highway": "service" }, "geometry": { "type": "LineString", "coordinates": [ [ 73.0687057, 19.0290287 ], [ 73.0687266, 19.0289559 ], [ 73.068851, 19.0287036 ], [ 73.0689453, 19.0285078 ], [ 73.0691184, 19.0282981 ], [ 73.0694074, 19.0281125 ], [ 73.0698596, 19.0277084 ], [ 73.0700846, 19.0275695 ], [ 73.0705344, 19.0271205 ], [ 73.0709223, 19.0268565 ], [ 73.0711805, 19.0264897 ], [ 73.0712896, 19.0262916 ], [ 73.0713458, 19.0262258 ] ] } },
{ "type": "Feature", "properties": { "name": "Navi Mumbai Coastal Road", "highway": "track" }, "geometry": { "type": "LineString", "coordinates": [ [ 73.0706978, 19.0330629 ], [ 73.0707368, 19.0330156 ], [ 73.0710892, 19.0330351 ], [ 73.0713354, 19.032991 ], [ 73.0714379, 19.0329559 ], [ 73.0716991, 19.0327552 ], [ 73.0718479, 19.032669 ], [ 73.0719464, 19.0325922 ], [ 73.0721908, 19.0323302 ], [ 73.0723547, 19.0321807 ], [ 73.0724215, 19.0320899 ], [ 73.0724827, 19.0319411 ], [ 73.0725232, 19.0318813 ], [ 73.0729878, 19.03146 ], [ 73.0732213, 19.0312663 ], [ 73.0734468, 19.0311041 ], [ 73.0736385, 19.0310061 ], [ 73.0737035, 19.0309297 ], [ 73.0737893, 19.0307077 ], [ 73.0738575, 19.030581 ], [ 73.0738699, 19.030504 ], [ 73.0738004, 19.0302312 ], [ 73.0737644, 19.0300302 ], [ 73.0737939, 19.0298172 ], [ 73.0738347, 19.0296123 ], [ 73.0738583, 19.0295129 ], [ 73.0738798, 19.029272 ], [ 73.0738474, 19.0290689 ], [ 73.0737773, 19.0288949 ], [ 73.0735901, 19.0287421 ], [ 73.073405, 19.0284758 ], [ 73.0731797, 19.028273 ], [ 73.0730966, 19.0281361 ], [ 73.0726269, 19.0276064 ], [ 73.0725851, 19.0273899 ], [ 73.0726003, 19.0273162 ], [ 73.0725986, 19.0272732 ] ] } },
{ "type": "Feature", "properties": { "name": null, "highway": "service" }, "geometry": { "type": "LineString", "coordinates": [ [ 73.0462172, 19.0181305 ], [ 73.0461801, 19.018264 ], [ 73.0461771, 19.0183186 ], [ 73.0461072, 19.018399 ], [ 73.046086, 19.0184708 ], [ 73.0462807, 19.0185014 ], [ 73.0463551, 19.0185131 ] ] } },
{ "type": "Feature", "properties": { "name": null, "highway": "service" }, "geometry": { "type": "LineString", "coordinates": [ [ 73.0445418, 19.0188159 ], [ 73.0446372, 19.0188785 ], [ 73.0447101, 19.0189129 ], [ 73.0448134, 19.0188325 ], [ 73.0449379, 19.0187464 ], [ 73.0450047, 19.0187722 ], [ 73.0451931, 19.0186169 ], [ 73.0453965, 19.0183588 ], [ 73.0454876, 19.0184047 ], [ 73.0456668, 19.018264 ], [ 73.0456, 19.0181693 ], [ 73.0458731, 19.0180017 ] ] } },
{ "type": "Feature", "properties": { "name": null, "highway": "footway" }, "geometry": { "type": "LineString", "coordinates": [ [ 73.0408815, 19.01336 ], [ 73.041108, 19.0133638 ], [ 73.0412718, 19.013468 ], [ 73.0419113, 19.014144 ], [ 73.0424182, 19.0146724 ], [ 73.0432941, 19.0155854 ], [ 73.0446391, 19.0169404 ], [ 73.0448029, 19.0171221 ], [ 73.0454991, 19.0175837 ], [ 73.0457772, 19.0177712 ] ] } },
{ "type": "Feature", "properties": { "name": null, "highway": "footway" }, "geometry": { "type": "LineString", "coordinates": [ [ 73.0506356, 19.0301686 ], [ 73.0506921, 19.030077 ], [ 73.0507026, 19.0299724 ], [ 73.0507, 19.0297831 ], [ 73.0507158, 19.029666 ], [ 73.0506842, 19.0295789 ], [ 73.0506921, 19.0294767 ], [ 73.0507105, 19.029402 ], [ 73.0507342, 19.0292999 ], [ 73.0507369, 19.0292102 ], [ 73.0507816, 19.0291729 ], [ 73.0508571, 19.0291407 ] ] } },
{ "type": "Feature", "properties": { "name": null, "highway": "residential" }, "geometry": { "type": "LineString", "coordinates": [ [ 73.0667265, 19.0522984 ], [ 73.066712, 19.052491 ], [ 73.0666935, 19.0527376 ], [ 73.0666954, 19.052841 ], [ 73.0666846, 19.0528931 ], [ 73.0666433, 19.0529355 ], [ 73.0666261, 19.052979 ], [ 73.0666215, 19.05303 ], [ 73.0665573, 19.0536944 ], [ 73.0665627, 19.0537143 ], [ 73.066576, 19.053728 ], [ 73.0669588, 19.053757 ], [ 73.0669897, 19.0537593 ], [ 73.0670034, 19.0537599 ], [ 73.0671056, 19.0537659 ] ] } },
{ "type": "Feature", "properties": { "name": null, "highway": "service" }, "geometry": { "type": "LineString", "coordinates": [ [ 73.0467628, 19.0183695 ], [ 73.0470431, 19.0177363 ] ] } },
{ "type": "Feature", "properties": { "name": null, "highway": "service" }, "geometry": { "type": "LineString", "coordinates": [ [ 73.0470591, 19.0183801 ], [ 73.047147, 19.0183161 ], [ 73.0473179, 19.0178598 ] ] } },
{ "type": "Feature", "properties": { "name": null, "highway": "service" }, "geometry": { "type": "LineString", "coordinates": [ [ 73.0472432, 19.0184558 ], [ 73.0473548, 19.0183225 ], [ 73.0474173, 19.0182063 ], [ 73.0475424, 19.0179739 ], [ 73.0473179, 19.0178598 ], [ 73.0470431, 19.0177363 ], [ 73.0468989, 19.017638 ], [ 73.0466777, 19.0179739 ], [ 73.046661, 19.018183 ], [ 73.0467278, 19.0182746 ], [ 73.0467628, 19.0183695 ] ] } },
{ "type": "Feature", "properties": { "name": null, "highway": "service" }, "geometry": { "type": "LineString", "coordinates": [ [ 73.0475424, 19.0179739 ], [ 73.0476631, 19.0180436 ] ] } },
{ "type": "Feature", "properties": { "name": null, "highway": "service" }, "geometry": { "type": "LineString", "coordinates": [ [ 73.0476631, 19.0180436 ], [ 73.0475961, 19.0182654 ], [ 73.0474587, 19.0185094 ], [ 73.0473758, 19.0185862 ] ] } },
{ "type": "Feature", "properties": { "name": null, "highway": "service" }, "geometry": { "type": "LineString", "coordinates": [ [ 73.0474173, 19.0182063 ], [ 73.0475961, 19.0182654 ] ] } },
{ "type": "Feature", "properties": { "name": null, "highway": "service" }, "geometry": { "type": "LineString", "coordinates": [ [ 73.0476631, 19.0180436 ], [ 73.0478407, 19.018164 ], [ 73.0477402, 19.0183383 ], [ 73.0475626, 19.0185823 ], [ 73.0474407, 19.0186603 ] ] } },
{ "type": "Feature", "properties": { "name": null, "highway": "service" }, "geometry": { "type": "LineString", "coordinates": [ [ 73.0475155, 19.0187535 ], [ 73.0476564, 19.0186773 ], [ 73.0478273, 19.0185253 ], [ 73.0479279, 19.0183763 ], [ 73.0479245, 19.0182686 ], [ 73.0479413, 19.0182242 ], [ 73.0478407, 19.018164 ] ] } },
{ "type": "Feature", "properties": { "name": null, "highway": "service" }, "geometry": { "type": "LineString", "coordinates": [ [ 73.0479413, 19.0182242 ], [ 73.0481692, 19.0183383 ], [ 73.048139, 19.0185062 ], [ 73.0479882, 19.0188865 ], [ 73.047982, 19.0189423 ] ] } },
{ "type": "Feature", "properties": { "name": null, "highway": "service" }, "geometry": { "type": "LineString", "coordinates": [ [ 73.0481692, 19.0183383 ], [ 73.0484116, 19.0184691 ], [ 73.0482195, 19.0189685 ] ] } },
{ "type": "Feature", "properties": { "name": null, "highway": "service" }, "geometry": { "type": "LineString", "coordinates": [ [ 73.0483086, 19.0190446 ], [ 73.0484528, 19.0189053 ], [ 73.0486217, 19.0185859 ], [ 73.0484116, 19.0184691 ] ] } },
{ "type": "Feature", "properties": { "name": null, "highway": "service" }, "geometry": { "type": "LineString", "coordinates": [ [ 73.0486217, 19.0185859 ], [ 73.0488565, 19.0186677 ], [ 73.048624, 19.0192436 ] ] } },
{ "type": "Feature", "properties": { "name": null, "highway": "service" }, "geometry": { "type": "LineString", "coordinates": [ [ 73.0488565, 19.0186677 ], [ 73.0491118, 19.0187767 ], [ 73.0489142, 19.0192741 ] ] } },
{ "type": "Feature", "properties": { "name": null, "highway": "service" }, "geometry": { "type": "LineString", "coordinates": [ [ 73.0540627, 19.0232193 ], [ 73.0540481, 19.0232635 ] ] } },
{ "type": "Feature", "properties": { "name": null, "highway": "service" }, "geometry": { "type": "LineString", "coordinates": [ [ 73.0512832, 19.0204342 ], [ 73.0513293, 19.0202441 ], [ 73.0513641, 19.0201187 ], [ 73.0513653, 19.0200991 ], [ 73.0513584, 19.0200862 ], [ 73.0512902, 19.0200502 ], [ 73.0508584, 19.019857 ], [ 73.0503523, 19.019613 ], [ 73.0504596, 19.0194049 ], [ 73.0504041, 19.0191886 ] ] } },
{ "type": "Feature", "properties": { "name": null, "highway": "service" }, "geometry": { "type": "LineString", "coordinates": [ [ 73.0504041, 19.0191886 ], [ 73.0503919, 19.019141 ] ] } },
{ "type": "Feature", "properties": { "name": null, "highway": "service" }, "geometry": { "type": "LineString", "coordinates": [ [ 73.0491118, 19.0187767 ], [ 73.0498447, 19.0190689 ], [ 73.0500591, 19.0191063 ], [ 73.0504041, 19.0191886 ] ] } },
{ "type": "Feature", "properties": { "name": null, "highway": "service" }, "geometry": { "type": "LineString", "coordinates": [ [ 73.0545254, 19.0208134 ], [ 73.0542898, 19.0211808 ], [ 73.0541352, 19.0213882 ], [ 73.0541359, 19.0214228 ], [ 73.0541553, 19.0214433 ], [ 73.0544617, 19.0215888 ] ] } },
{ "type": "Feature", "properties": { "name": null, "highway": "service" }, "geometry": { "type": "LineString", "coordinates": [ [ 73.0473827, 19.0512602 ], [ 73.0473248, 19.0514377 ], [ 73.0471876, 19.0517088 ], [ 73.0470592, 19.0517674 ] ] } },
{ "type": "Feature", "properties": { "name": null, "highway": "cycleway" }, "geometry": { "type": "LineString", "coordinates": [ [ 73.0483418, 19.0302936 ], [ 73.0483389, 19.0303595 ], [ 73.0483159, 19.0304209 ], [ 73.0483886, 19.0304643 ], [ 73.0484345, 19.0305149 ], [ 73.0484689, 19.0306198 ], [ 73.0484804, 19.030721 ], [ 73.0484842, 19.0308005 ], [ 73.0484574, 19.0308909 ], [ 73.0483924, 19.0310355 ], [ 73.0483465, 19.0311838 ], [ 73.0483009, 19.0313405 ], [ 73.0483108, 19.0314113 ], [ 73.0483176, 19.0314774 ], [ 73.048322, 19.0315378 ], [ 73.0483245, 19.0316013 ], [ 73.0483036, 19.0316725 ], [ 73.0482404, 19.0318233 ], [ 73.048205, 19.0319652 ], [ 73.0481295, 19.0320142 ], [ 73.0480046, 19.0320372 ], [ 73.0479108, 19.0320728 ], [ 73.047857, 19.032131 ], [ 73.0478088, 19.0321853 ], [ 73.0477317, 19.0322405 ], [ 73.047696, 19.0323131 ], [ 73.0476878, 19.0324477 ], [ 73.0476887, 19.0325251 ], [ 73.0477384, 19.0324889 ], [ 73.047857, 19.0324672 ], [ 73.0478876, 19.0324962 ] ] } },
{ "type": "Feature", "properties": { "name": null, "highway": "cycleway" }, "geometry": { "type": "LineString", "coordinates": [ [ 73.0478088, 19.0321853 ], [ 73.0477537, 19.0321888 ], [ 73.0476467, 19.0322756 ] ] } },
{ "type": "Feature", "properties": { "name": null, "highway": "tertiary" }, "geometry": { "type": "LineString", "coordinates": [ [ 73.0828882, 19.0722865 ], [ 73.083101, 19.0721726 ], [ 73.0832526, 19.0720851 ], [ 73.0833729, 19.0720009 ], [ 73.0834966, 19.0719003 ], [ 73.0836308, 19.0717735 ], [ 73.083765, 19.0716489 ], [ 73.0838957, 19.0715144 ], [ 73.0839998, 19.0714051 ], [ 73.0841492, 19.0712169 ], [ 73.084229, 19.0711162 ], [ 73.0844008, 19.0708939 ], [ 73.0844408, 19.0708316 ], [ 73.0844858, 19.0707476 ], [ 73.0845287, 19.0706599 ], [ 73.0845647, 19.0705635 ], [ 73.0845871, 19.0704985 ], [ 73.0846089, 19.0704129 ], [ 73.0846286, 19.0702959 ], [ 73.0846413, 19.0701395 ], [ 73.0846449, 19.0699682 ], [ 73.0846403, 19.0697966 ], [ 73.0845968, 19.0694577 ], [ 73.0844965, 19.0688082 ], [ 73.0843323, 19.0676252 ], [ 73.0843161, 19.0675184 ], [ 73.0841779, 19.0665379 ], [ 73.0841353, 19.0662354 ], [ 73.0841161, 19.0660995 ], [ 73.0838808, 19.0643179 ], [ 73.0838668, 19.0642121 ], [ 73.0838368, 19.0639517 ], [ 73.0837802, 19.063375 ], [ 73.0837403, 19.0632277 ], [ 73.0837066, 19.062973 ], [ 73.0836552, 19.0625623 ], [ 73.0836105, 19.0622595 ], [ 73.0835543, 19.061847 ], [ 73.0833938, 19.0605936 ], [ 73.0832176, 19.0592292 ], [ 73.0830721, 19.05808 ], [ 73.0829194, 19.0568876 ], [ 73.0829007, 19.0567415 ], [ 73.0827704, 19.0555989 ] ] } },
{ "type": "Feature", "properties": { "name": null, "highway": "motorway_link" }, "geometry": { "type": "LineString", "coordinates": [ [ 73.0835126, 19.033645 ], [ 73.083045, 19.0339587 ], [ 73.0826615, 19.034227 ], [ 73.0823753, 19.0344153 ] ] } },
{ "type": "Feature", "properties": { "name": null, "highway": "motorway_link" }, "geometry": { "type": "LineString", "coordinates": [ [ 73.0836121, 19.0336335 ], [ 73.0835126, 19.033645 ] ] } },
{ "type": "Feature", "properties": { "name": null, "highway": "motorway_link" }, "geometry": { "type": "LineString", "coordinates": [ [ 73.0823753, 19.0344153 ], [ 73.0823305, 19.0345143 ] ] } },
{ "type": "Feature", "properties": { "name": null, "highway": "motorway_link" }, "geometry": { "type": "LineString", "coordinates": [ [ 73.0825717, 19.0346798 ], [ 73.0831499, 19.0342909 ], [ 73.0837323, 19.0339045 ] ] } },
{ "type": "Feature", "properties": { "name": null, "highway": "motorway_link" }, "geometry": { "type": "LineString", "coordinates": [ [ 73.0837323, 19.0339045 ], [ 73.0837559, 19.0338158 ] ] } },
{ "type": "Feature", "properties": { "name": null, "highway": "motorway_link" }, "geometry": { "type": "LineString", "coordinates": [ [ 73.0824601, 19.0346928 ], [ 73.0825717, 19.0346798 ] ] } },
{ "type": "Feature", "properties": { "name": null, "highway": "service" }, "geometry": { "type": "LineString", "coordinates": [ [ 73.0476893, 19.0243095 ], [ 73.0476421, 19.0244035 ], [ 73.0476241, 19.0248169 ] ] } },
{ "type": "Feature", "properties": { "name": null, "highway": "service" }, "geometry": { "type": "LineString", "coordinates": [ [ 73.0471809, 19.0230841 ], [ 73.0471605, 19.0232739 ], [ 73.0471275, 19.0234979 ], [ 73.0471275, 19.02361 ], [ 73.0471771, 19.0236907 ], [ 73.0472597, 19.023748 ], [ 73.0474306, 19.0238184 ], [ 73.0476014, 19.0237454 ], [ 73.0477227, 19.0237011 ], [ 73.047857, 19.0237265 ], [ 73.0478935, 19.0237923 ], [ 73.047877, 19.0238861 ], [ 73.047743, 19.0238987 ] ] } },
{ "type": "Feature", "properties": { "name": null, "highway": "cycleway" }, "geometry": { "type": "LineString", "coordinates": [ [ 73.0476887, 19.0325251 ], [ 73.0476938, 19.0325559 ], [ 73.0477233, 19.0325677 ], [ 73.0477326, 19.0325985 ], [ 73.0476829, 19.0326733 ], [ 73.0476488, 19.0326923 ], [ 73.0476069, 19.032729 ] ] } },
{ "type": "Feature", "properties": { "name": null, "highway": "steps" }, "geometry": { "type": "LineString", "coordinates": [ [ 73.0476069, 19.032729 ], [ 73.0475759, 19.0327114 ], [ 73.0475045, 19.0326557 ], [ 73.0474347, 19.0326161 ], [ 73.0474098, 19.0326042 ], [ 73.0473932, 19.0325591 ], [ 73.0473992, 19.0325202 ], [ 73.0474043, 19.03244 ], [ 73.0474006, 19.0324078 ], [ 73.0473261, 19.032377 ], [ 73.047261, 19.0323536 ], [ 73.0471912, 19.032358 ], [ 73.0471477, 19.0323374 ], [ 73.0471338, 19.0322876 ], [ 73.0471446, 19.0322025 ], [ 73.0471446, 19.0321218 ], [ 73.0471602, 19.0320749 ] ] } },
{ "type": "Feature", "properties": { "name": null, "highway": "path" }, "geometry": { "type": "LineString", "coordinates": [ [ 73.0471602, 19.0320749 ], [ 73.0472331, 19.0320207 ], [ 73.0473727, 19.0319459 ] ] } },
{ "type": "Feature", "properties": { "name": null, "highway": "path" }, "geometry": { "type": "LineString", "coordinates": [ [ 73.0473727, 19.0319459 ], [ 73.047054, 19.0320307 ] ] } },
{ "type": "Feature", "properties": { "name": null, "highway": "steps" }, "geometry": { "type": "LineString", "coordinates": [ [ 73.047054, 19.0320307 ], [ 73.0469835, 19.0318201 ], [ 73.0469516, 19.0316377 ], [ 73.0469356, 19.0315456 ], [ 73.0469074, 19.0314284 ] ] } },
{ "type": "Feature", "properties": { "name": null, "highway": "cycleway" }, "geometry": { "type": "LineString", "coordinates": [ [ 73.0469074, 19.0314284 ], [ 73.0468764, 19.031399 ], [ 73.0468087, 19.0313724 ], [ 73.0467213, 19.0313724 ], [ 73.0467213, 19.0314124 ], [ 73.046648, 19.0313937 ], [ 73.0466142, 19.0313484 ], [ 73.0466142, 19.0312738 ], [ 73.0466311, 19.0311965 ], [ 73.0465945, 19.0311325 ], [ 73.0465437, 19.0311272 ], [ 73.0464714, 19.031091 ] ] } },
{ "type": "Feature", "properties": { "name": null, "highway": "steps" }, "geometry": { "type": "LineString", "coordinates": [ [ 73.0471602, 19.0320749 ], [ 73.047054, 19.0320307 ] ] } },
{ "type": "Feature", "properties": { "name": null, "highway": "path" }, "geometry": { "type": "LineString", "coordinates": [ [ 73.0558191, 19.047561 ], [ 73.055854, 19.0476708 ], [ 73.0564552, 19.0472308 ], [ 73.0566944, 19.0472002 ], [ 73.0570306, 19.0471269 ], [ 73.0571146, 19.0472736 ], [ 73.0574508, 19.0472552 ], [ 73.0575672, 19.0470658 ], [ 73.0576835, 19.0468519 ], [ 73.0577148, 19.0467568 ] ] } },
{ "type": "Feature", "properties": { "name": null, "highway": "path" }, "geometry": { "type": "LineString", "coordinates": [ [ 73.0573104, 19.0462587 ], [ 73.0578322, 19.0463142 ], [ 73.0577148, 19.0467568 ] ] } },
{ "type": "Feature", "properties": { "name": null, "highway": "path" }, "geometry": { "type": "LineString", "coordinates": [ [ 73.055854, 19.0476708 ], [ 73.0558346, 19.0477135 ], [ 73.0553691, 19.0480069 ], [ 73.0547938, 19.0481352 ], [ 73.054477, 19.0481352 ], [ 73.0541602, 19.0484224 ], [ 73.0537659, 19.0484652 ], [ 73.0536172, 19.0481535 ], [ 73.0536883, 19.0478908 ], [ 73.0538693, 19.0478113 ], [ 73.054115, 19.0478297 ], [ 73.054393, 19.0480374 ], [ 73.054477, 19.0481352 ] ] } },
{ "type": "Feature", "properties": { "name": null, "highway": "path" }, "geometry": { "type": "LineString", "coordinates": [ [ 73.0541086, 19.0454392 ], [ 73.0539921, 19.0455931 ], [ 73.0539921, 19.045917 ], [ 73.0538822, 19.0460758 ], [ 73.0538693, 19.0464119 ], [ 73.0542637, 19.0462225 ], [ 73.0548652, 19.0460016 ] ] } },
{ "type": "Feature", "properties": { "name": null, "highway": "service" }, "geometry": { "type": "LineString", "coordinates": [ [ 73.0464598, 19.0629851 ], [ 73.0464415, 19.063058 ], [ 73.0464851, 19.0631788 ], [ 73.0464852, 19.0633935 ], [ 73.0464736, 19.0636138 ], [ 73.0464144, 19.0637708 ], [ 73.046459, 19.0638536 ], [ 73.046483, 19.0638979 ] ] } },
{ "type": "Feature", "properties": { "name": null, "highway": "service" }, "geometry": { "type": "LineString", "coordinates": [ [ 73.0467277, 19.0593866 ], [ 73.0467367, 19.0595248 ], [ 73.0466604, 19.059675 ], [ 73.0468257, 19.0598793 ], [ 73.0465065, 19.0601845 ] ] } },
{ "type": "Feature", "properties": { "name": null, "highway": "cycleway" }, "geometry": { "type": "LineString", "coordinates": [ [ 73.0462994, 19.0569385 ], [ 73.0464079, 19.0569129 ], [ 73.0464961, 19.0568969 ], [ 73.046574, 19.0569129 ], [ 73.0467096, 19.0569321 ], [ 73.0468215, 19.0569546 ], [ 73.0468961, 19.0570507 ], [ 73.0469199, 19.0571629 ], [ 73.0470148, 19.0572077 ], [ 73.0470894, 19.0572109 ], [ 73.0470012, 19.0572302 ], [ 73.0468758, 19.0572942 ], [ 73.0466113, 19.0574449 ], [ 73.046452, 19.0575346 ], [ 73.0464554, 19.0576435 ], [ 73.0464893, 19.0577493 ], [ 73.0464689, 19.0578134 ], [ 73.0463987, 19.057882 ] ] } },
{ "type": "Feature", "properties": { "name": null, "highway": "steps" }, "geometry": { "type": "LineString", "coordinates": [ [ 73.0460296, 19.0567757 ], [ 73.0461562, 19.0568521 ], [ 73.0462553, 19.0569257 ], [ 73.0462994, 19.0569385 ] ] } },
{ "type": "Feature", "properties": { "name": null, "highway": "service" }, "geometry": { "type": "LineString", "coordinates": [ [ 73.0464598, 19.0629851 ], [ 73.0463902, 19.062897 ], [ 73.046363, 19.0627912 ], [ 73.046319, 19.0626022 ], [ 73.0462817, 19.0624195 ], [ 73.046255, 19.062338 ] ] } },
{ "type": "Feature", "properties": { "name": null, "highway": "cycleway" }, "geometry": { "type": "LineString", "coordinates": [ [ 73.0472026, 19.0637322 ], [ 73.0472581, 19.0637622 ], [ 73.0473429, 19.0637333 ], [ 73.0474107, 19.0637461 ], [ 73.0473825, 19.0636904 ], [ 73.0473395, 19.0636051 ], [ 73.0475463, 19.063525 ], [ 73.0477531, 19.0635314 ], [ 73.0481294, 19.0633872 ], [ 73.0483464, 19.0633264 ], [ 73.0485804, 19.0633039 ], [ 73.0486346, 19.0634449 ] ] } },
{ "type": "Feature", "properties": { "name": null, "highway": "cycleway" }, "geometry": { "type": "LineString", "coordinates": [ [ 73.046483, 19.0638979 ], [ 73.0466107, 19.0638618 ], [ 73.0467302, 19.0638448 ] ] } },
{ "type": "Feature", "properties": { "name": null, "highway": "cycleway" }, "geometry": { "type": "LineString", "coordinates": [ [ 73.0468457, 19.0617641 ], [ 73.0466446, 19.0617949 ], [ 73.0465327, 19.0618013 ], [ 73.0463733, 19.0619167 ], [ 73.0463089, 19.0620385 ], [ 73.0462682, 19.0621314 ], [ 73.0462581, 19.0622596 ], [ 73.0462674, 19.0623 ] ] } },
{ "type": "Feature", "properties": { "name": null, "highway": "residential" }, "geometry": { "type": "LineString", "coordinates": [ [ 73.0464714, 19.031091 ], [ 73.0463661, 19.0309673 ], [ 73.0463963, 19.0308396 ], [ 73.0465195, 19.0306771 ], [ 73.0465465, 19.0306502 ], [ 73.0468335, 19.0303452 ] ] } },
{ "type": "Feature", "properties": { "name": null, "highway": "service" }, "geometry": { "type": "LineString", "coordinates": [ [ 73.0453215, 19.0301313 ], [ 73.0454805, 19.030336 ], [ 73.0454354, 19.0303831 ], [ 73.0454734, 19.0305221 ], [ 73.0454236, 19.0306476 ], [ 73.0453548, 19.0306947 ], [ 73.0454165, 19.0307395 ], [ 73.0455469, 19.0308696 ], [ 73.0455611, 19.0309368 ], [ 73.0456465, 19.0309547 ], [ 73.0456756, 19.0310061 ] ] } },
{ "type": "Feature", "properties": { "name": null, "highway": "residential" }, "geometry": { "type": "LineString", "coordinates": [ [ 73.0625643, 19.0444331 ], [ 73.0625217, 19.0441585 ], [ 73.0625154, 19.0440927 ], [ 73.0625085, 19.0440502 ] ] } },
{ "type": "Feature", "properties": { "name": null, "highway": "residential" }, "geometry": { "type": "LineString", "coordinates": [ [ 73.0893954, 19.0147656 ], [ 73.089601, 19.0146243 ] ] } },
{ "type": "Feature", "properties": { "name": null, "highway": "service" }, "geometry": { "type": "LineString", "coordinates": [ [ 73.0586793, 19.0365288 ], [ 73.0586559, 19.0363325 ] ] } },
{ "type": "Feature", "properties": { "name": null, "highway": "residential" }, "geometry": { "type": "LineString", "coordinates": [ [ 73.0728576, 19.0723852 ], [ 73.0730509, 19.072341 ] ] } },
{ "type": "Feature", "properties": { "name": null, "highway": "residential" }, "geometry": { "type": "LineString", "coordinates": [ [ 73.0735966, 19.0741813 ], [ 73.0739139, 19.0742207 ], [ 73.0739687, 19.0742175 ], [ 73.0740222, 19.0741808 ], [ 73.0740452, 19.0741286 ], [ 73.073874, 19.0737492 ] ] } },
{ "type": "Feature", "properties": { "name": null, "highway": "residential" }, "geometry": { "type": "LineString", "coordinates": [ [ 73.0737519, 19.0732274 ], [ 73.0738219, 19.0734195 ] ] } },
{ "type": "Feature", "properties": { "name": null, "highway": "residential" }, "geometry": { "type": "LineString", "coordinates": [ [ 73.0807058, 19.0458655 ], [ 73.0804825, 19.0458885 ], [ 73.080469, 19.0459005 ], [ 73.08047, 19.0459177 ], [ 73.0805026, 19.0461306 ] ] } },
{ "type": "Feature", "properties": { "name": null, "highway": "residential" }, "geometry": { "type": "LineString", "coordinates": [ [ 73.0862693, 19.0703348 ], [ 73.0862303, 19.0703375 ], [ 73.0862134, 19.0703386 ], [ 73.0855617, 19.070382 ], [ 73.0855508, 19.0706379 ], [ 73.0862569, 19.0706854 ], [ 73.0862773, 19.0706868 ], [ 73.0863246, 19.07069 ] ] } },
{ "type": "Feature", "properties": { "name": null, "highway": "residential" }, "geometry": { "type": "LineString", "coordinates": [ [ 73.0862569, 19.0706854 ], [ 73.0862134, 19.0703386 ] ] } },
{ "type": "Feature", "properties": { "name": null, "highway": "residential" }, "geometry": { "type": "LineString", "coordinates": [ [ 73.0862764, 19.071566 ], [ 73.0861849, 19.0715269 ], [ 73.0861567, 19.0715148 ], [ 73.0858845, 19.0714172 ], [ 73.0859692, 19.0712101 ], [ 73.0861604, 19.071268 ], [ 73.0862025, 19.0712859 ], [ 73.0862435, 19.0713085 ], [ 73.0862706, 19.0713217 ], [ 73.0863584, 19.0713644 ] ] } },
{ "type": "Feature", "properties": { "name": null, "highway": "residential" }, "geometry": { "type": "LineString", "coordinates": [ [ 73.0862435, 19.0713085 ], [ 73.0861567, 19.0715148 ] ] } },
{ "type": "Feature", "properties": { "name": null, "highway": "residential" }, "geometry": { "type": "LineString", "coordinates": [ [ 73.0692649, 19.051088 ], [ 73.0696078, 19.0510494 ], [ 73.0696371, 19.0512775 ] ] } },
{ "type": "Feature", "properties": { "name": null, "highway": "residential" }, "geometry": { "type": "LineString", "coordinates": [ [ 73.0685959, 19.0510907 ], [ 73.0686003, 19.0511236 ], [ 73.0686053, 19.0511621 ], [ 73.0686516, 19.0515124 ], [ 73.0688996, 19.0514832 ], [ 73.0688539, 19.0511365 ], [ 73.0688483, 19.0510939 ], [ 73.0688446, 19.0510655 ] ] } },
{ "type": "Feature", "properties": { "name": null, "highway": "residential" }, "geometry": { "type": "LineString", "coordinates": [ [ 73.0686053, 19.0511621 ], [ 73.0688539, 19.0511365 ] ] } },
{ "type": "Feature", "properties": { "name": null, "highway": "residential" }, "geometry": { "type": "LineString", "coordinates": [ [ 73.0715015, 19.048936 ], [ 73.0716528, 19.0489237 ], [ 73.0716932, 19.0489204 ] ] } },
{ "type": "Feature", "properties": { "name": "Gharkul Road", "highway": "primary" }, "geometry": { "type": "LineString", "coordinates": [ [ 73.0738581, 19.0412309 ], [ 73.0727797, 19.0412811 ], [ 73.0726677, 19.0412863 ], [ 73.0724208, 19.0412913 ] ] } },
{ "type": "Feature", "properties": { "name": "Raghunath Road", "highway": "secondary" }, "geometry": { "type": "LineString", "coordinates": [ [ 73.0730008, 19.0471218 ], [ 73.0730036, 19.0470564 ] ] } },
{ "type": "Feature", "properties": { "name": null, "highway": "secondary" }, "geometry": { "type": "LineString", "coordinates": [ [ 73.0701125, 19.047389 ], [ 73.0702594, 19.0473545 ], [ 73.0706245, 19.0472718 ], [ 73.0709415, 19.0472419 ], [ 73.0711984, 19.0472207 ], [ 73.0715992, 19.0471875 ], [ 73.0719099, 19.0471565 ], [ 73.0729468, 19.047053 ], [ 73.0730036, 19.0470564 ] ] } },
{ "type": "Feature", "properties": { "name": null, "highway": "secondary" }, "geometry": { "type": "LineString", "coordinates": [ [ 73.0700408, 19.0474776 ], [ 73.0700709, 19.0474529 ], [ 73.0700951, 19.0474229 ], [ 73.0701125, 19.047389 ] ] } },
{ "type": "Feature", "properties": { "name": null, "highway": "secondary" }, "geometry": { "type": "LineString", "coordinates": [ [ 73.0698832, 19.0475069 ], [ 73.069938, 19.0475113 ], [ 73.0699919, 19.0475013 ], [ 73.0700408, 19.0474776 ] ] } },
{ "type": "Feature", "properties": { "name": "Jalvayu Vihar Marg", "highway": "secondary" }, "geometry": { "type": "LineString", "coordinates": [ [ 73.0705493, 19.0515916 ], [ 73.0704891, 19.0511019 ], [ 73.0703791, 19.0503476 ], [ 73.0703745, 19.0503066 ], [ 73.0703422, 19.050017 ] ] } },
{ "type": "Feature", "properties": { "name": null, "highway": "residential" }, "geometry": { "type": "LineString", "coordinates": [ [ 73.0702287, 19.05003 ], [ 73.0703422, 19.050017 ] ] } },
{ "type": "Feature", "properties": { "name": "Jalvayu Vihar Marg", "highway": "secondary" }, "geometry": { "type": "LineString", "coordinates": [ [ 73.0698832, 19.0475069 ], [ 73.0698874, 19.0475512 ], [ 73.0699057, 19.0476085 ], [ 73.069924, 19.0477014 ], [ 73.0700851, 19.0489324 ], [ 73.0701221, 19.0492152 ], [ 73.0702287, 19.05003 ] ] } },
{ "type": "Feature", "properties": { "name": null, "highway": "secondary" }, "geometry": { "type": "LineString", "coordinates": [ [ 73.0701125, 19.047389 ], [ 73.0701241, 19.0473359 ], [ 73.070119, 19.0472819 ], [ 73.0700976, 19.0472315 ], [ 73.0700618, 19.0471892 ] ] } },
{ "type": "Feature", "properties": { "name": null, "highway": "secondary" }, "geometry": { "type": "LineString", "coordinates": [ [ 73.075164, 19.046712 ], [ 73.0744995, 19.0467779 ], [ 73.0730033, 19.0469263 ], [ 73.0729277, 19.0469338 ] ] } },
{ "type": "Feature", "properties": { "name": "Raghunath Road", "highway": "secondary" }, "geometry": { "type": "LineString", "coordinates": [ [ 73.0729277, 19.0469338 ], [ 73.0729468, 19.047053 ], [ 73.0730008, 19.0471218 ] ] } },
{ "type": "Feature", "properties": { "name": "Raghunath Road", "highway": "secondary" }, "geometry": { "type": "LineString", "coordinates": [ [ 73.0724208, 19.0412913 ], [ 73.0723622, 19.0412204 ], [ 73.0723551, 19.0412151 ], [ 73.0723448, 19.0412128 ], [ 73.0723358, 19.0412167 ], [ 73.0723287, 19.041225 ], [ 73.0722965, 19.0412932 ], [ 73.0723016, 19.0413914 ] ] } },
{ "type": "Feature", "properties": { "name": "Gharkul Road", "highway": "primary" }, "geometry": { "type": "LineString", "coordinates": [ [ 73.0698365, 19.0413714 ], [ 73.0699225, 19.0413743 ], [ 73.070044, 19.0413784 ], [ 73.0703981, 19.0413838 ], [ 73.0713203, 19.0413905 ], [ 73.0717056, 19.041394 ], [ 73.0717713, 19.0413946 ], [ 73.0720715, 19.0413974 ], [ 73.0723016, 19.0413914 ] ] } },
{ "type": "Feature", "properties": { "name": "Belpada Road", "highway": "tertiary" }, "geometry": { "type": "LineString", "coordinates": [ [ 73.0598869, 19.0306902 ], [ 73.0603894, 19.0312186 ], [ 73.0610572, 19.0319156 ], [ 73.0612544, 19.0321226 ], [ 73.0613239, 19.0321975 ], [ 73.0618813, 19.0328499 ], [ 73.0627126, 19.0338805 ], [ 73.0629526, 19.0341828 ], [ 73.0634192, 19.034676 ] ] } },
{ "type": "Feature", "properties": { "name": "Service Road", "highway": "tertiary" }, "geometry": { "type": "LineString", "coordinates": [ [ 73.0598689, 19.0285763 ], [ 73.0594852, 19.0283118 ], [ 73.0587434, 19.0278006 ], [ 73.0585368, 19.0276582 ], [ 73.058109, 19.0273633 ] ] } },
{ "type": "Feature", "properties": { "name": "Service Road", "highway": "tertiary" }, "geometry": { "type": "LineString", "coordinates": [ [ 73.0570353, 19.0266645 ], [ 73.0569221, 19.0267048 ] ] } },
{ "type": "Feature", "properties": { "name": null, "highway": "primary_link" }, "geometry": { "type": "LineString", "coordinates": [ [ 73.0828616, 19.0555934 ], [ 73.0829712, 19.0555845 ] ] } },
{ "type": "Feature", "properties": { "name": null, "highway": "primary_link" }, "geometry": { "type": "LineString", "coordinates": [ [ 73.0827704, 19.0555989 ], [ 73.0828616, 19.0555934 ] ] } },
{ "type": "Feature", "properties": { "name": null, "highway": "residential" }, "geometry": { "type": "LineString", "coordinates": [ [ 73.0450405, 19.0265466 ], [ 73.0444868, 19.0259794 ], [ 73.044476, 19.0259604 ], [ 73.0444783, 19.0259293 ], [ 73.0446578, 19.0257872 ] ] } },
{ "type": "Feature", "properties": { "name": null, "highway": "residential" }, "geometry": { "type": "LineString", "coordinates": [ [ 73.0783146, 19.0704236 ], [ 73.0776607, 19.0705533 ] ] } },
{ "type": "Feature", "properties": { "name": null, "highway": "service" }, "geometry": { "type": "LineString", "coordinates": [ [ 73.0662356, 19.0353495 ], [ 73.0661202, 19.0354041 ], [ 73.0660048, 19.0354588 ], [ 73.0659729, 19.0354582 ], [ 73.0659419, 19.0354462 ], [ 73.0657487, 19.0352244 ], [ 73.0657241, 19.0352049 ], [ 73.0656899, 19.0351964 ], [ 73.0656413, 19.035194 ], [ 73.0650371, 19.0356253 ], [ 73.0650181, 19.035651 ], [ 73.0650082, 19.0356828 ], [ 73.0650074, 19.0357234 ], [ 73.0650332, 19.0357701 ], [ 73.0654267, 19.0362388 ], [ 73.0654584, 19.0362541 ], [ 73.0655, 19.0362596 ], [ 73.0655488, 19.0362566 ], [ 73.0661933, 19.0360018 ], [ 73.0662286, 19.0359728 ], [ 73.0662395, 19.0359341 ], [ 73.0662479, 19.0358919 ], [ 73.0659729, 19.0354582 ] ] } },
{ "type": "Feature", "properties": { "name": null, "highway": "service" }, "geometry": { "type": "LineString", "coordinates": [ [ 73.0682083, 19.03473 ], [ 73.0684926, 19.0349148 ] ] } },
{ "type": "Feature", "properties": { "name": null, "highway": "service" }, "geometry": { "type": "LineString", "coordinates": [ [ 73.0681254, 19.0344527 ], [ 73.0682675, 19.0345474 ] ] } },
{ "type": "Feature", "properties": { "name": null, "highway": "residential" }, "geometry": { "type": "LineString", "coordinates": [ [ 73.0675684, 19.0350257 ], [ 73.0678538, 19.0346214 ], [ 73.0680483, 19.0343685 ], [ 73.0680926, 19.0343128 ] ] } },
{ "type": "Feature", "properties": { "name": null, "highway": "service" }, "geometry": { "type": "LineString", "coordinates": [ [ 73.0680482, 19.0345492 ], [ 73.0681254, 19.0344527 ], [ 73.0681522, 19.0344197 ], [ 73.0681855, 19.0343776 ] ] } },
{ "type": "Feature", "properties": { "name": null, "highway": "service" }, "geometry": { "type": "LineString", "coordinates": [ [ 73.0670756, 19.0335904 ], [ 73.0670261, 19.0336579 ], [ 73.0665883, 19.0342566 ], [ 73.0665707, 19.034269 ], [ 73.0665519, 19.0342732 ], [ 73.0664295, 19.0341952 ], [ 73.06642, 19.034176 ], [ 73.0664233, 19.03416 ], [ 73.0668627, 19.0335568 ], [ 73.0669137, 19.0334868 ] ] } },
{ "type": "Feature", "properties": { "name": null, "highway": "service" }, "geometry": { "type": "LineString", "coordinates": [ [ 73.0656749, 19.0342609 ], [ 73.0655327, 19.0341754 ], [ 73.0655198, 19.034163 ], [ 73.0655198, 19.0341404 ], [ 73.065976, 19.0335399 ], [ 73.0659963, 19.033523 ], [ 73.0660273, 19.033521 ], [ 73.0661521, 19.0335963 ] ] } },
{ "type": "Feature", "properties": { "name": null, "highway": "residential" }, "geometry": { "type": "LineString", "coordinates": [ [ 73.064462, 19.0358638 ], [ 73.0645156, 19.0358244 ], [ 73.0647364, 19.0356581 ], [ 73.0647594, 19.0356407 ] ] } },
{ "type": "Feature", "properties": { "name": null, "highway": "service" }, "geometry": { "type": "LineString", "coordinates": [ [ 73.0643888, 19.0369924 ], [ 73.06435, 19.0369349 ], [ 73.0641432, 19.0366216 ], [ 73.0643316, 19.0364967 ], [ 73.0643544, 19.0364944 ], [ 73.064381, 19.0365038 ], [ 73.0645758, 19.0368059 ], [ 73.06463, 19.03689 ] ] } },
{ "type": "Feature", "properties": { "name": null, "highway": "service" }, "geometry": { "type": "LineString", "coordinates": [ [ 73.0646348, 19.0362302 ], [ 73.0645599, 19.0362778 ], [ 73.064131, 19.0365631 ], [ 73.0641097, 19.0365653 ], [ 73.0640927, 19.0365707 ] ] } },
{ "type": "Feature", "properties": { "name": null, "highway": "residential" }, "geometry": { "type": "LineString", "coordinates": [ [ 73.0632006, 19.0371262 ], [ 73.0634006, 19.0374104 ] ] } },
{ "type": "Feature", "properties": { "name": null, "highway": "service" }, "geometry": { "type": "LineString", "coordinates": [ [ 73.0592432, 19.0358908 ], [ 73.0593161, 19.0358828 ], [ 73.0593405, 19.0358801 ], [ 73.0596726, 19.0358435 ], [ 73.0597186, 19.0358384 ], [ 73.0597393, 19.0358451 ], [ 73.0597689, 19.0360033 ], [ 73.05975, 19.0360176 ], [ 73.059391, 19.0360581 ], [ 73.0593669, 19.0360532 ], [ 73.0593592, 19.0360293 ], [ 73.0593405, 19.0358801 ], [ 73.0593362, 19.0356503 ], [ 73.0593425, 19.0356329 ] ] } },
{ "type": "Feature", "properties": { "name": null, "highway": "service" }, "geometry": { "type": "LineString", "coordinates": [ [ 73.05921, 19.0356462 ], [ 73.0592762, 19.0356395 ], [ 73.0593425, 19.0356329 ], [ 73.0593737, 19.0356218 ], [ 73.0595656, 19.035603 ], [ 73.0595904, 19.0356243 ], [ 73.0596726, 19.0358435 ] ] } },
{ "type": "Feature", "properties": { "name": null, "highway": "service" }, "geometry": { "type": "LineString", "coordinates": [ [ 73.0592039, 19.0356016 ], [ 73.0592716, 19.0355957 ], [ 73.0593048, 19.0355928 ], [ 73.0594787, 19.0355777 ], [ 73.0594939, 19.0355702 ], [ 73.059499, 19.0355499 ], [ 73.0593998, 19.0353905 ], [ 73.0593815, 19.0353803 ], [ 73.0593547, 19.0353799 ], [ 73.0592852, 19.0353875 ], [ 73.05925, 19.0353913 ], [ 73.0591764, 19.0353994 ] ] } },
{ "type": "Feature", "properties": { "name": null, "highway": "service" }, "geometry": { "type": "LineString", "coordinates": [ [ 73.0593048, 19.0355928 ], [ 73.0592852, 19.0353875 ] ] } },
{ "type": "Feature", "properties": { "name": null, "highway": "service" }, "geometry": { "type": "LineString", "coordinates": [ [ 73.0730734, 19.0332234 ], [ 73.0733363, 19.0334886 ], [ 73.0733769, 19.0335296 ] ] } },
{ "type": "Feature", "properties": { "name": null, "highway": "service" }, "geometry": { "type": "LineString", "coordinates": [ [ 73.0728735, 19.0333411 ], [ 73.0731875, 19.0336364 ], [ 73.0732237, 19.0336705 ] ] } },
{ "type": "Feature", "properties": { "name": null, "highway": "service" }, "geometry": { "type": "LineString", "coordinates": [ [ 73.0734187, 19.0334912 ], [ 73.073351, 19.0334239 ], [ 73.0731601, 19.0332242 ] ] } },
{ "type": "Feature", "properties": { "name": null, "highway": "service" }, "geometry": { "type": "LineString", "coordinates": [ [ 73.0729744, 19.0330164 ], [ 73.0729918, 19.0330144 ], [ 73.0730112, 19.0330037 ], [ 73.073297, 19.0327535 ], [ 73.0733881, 19.0326711 ] ] } },
{ "type": "Feature", "properties": { "name": null, "highway": "service" }, "geometry": { "type": "LineString", "coordinates": [ [ 73.0728879, 19.0327 ], [ 73.0727851, 19.0327994 ], [ 73.072772, 19.0328222 ], [ 73.0727741, 19.0328474 ], [ 73.0729568, 19.0330067 ], [ 73.0729744, 19.0330164 ] ] } },
{ "type": "Feature", "properties": { "name": null, "highway": "service" }, "geometry": { "type": "LineString", "coordinates": [ [ 73.0735078, 19.0326642 ], [ 73.0735649, 19.0326131 ], [ 73.0737832, 19.0324178 ], [ 73.0738037, 19.0324109 ], [ 73.0738402, 19.0324247 ], [ 73.074103, 19.0326759 ] ] } },
{ "type": "Feature", "properties": { "name": null, "highway": "residential" }, "geometry": { "type": "LineString", "coordinates": [ [ 73.074045, 19.0330309 ], [ 73.0738955, 19.0330531 ] ] } },
{ "type": "Feature", "properties": { "name": null, "highway": "residential" }, "geometry": { "type": "LineString", "coordinates": [ [ 73.0739541, 19.0331119 ], [ 73.074045, 19.0330309 ] ] } },
{ "type": "Feature", "properties": { "name": null, "highway": "service" }, "geometry": { "type": "LineString", "coordinates": [ [ 73.0733597, 19.0342396 ], [ 73.0733882, 19.0342145 ], [ 73.0734886, 19.0341251 ], [ 73.0735058, 19.0341107 ], [ 73.0735193, 19.0341094 ], [ 73.0735301, 19.0341101 ], [ 73.073548, 19.0341205 ] ] } },
{ "type": "Feature", "properties": { "name": null, "highway": "residential" }, "geometry": { "type": "LineString", "coordinates": [ [ 73.073548, 19.0341205 ], [ 73.0737677, 19.0343419 ], [ 73.0737872, 19.0343592 ] ] } },
{ "type": "Feature", "properties": { "name": null, "highway": "residential" }, "geometry": { "type": "LineString", "coordinates": [ [ 73.0737704, 19.0342712 ], [ 73.0739027, 19.034157 ] ] } },
{ "type": "Feature", "properties": { "name": null, "highway": "service" }, "geometry": { "type": "LineString", "coordinates": [ [ 73.0732316, 19.0337761 ], [ 73.0732707, 19.0338158 ], [ 73.0734898, 19.0340382 ], [ 73.0735073, 19.0340468 ], [ 73.073522, 19.0340477 ], [ 73.0736029, 19.0339834 ], [ 73.0736158, 19.0339747 ], [ 73.0736176, 19.0339616 ], [ 73.0736089, 19.0339503 ] ] } },
{ "type": "Feature", "properties": { "name": null, "highway": "residential" }, "geometry": { "type": "LineString", "coordinates": [ [ 73.0730933, 19.0340995 ], [ 73.0734042, 19.034409 ], [ 73.0734232, 19.0344329 ], [ 73.0734298, 19.0344516 ], [ 73.0734338, 19.0344691 ], [ 73.0734298, 19.0344915 ], [ 73.073417, 19.034512 ], [ 73.0732973, 19.0346056 ] ] } },
{ "type": "Feature", "properties": { "name": null, "highway": "residential" }, "geometry": { "type": "LineString", "coordinates": [ [ 73.0728575, 19.03412 ], [ 73.0729056, 19.0341731 ], [ 73.0732973, 19.0346056 ], [ 73.0733125, 19.0346224 ], [ 73.073354, 19.0346682 ] ] } },
{ "type": "Feature", "properties": { "name": null, "highway": "residential" }, "geometry": { "type": "LineString", "coordinates": [ [ 73.0725535, 19.0343997 ], [ 73.0726133, 19.0344572 ], [ 73.0727917, 19.034623 ], [ 73.0728121, 19.034631 ], [ 73.072824, 19.0346212 ], [ 73.0729082, 19.0345557 ], [ 73.0729118, 19.0345399 ], [ 73.0729072, 19.0345265 ] ] } },
{ "type": "Feature", "properties": { "name": null, "highway": "residential" }, "geometry": { "type": "LineString", "coordinates": [ [ 73.0751564, 19.0330968 ], [ 73.0753841, 19.0328896 ] ] } },
{ "type": "Feature", "properties": { "name": null, "highway": "residential" }, "geometry": { "type": "LineString", "coordinates": [ [ 73.0755239, 19.0329049 ], [ 73.0755746, 19.0329499 ], [ 73.0755956, 19.0329705 ], [ 73.0758763, 19.0332298 ], [ 73.0758898, 19.0332324 ], [ 73.0758993, 19.0332266 ], [ 73.0759969, 19.0331401 ], [ 73.0760105, 19.0331235 ], [ 73.0760105, 19.03311 ], [ 73.0760037, 19.0330927 ], [ 73.0757346, 19.032834 ], [ 73.0757201, 19.0328208 ], [ 73.0756692, 19.032772 ] ] } },
{ "type": "Feature", "properties": { "name": null, "highway": "residential" }, "geometry": { "type": "LineString", "coordinates": [ [ 73.0755956, 19.0329705 ], [ 73.0757346, 19.032834 ] ] } },
{ "type": "Feature", "properties": { "name": null, "highway": "residential" }, "geometry": { "type": "LineString", "coordinates": [ [ 73.065679, 19.0349173 ], [ 73.065592, 19.0350087 ], [ 73.065552, 19.0350387 ], [ 73.0652881, 19.0352365 ], [ 73.0650097, 19.035439 ], [ 73.0649246, 19.0355008 ], [ 73.0648555, 19.0355325 ], [ 73.0648045, 19.0355439 ], [ 73.0647432, 19.0355428 ] ] } },
{ "type": "Feature", "properties": { "name": null, "highway": "residential" }, "geometry": { "type": "LineString", "coordinates": [ [ 73.0764469, 19.0346797 ], [ 73.0768473, 19.0343176 ] ] } },
{ "type": "Feature", "properties": { "name": null, "highway": "residential" }, "geometry": { "type": "LineString", "coordinates": [ [ 73.0752779, 19.0344444 ], [ 73.0753174, 19.0344058 ], [ 73.0753722, 19.0343523 ], [ 73.0756544, 19.0340768 ], [ 73.0756811, 19.0340552 ], [ 73.0757078, 19.0340436 ], [ 73.0757369, 19.0340414 ], [ 73.0757601, 19.0340578 ], [ 73.0758453, 19.0341334 ], [ 73.076072, 19.0343346 ], [ 73.0761719, 19.0344232 ], [ 73.0761795, 19.0344412 ], [ 73.0761751, 19.0344634 ], [ 73.0761617, 19.0344826 ], [ 73.0758186, 19.0347914 ], [ 73.0757655, 19.0348389 ], [ 73.0757182, 19.0348817 ] ] } },
{ "type": "Feature", "properties": { "name": null, "highway": "residential" }, "geometry": { "type": "LineString", "coordinates": [ [ 73.0752466, 19.0347417 ], [ 73.0754392, 19.0349436 ] ] } },
{ "type": "Feature", "properties": { "name": null, "highway": "service" }, "geometry": { "type": "LineString", "coordinates": [ [ 73.0755931, 19.0348833 ], [ 73.0755493, 19.034918 ], [ 73.0753683, 19.035061 ], [ 73.0753593, 19.0350745 ], [ 73.0753593, 19.0350908 ], [ 73.0753645, 19.0351043 ], [ 73.0754435, 19.0351797 ], [ 73.0754577, 19.0351825 ], [ 73.075475, 19.0351733 ], [ 73.0756465, 19.0350169 ], [ 73.0756883, 19.0349788 ] ] } },
{ "type": "Feature", "properties": { "name": null, "highway": "service" }, "geometry": { "type": "LineString", "coordinates": [ [ 73.075711, 19.0350015 ], [ 73.0756676, 19.0350381 ], [ 73.0755296, 19.0351544 ], [ 73.0755108, 19.0351714 ], [ 73.0755048, 19.0351842 ], [ 73.0755048, 19.0351956 ], [ 73.075507, 19.0352055 ], [ 73.07558, 19.0352809 ], [ 73.0755957, 19.0352915 ], [ 73.0756123, 19.0352908 ], [ 73.0756241, 19.0352838 ], [ 73.075769, 19.0351406 ], [ 73.0758096, 19.0351006 ] ] } },
{ "type": "Feature", "properties": { "name": null, "highway": "residential" }, "geometry": { "type": "LineString", "coordinates": [ [ 73.0765191, 19.0347943 ], [ 73.0765574, 19.0348318 ], [ 73.0765743, 19.0348483 ], [ 73.0769369, 19.0352025 ], [ 73.0769453, 19.0352086 ], [ 73.0769575, 19.035211 ], [ 73.0769672, 19.0352055 ], [ 73.077087, 19.0351001 ], [ 73.0770935, 19.0350898 ], [ 73.0770941, 19.0350788 ], [ 73.0770877, 19.035066 ], [ 73.0767252, 19.0347136 ], [ 73.0767047, 19.0346937 ], [ 73.0766684, 19.0346564 ] ] } },
{ "type": "Feature", "properties": { "name": null, "highway": "residential" }, "geometry": { "type": "LineString", "coordinates": [ [ 73.0766975, 19.0346298 ], [ 73.0767734, 19.0347044 ] ] } },
{ "type": "Feature", "properties": { "name": null, "highway": "residential" }, "geometry": { "type": "LineString", "coordinates": [ [ 73.0784634, 19.0348737 ], [ 73.0783617, 19.0346931 ], [ 73.0780038, 19.0343246 ] ] } },
{ "type": "Feature", "properties": { "name": null, "highway": "residential" }, "geometry": { "type": "LineString", "coordinates": [ [ 73.0770332, 19.0355868 ], [ 73.0771088, 19.0355188 ], [ 73.0771191, 19.0355066 ], [ 73.077121, 19.0354926 ], [ 73.0771184, 19.0354792 ], [ 73.0770256, 19.0353842 ], [ 73.0770024, 19.0353744 ], [ 73.0769889, 19.0353689 ], [ 73.0769664, 19.0353763 ], [ 73.0769161, 19.0354228 ] ] } },
{ "type": "Feature", "properties": { "name": null, "highway": "residential" }, "geometry": { "type": "LineString", "coordinates": [ [ 73.0768857, 19.0354586 ], [ 73.0766239, 19.0356907 ], [ 73.0765719, 19.0357382 ] ] } },
{ "type": "Feature", "properties": { "name": null, "highway": "residential" }, "geometry": { "type": "LineString", "coordinates": [ [ 73.0767104, 19.0358772 ], [ 73.0767596, 19.035833 ], [ 73.0770332, 19.0355868 ] ] } },
{ "type": "Feature", "properties": { "name": null, "highway": "residential" }, "geometry": { "type": "LineString", "coordinates": [ [ 73.07507, 19.0374548 ], [ 73.0753394, 19.0374387 ] ] } },
{ "type": "Feature", "properties": { "name": null, "highway": "residential" }, "geometry": { "type": "LineString", "coordinates": [ [ 73.0753394, 19.0374387 ], [ 73.0753373, 19.0374086 ], [ 73.0753353, 19.0373586 ] ] } },
{ "type": "Feature", "properties": { "name": null, "highway": "residential" }, "geometry": { "type": "LineString", "coordinates": [ [ 73.065871, 19.0459564 ], [ 73.0658357, 19.0456924 ] ] } },
{ "type": "Feature", "properties": { "name": null, "highway": "residential" }, "geometry": { "type": "LineString", "coordinates": [ [ 73.0658357, 19.0456924 ], [ 73.0658862, 19.0456866 ], [ 73.0662756, 19.0456423 ] ] } },
{ "type": "Feature", "properties": { "name": null, "highway": "residential" }, "geometry": { "type": "LineString", "coordinates": [ [ 73.0661973, 19.0454122 ], [ 73.0658678, 19.0454649 ], [ 73.0658083, 19.0454744 ] ] } },
{ "type": "Feature", "properties": { "name": null, "highway": "residential" }, "geometry": { "type": "LineString", "coordinates": [ [ 73.0669892, 19.0455523 ], [ 73.0670247, 19.0458177 ] ] } },
{ "type": "Feature", "properties": { "name": null, "highway": "residential" }, "geometry": { "type": "LineString", "coordinates": [ [ 73.0669592, 19.0453275 ], [ 73.0669806, 19.045325 ], [ 73.0673581, 19.0452892 ] ] } },
{ "type": "Feature", "properties": { "name": null, "highway": "residential" }, "geometry": { "type": "LineString", "coordinates": [ [ 73.0669305, 19.0451133 ], [ 73.0669592, 19.0453275 ] ] } },
{ "type": "Feature", "properties": { "name": null, "highway": "residential" }, "geometry": { "type": "LineString", "coordinates": [ [ 73.0669305, 19.0451133 ], [ 73.0669589, 19.0451098 ], [ 73.0673657, 19.0450604 ] ] } },
{ "type": "Feature", "properties": { "name": null, "highway": "residential" }, "geometry": { "type": "LineString", "coordinates": [ [ 73.0669892, 19.0455523 ], [ 73.0670115, 19.0455489 ], [ 73.0673923, 19.0455044 ] ] } },
{ "type": "Feature", "properties": { "name": null, "highway": "residential" }, "geometry": { "type": "LineString", "coordinates": [ [ 73.0669592, 19.0453275 ], [ 73.0669892, 19.0455523 ] ] } },
{ "type": "Feature", "properties": { "name": null, "highway": "residential" }, "geometry": { "type": "LineString", "coordinates": [ [ 73.0667537, 19.0437908 ], [ 73.0667944, 19.0440767 ] ] } },
{ "type": "Feature", "properties": { "name": null, "highway": "living_street" }, "geometry": { "type": "LineString", "coordinates": [ [ 73.0667944, 19.0440767 ], [ 73.0668433, 19.0440701 ], [ 73.0671697, 19.0440354 ] ] } },
{ "type": "Feature", "properties": { "name": null, "highway": "residential" }, "geometry": { "type": "LineString", "coordinates": [ [ 73.0662797, 19.0441351 ], [ 73.0667011, 19.044087 ], [ 73.0667944, 19.0440767 ] ] } },
{ "type": "Feature", "properties": { "name": null, "highway": "residential" }, "geometry": { "type": "LineString", "coordinates": [ [ 73.0667944, 19.0440767 ], [ 73.0668103, 19.0442934 ] ] } },
{ "type": "Feature", "properties": { "name": null, "highway": "residential" }, "geometry": { "type": "LineString", "coordinates": [ [ 73.0668103, 19.0442934 ], [ 73.0668389, 19.0442905 ], [ 73.0668991, 19.0442865 ], [ 73.0670895, 19.04427 ] ] } },
{ "type": "Feature", "properties": { "name": null, "highway": "residential" }, "geometry": { "type": "LineString", "coordinates": [ [ 73.0668103, 19.0442934 ], [ 73.0668456, 19.0445114 ] ] } },
{ "type": "Feature", "properties": { "name": null, "highway": "residential" }, "geometry": { "type": "LineString", "coordinates": [ [ 73.0672565, 19.0444632 ], [ 73.0669236, 19.0445031 ], [ 73.0668456, 19.0445114 ] ] } },
{ "type": "Feature", "properties": { "name": null, "highway": "living_street" }, "geometry": { "type": "LineString", "coordinates": [ [ 73.0663197, 19.044562 ], [ 73.0663233, 19.0446299 ] ] } },
{ "type": "Feature", "properties": { "name": null, "highway": "living_street" }, "geometry": { "type": "LineString", "coordinates": [ [ 73.0663035, 19.0444109 ], [ 73.0662973, 19.044353 ], [ 73.0662908, 19.0442769 ], [ 73.0662797, 19.0441351 ] ] } },
{ "type": "Feature", "properties": { "name": null, "highway": "living_street" }, "geometry": { "type": "LineString", "coordinates": [ [ 73.0663197, 19.044562 ], [ 73.066313, 19.0444755 ], [ 73.0663035, 19.0444109 ] ] } },
{ "type": "Feature", "properties": { "name": null, "highway": "residential" }, "geometry": { "type": "LineString", "coordinates": [ [ 73.0707025, 19.0502761 ], [ 73.0705789, 19.0502847 ], [ 73.0705076, 19.0502915 ], [ 73.0704416, 19.0502977 ], [ 73.0704369, 19.0502982 ], [ 73.0703745, 19.0503066 ] ] } },
{ "type": "Feature", "properties": { "name": null, "highway": "residential" }, "geometry": { "type": "LineString", "coordinates": [ [ 73.0705834, 19.0503257 ], [ 73.0706044, 19.0505682 ], [ 73.0706196, 19.0507433 ] ] } },
{ "type": "Feature", "properties": { "name": null, "highway": "residential" }, "geometry": { "type": "LineString", "coordinates": [ [ 73.0717335, 19.0501748 ], [ 73.0719884, 19.0503535 ] ] } },
{ "type": "Feature", "properties": { "name": null, "highway": "residential" }, "geometry": { "type": "LineString", "coordinates": [ [ 73.0711177, 19.0496463 ], [ 73.070983, 19.0496636 ], [ 73.0709317, 19.0496888 ], [ 73.0708392, 19.049817 ], [ 73.0707879, 19.0499121 ], [ 73.0707838, 19.0500422 ], [ 73.0708082, 19.050196 ] ] } },
{ "type": "Feature", "properties": { "name": null, "highway": "residential" }, "geometry": { "type": "LineString", "coordinates": [ [ 73.0709317, 19.0496888 ], [ 73.0707412, 19.0495331 ] ] } },
{ "type": "Feature", "properties": { "name": null, "highway": "residential" }, "geometry": { "type": "LineString", "coordinates": [ [ 73.0707879, 19.0499121 ], [ 73.0705333, 19.049786 ] ] } },
{ "type": "Feature", "properties": { "name": null, "highway": "residential" }, "geometry": { "type": "LineString", "coordinates": [ [ 73.0708663, 19.0506804 ], [ 73.0709432, 19.0505918 ], [ 73.0710669, 19.050449 ] ] } },
{ "type": "Feature", "properties": { "name": null, "highway": "residential" }, "geometry": { "type": "LineString", "coordinates": [ [ 73.0711973, 19.0508869 ], [ 73.071281, 19.0507965 ], [ 73.0713074, 19.050723 ], [ 73.0713105, 19.0507 ], [ 73.0713257, 19.0505885 ] ] } },
{ "type": "Feature", "properties": { "name": null, "highway": "residential" }, "geometry": { "type": "LineString", "coordinates": [ [ 73.0714854, 19.0504807 ], [ 73.0717459, 19.0506755 ] ] } },
{ "type": "Feature", "properties": { "name": null, "highway": "residential" }, "geometry": { "type": "LineString", "coordinates": [ [ 73.0719773, 19.0509205 ], [ 73.0721405, 19.0507135 ], [ 73.0723918, 19.0503992 ] ] } },
{ "type": "Feature", "properties": { "name": null, "highway": "residential" }, "geometry": { "type": "LineString", "coordinates": [ [ 73.0721405, 19.0507135 ], [ 73.0718536, 19.0505259 ] ] } },
{ "type": "Feature", "properties": { "name": null, "highway": "residential" }, "geometry": { "type": "LineString", "coordinates": [ [ 73.0721812, 19.0501997 ], [ 73.0724255, 19.049898 ] ] } },
{ "type": "Feature", "properties": { "name": null, "highway": "residential" }, "geometry": { "type": "LineString", "coordinates": [ [ 73.0809588, 19.0470334 ], [ 73.0812403, 19.0470064 ] ] } },
{ "type": "Feature", "properties": { "name": null, "highway": "residential" }, "geometry": { "type": "LineString", "coordinates": [ [ 73.083461, 19.0434511 ], [ 73.0834548, 19.0435311 ] ] } },
{ "type": "Feature", "properties": { "name": null, "highway": "residential" }, "geometry": { "type": "LineString", "coordinates": [ [ 73.0834548, 19.0435311 ], [ 73.0834486, 19.0436112 ] ] } },
{ "type": "Feature", "properties": { "name": null, "highway": "residential" }, "geometry": { "type": "LineString", "coordinates": [ [ 73.0834491, 19.0432626 ], [ 73.083785, 19.043225 ], [ 73.0840231, 19.0431984 ] ] } },
{ "type": "Feature", "properties": { "name": null, "highway": "residential" }, "geometry": { "type": "LineString", "coordinates": [ [ 73.0838004, 19.0434175 ], [ 73.083785, 19.043225 ] ] } },
{ "type": "Feature", "properties": { "name": null, "highway": "residential" }, "geometry": { "type": "LineString", "coordinates": [ [ 73.0832234, 19.0429022 ], [ 73.083425, 19.0428814 ] ] } },
{ "type": "Feature", "properties": { "name": null, "highway": "residential" }, "geometry": { "type": "LineString", "coordinates": [ [ 73.0838677, 19.0428296 ], [ 73.0840634, 19.0427613 ] ] } },
{ "type": "Feature", "properties": { "name": null, "highway": "service" }, "geometry": { "type": "LineString", "coordinates": [ [ 73.0829994, 19.0421552 ], [ 73.0829147, 19.0421669 ], [ 73.0824654, 19.0422525 ], [ 73.0825112, 19.0427625 ], [ 73.082991, 19.0426973 ] ] } },
{ "type": "Feature", "properties": { "name": null, "highway": "service" }, "geometry": { "type": "LineString", "coordinates": [ [ 73.082991, 19.0426973 ], [ 73.0830663, 19.042687 ] ] } },
{ "type": "Feature", "properties": { "name": null, "highway": "residential" }, "geometry": { "type": "LineString", "coordinates": [ [ 73.0838948, 19.0440488 ], [ 73.0841243, 19.0440285 ] ] } },
{ "type": "Feature", "properties": { "name": null, "highway": "residential" }, "geometry": { "type": "LineString", "coordinates": [ [ 73.0833892, 19.0446859 ], [ 73.0832673, 19.0437662 ], [ 73.0832715, 19.0437255 ], [ 73.0833185, 19.0437012 ], [ 73.0836113, 19.043668 ] ] } },
{ "type": "Feature", "properties": { "name": null, "highway": "residential" }, "geometry": { "type": "LineString", "coordinates": [ [ 73.0813358, 19.0513628 ], [ 73.0813741, 19.051362 ], [ 73.0814593, 19.0513581 ], [ 73.081484, 19.0513455 ], [ 73.0815055, 19.0513163 ], [ 73.0814804, 19.0511382 ] ] } },
{ "type": "Feature", "properties": { "name": null, "highway": "residential" }, "geometry": { "type": "LineString", "coordinates": [ [ 73.0690162, 19.0510401 ], [ 73.0691917, 19.0510153 ], [ 73.0692522, 19.0510056 ], [ 73.0696469, 19.0509429 ] ] } },
{ "type": "Feature", "properties": { "name": null, "highway": "residential" }, "geometry": { "type": "LineString", "coordinates": [ [ 73.0689117, 19.0510581 ], [ 73.0689164, 19.0510937 ], [ 73.0689205, 19.0511351 ], [ 73.0689477, 19.0514114 ], [ 73.0689668, 19.0514478 ], [ 73.0690257, 19.0514545 ], [ 73.0691768, 19.05143 ], [ 73.0692381, 19.0514166 ], [ 73.0692464, 19.0513887 ], [ 73.0692042, 19.0511006 ], [ 73.0691974, 19.0510542 ], [ 73.0691917, 19.0510153 ] ] } },
{ "type": "Feature", "properties": { "name": null, "highway": "residential" }, "geometry": { "type": "LineString", "coordinates": [ [ 73.0689205, 19.0511351 ], [ 73.0692042, 19.0511006 ] ] } },
{ "type": "Feature", "properties": { "name": null, "highway": "residential" }, "geometry": { "type": "LineString", "coordinates": [ [ 73.0696102, 19.051736 ], [ 73.0695874, 19.0515303 ] ] } },
{ "type": "Feature", "properties": { "name": null, "highway": "residential" }, "geometry": { "type": "LineString", "coordinates": [ [ 73.0723015, 19.0461035 ], [ 73.072316, 19.046217 ], [ 73.0723197, 19.046232 ], [ 73.0723329, 19.046244 ], [ 73.0723488, 19.04625 ], [ 73.0724672, 19.0462355 ], [ 73.0724825, 19.046229 ], [ 73.0724878, 19.0462195 ], [ 73.0724889, 19.046203 ], [ 73.0724736, 19.0460852 ] ] } },
{ "type": "Feature", "properties": { "name": null, "highway": "residential" }, "geometry": { "type": "LineString", "coordinates": [ [ 73.0710278, 19.0478772 ], [ 73.0712743, 19.0478444 ] ] } },
{ "type": "Feature", "properties": { "name": null, "highway": "residential" }, "geometry": { "type": "LineString", "coordinates": [ [ 73.0716718, 19.0478314 ], [ 73.0719729, 19.0478044 ] ] } },
{ "type": "Feature", "properties": { "name": null, "highway": "residential" }, "geometry": { "type": "LineString", "coordinates": [ [ 73.0880494, 19.0131376 ], [ 73.087951, 19.0130578 ] ] } },
{ "type": "Feature", "properties": { "name": null, "highway": "residential" }, "geometry": { "type": "LineString", "coordinates": [ [ 73.0880403, 19.0149688 ], [ 73.088211, 19.014851 ], [ 73.0882834, 19.0148061 ], [ 73.0883003, 19.0148057 ], [ 73.0883147, 19.0148101 ], [ 73.0884257, 19.014943 ] ] } },
{ "type": "Feature", "properties": { "name": null, "highway": "residential" }, "geometry": { "type": "LineString", "coordinates": [ [ 73.0899942, 19.0143563 ], [ 73.090151, 19.014235 ] ] } },
{ "type": "Feature", "properties": { "name": null, "highway": "service" }, "geometry": { "type": "LineString", "coordinates": [ [ 73.0735212, 19.0440364 ], [ 73.0735767, 19.0444482 ], [ 73.073573, 19.0444763 ], [ 73.0735574, 19.0444956 ], [ 73.0735325, 19.0445107 ], [ 73.0728436, 19.0445838 ], [ 73.0727789, 19.0445907 ] ] } },
{ "type": "Feature", "properties": { "name": null, "highway": "service" }, "geometry": { "type": "LineString", "coordinates": [ [ 73.0734983, 19.0438888 ], [ 73.0735078, 19.0439335 ], [ 73.0735212, 19.0440364 ] ] } },
{ "type": "Feature", "properties": { "name": null, "highway": "service" }, "geometry": { "type": "LineString", "coordinates": [ [ 73.0736702, 19.0440002 ], [ 73.0736718, 19.0440284 ], [ 73.0736881, 19.0443153 ], [ 73.0739671, 19.0442936 ], [ 73.0740484, 19.0443219 ], [ 73.0742738, 19.0445672 ], [ 73.0744971, 19.0443805 ], [ 73.0745007, 19.0443252 ], [ 73.0743743, 19.0441969 ], [ 73.0743921, 19.0441829 ] ] } },
{ "type": "Feature", "properties": { "name": null, "highway": "service" }, "geometry": { "type": "LineString", "coordinates": [ [ 73.0743743, 19.0441969 ], [ 73.0742029, 19.0440352 ], [ 73.0740836, 19.0439857 ], [ 73.0736718, 19.0440284 ] ] } },
{ "type": "Feature", "properties": { "name": null, "highway": "service" }, "geometry": { "type": "LineString", "coordinates": [ [ 73.0736559, 19.0438737 ], [ 73.0736599, 19.0439211 ], [ 73.0736702, 19.0440002 ] ] } },
{ "type": "Feature", "properties": { "name": null, "highway": "tertiary" }, "geometry": { "type": "LineString", "coordinates": [ [ 73.077366, 19.0430476 ], [ 73.0772504, 19.0431133 ], [ 73.0770984, 19.0431997 ], [ 73.0761916, 19.0436584 ], [ 73.0756336, 19.0439406 ], [ 73.0754668, 19.0440136 ], [ 73.0753764, 19.0440085 ], [ 73.0752497, 19.0440009 ], [ 73.0750358, 19.0439882 ], [ 73.0744603, 19.0441255 ] ] } },
{ "type": "Feature", "properties": { "name": null, "highway": "residential" }, "geometry": { "type": "LineString", "coordinates": [ [ 73.067089, 19.032345 ], [ 73.0671217, 19.0323025 ], [ 73.0671698, 19.0322399 ], [ 73.0672443, 19.0321428 ] ] } },
{ "type": "Feature", "properties": { "name": null, "highway": "service" }, "geometry": { "type": "LineString", "coordinates": [ [ 73.0561609, 19.0292648 ], [ 73.0562312, 19.0291437 ], [ 73.0563095, 19.0288818 ], [ 73.0564367, 19.0286851 ], [ 73.0565829, 19.0284617 ], [ 73.0569091, 19.0284745 ], [ 73.0570321, 19.0284958 ], [ 73.0571074, 19.028567 ], [ 73.0571727, 19.0286643 ], [ 73.0571901, 19.0287089 ], [ 73.0572011, 19.0287371 ] ] } },
{ "type": "Feature", "properties": { "name": null, "highway": "service" }, "geometry": { "type": "LineString", "coordinates": [ [ 73.0558742, 19.0269358 ], [ 73.0559323, 19.0271919 ], [ 73.0559647, 19.0273346 ], [ 73.0560106, 19.0275561 ], [ 73.0560183, 19.0275932 ] ] } },
{ "type": "Feature", "properties": { "name": null, "highway": "residential" }, "geometry": { "type": "LineString", "coordinates": [ [ 73.0723247, 19.0493341 ], [ 73.0723893, 19.0493272 ], [ 73.072409, 19.0493251 ], [ 73.0724803, 19.0493175 ] ] } },
{ "type": "Feature", "properties": { "name": null, "highway": "residential" }, "geometry": { "type": "LineString", "coordinates": [ [ 73.0725716, 19.051587 ], [ 73.0719291, 19.0516565 ] ] } },
{ "type": "Feature", "properties": { "name": null, "highway": "service" }, "geometry": { "type": "LineString", "coordinates": [ [ 73.0819189, 19.0745714 ], [ 73.0817949, 19.074023 ] ] } },
{ "type": "Feature", "properties": { "name": null, "highway": "tertiary_link" }, "geometry": { "type": "LineString", "coordinates": [ [ 73.0831855, 19.0758393 ], [ 73.0830973, 19.0757708 ], [ 73.0807337, 19.0744203 ] ] } },
{ "type": "Feature", "properties": { "name": null, "highway": "residential" }, "geometry": { "type": "LineString", "coordinates": [ [ 73.0633304, 19.0461637 ], [ 73.0634265, 19.0461565 ], [ 73.0636178, 19.0461382 ] ] } },
{ "type": "Feature", "properties": { "name": null, "highway": "residential" }, "geometry": { "type": "LineString", "coordinates": [ [ 73.062447, 19.0462317 ], [ 73.0621322, 19.0462643 ] ] } },
{ "type": "Feature", "properties": { "name": null, "highway": "residential" }, "geometry": { "type": "LineString", "coordinates": [ [ 73.0621981, 19.0457862 ], [ 73.062401, 19.0458615 ] ] } },
{ "type": "Feature", "properties": { "name": null, "highway": "residential" }, "geometry": { "type": "LineString", "coordinates": [ [ 73.0630152, 19.0457758 ], [ 73.0629922, 19.0454789 ] ] } },
{ "type": "Feature", "properties": { "name": null, "highway": "residential" }, "geometry": { "type": "LineString", "coordinates": [ [ 73.062619, 19.0458311 ], [ 73.0625766, 19.0455122 ] ] } },
{ "type": "Feature", "properties": { "name": null, "highway": "service" }, "geometry": { "type": "LineString", "coordinates": [ [ 73.0727789, 19.0445907 ], [ 73.0727187, 19.0445971 ] ] } },
{ "type": "Feature", "properties": { "name": null, "highway": "residential" }, "geometry": { "type": "LineString", "coordinates": [ [ 73.0798399, 19.0407667 ], [ 73.0798361, 19.0406761 ], [ 73.0798461, 19.0405112 ], [ 73.0798736, 19.0403626 ], [ 73.0798978, 19.040232 ], [ 73.0799512, 19.0401082 ], [ 73.080032, 19.03995 ], [ 73.080174, 19.0397868 ], [ 73.0802825, 19.0397011 ], [ 73.0803617, 19.0396459 ] ] } },
{ "type": "Feature", "properties": { "name": null, "highway": "residential" }, "geometry": { "type": "LineString", "coordinates": [ [ 73.0807059, 19.0406192 ], [ 73.0806749, 19.0404485 ], [ 73.0806402, 19.0402945 ], [ 73.0806017, 19.040054 ], [ 73.0805812, 19.039817 ], [ 73.0805485, 19.0396059 ] ] } },
{ "type": "Feature", "properties": { "name": null, "highway": "residential" }, "geometry": { "type": "LineString", "coordinates": [ [ 73.0798978, 19.040232 ], [ 73.080172, 19.0403782 ], [ 73.0803027, 19.0404309 ], [ 73.0805318, 19.040542 ] ] } },
{ "type": "Feature", "properties": { "name": null, "highway": "residential" }, "geometry": { "type": "LineString", "coordinates": [ [ 73.0807059, 19.0406192 ], [ 73.0807314, 19.0406289 ], [ 73.0807573, 19.0406261 ], [ 73.0808365, 19.0406169 ] ] } },
{ "type": "Feature", "properties": { "name": null, "highway": "residential" }, "geometry": { "type": "LineString", "coordinates": [ [ 73.0785582, 19.0393521 ], [ 73.0786025, 19.0393135 ], [ 73.0786927, 19.0392422 ], [ 73.0787739, 19.039198 ], [ 73.07889, 19.0391555 ], [ 73.0789922, 19.0391362 ], [ 73.0792209, 19.0390878 ], [ 73.0793614, 19.0390335 ], [ 73.0795691, 19.0389098 ], [ 73.0796941, 19.038801 ], [ 73.07982, 19.0386633 ], [ 73.0799217, 19.0385141 ], [ 73.080003, 19.0383837 ], [ 73.0800641, 19.0382504 ] ] } },
{ "type": "Feature", "properties": { "name": null, "highway": "secondary_link" }, "geometry": { "type": "LineString", "coordinates": [ [ 73.0897002, 19.0212188 ], [ 73.0897937, 19.0211514 ] ] } },
{ "type": "Feature", "properties": { "name": null, "highway": "residential" }, "geometry": { "type": "LineString", "coordinates": [ [ 73.0889285, 19.0218471 ], [ 73.0889754, 19.0218116 ], [ 73.0889954, 19.0217972 ], [ 73.0893618, 19.0215141 ], [ 73.0893743, 19.0215093 ], [ 73.0893903, 19.0215068 ], [ 73.0894085, 19.0215111 ], [ 73.0894337, 19.0215414 ], [ 73.0895272, 19.0216536 ] ] } },
{ "type": "Feature", "properties": { "name": null, "highway": "residential" }, "geometry": { "type": "LineString", "coordinates": [ [ 73.0894337, 19.0215414 ], [ 73.0894916, 19.0215012 ], [ 73.0897677, 19.0213044 ] ] } },
{ "type": "Feature", "properties": { "name": null, "highway": "residential" }, "geometry": { "type": "LineString", "coordinates": [ [ 73.0889954, 19.0217972 ], [ 73.0891537, 19.021977 ] ] } },
{ "type": "Feature", "properties": { "name": null, "highway": "service" }, "geometry": { "type": "LineString", "coordinates": [ [ 73.0790688, 19.0523486 ], [ 73.0790542, 19.0522014 ], [ 73.0790484, 19.0521876 ], [ 73.0790417, 19.0521802 ], [ 73.0790335, 19.0521746 ], [ 73.0790189, 19.0521711 ] ] } },
{ "type": "Feature", "properties": { "name": null, "highway": "service" }, "geometry": { "type": "LineString", "coordinates": [ [ 73.0790189, 19.0521711 ], [ 73.0788801, 19.0521858 ] ] } },
{ "type": "Feature", "properties": { "name": null, "highway": "service" }, "geometry": { "type": "LineString", "coordinates": [ [ 73.0788801, 19.0521858 ], [ 73.0788623, 19.0521904 ], [ 73.0788503, 19.0521975 ], [ 73.0788431, 19.0522081 ], [ 73.0788395, 19.0522239 ], [ 73.0788482, 19.0523745 ] ] } },
{ "type": "Feature", "properties": { "name": null, "highway": "primary_link" }, "geometry": { "type": "LineString", "coordinates": [ [ 73.0762876, 19.0526755 ], [ 73.0763077, 19.0528167 ] ] } },
{ "type": "Feature", "properties": { "name": null, "highway": "service" }, "geometry": { "type": "LineString", "coordinates": [ [ 73.0646898, 19.0645744 ], [ 73.0644667, 19.0644306 ] ] } },
{ "type": "Feature", "properties": { "name": null, "highway": "service" }, "geometry": { "type": "LineString", "coordinates": [ [ 73.0644667, 19.0644306 ], [ 73.064409, 19.0643912 ], [ 73.0643826, 19.0643818 ], [ 73.0643558, 19.0643861 ], [ 73.0643384, 19.064407 ], [ 73.0643068, 19.0644602 ] ] } },
{ "type": "Feature", "properties": { "name": null, "highway": "service" }, "geometry": { "type": "LineString", "coordinates": [ [ 73.060494, 19.0408986 ], [ 73.0605219, 19.0409794 ], [ 73.0605084, 19.0410422 ] ] } },
{ "type": "Feature", "properties": { "name": null, "highway": "residential" }, "geometry": { "type": "LineString", "coordinates": [ [ 73.0640039, 19.0485952 ], [ 73.0638323, 19.0486472 ] ] } },
{ "type": "Feature", "properties": { "name": null, "highway": "service" }, "geometry": { "type": "LineString", "coordinates": [ [ 73.0727802, 19.0450941 ], [ 73.0728823, 19.0450829 ] ] } },
{ "type": "Feature", "properties": { "name": null, "highway": "footway" }, "geometry": { "type": "LineString", "coordinates": [ [ 73.0689642, 19.045864 ], [ 73.0689713, 19.0459377 ], [ 73.0689513, 19.0459956 ] ] } },
{ "type": "Feature", "properties": { "name": null, "highway": "tertiary_link" }, "geometry": { "type": "LineString", "coordinates": [ [ 73.0772388, 19.0752486 ], [ 73.0773996, 19.0752098 ], [ 73.0786602, 19.0748854 ], [ 73.0789016, 19.0747333 ], [ 73.0790786, 19.0746572 ], [ 73.0799262, 19.0744544 ], [ 73.0802749, 19.0744189 ], [ 73.0805753, 19.0744696 ], [ 73.0808274, 19.074566 ], [ 73.0830391, 19.0758561 ], [ 73.083144, 19.0759064 ] ] } },
{ "type": "Feature", "properties": { "name": null, "highway": "residential" }, "geometry": { "type": "LineString", "coordinates": [ [ 73.0697007, 19.0453417 ], [ 73.069766, 19.0453348 ], [ 73.0699805, 19.0453122 ], [ 73.0699988, 19.0453136 ], [ 73.0700139, 19.0453207 ], [ 73.070022, 19.0453348 ], [ 73.0700663, 19.0457218 ], [ 73.0700631, 19.0457338 ], [ 73.0700536, 19.0457429 ], [ 73.0700387, 19.0457486 ], [ 73.0698125, 19.0457717 ], [ 73.0697482, 19.0457782 ] ] } },
{ "type": "Feature", "properties": { "name": null, "highway": "service" }, "geometry": { "type": "LineString", "coordinates": [ [ 73.0643863, 19.067694 ], [ 73.0643843, 19.0677925 ], [ 73.0643755, 19.0679595 ], [ 73.0643943, 19.067979 ], [ 73.0644291, 19.0679849 ], [ 73.0651409, 19.068011 ], [ 73.0652123, 19.0680136 ] ] } },
{ "type": "Feature", "properties": { "name": null, "highway": "service" }, "geometry": { "type": "LineString", "coordinates": [ [ 73.0643843, 19.0677925 ], [ 73.0648145, 19.067781 ] ] } },
{ "type": "Feature", "properties": { "name": null, "highway": "service" }, "geometry": { "type": "LineString", "coordinates": [ [ 73.0649035, 19.0676817 ], [ 73.0651456, 19.067732 ], [ 73.0651547, 19.0677372 ], [ 73.065154, 19.0677505 ], [ 73.0651409, 19.068011 ] ] } },
{ "type": "Feature", "properties": { "name": null, "highway": "motorway_link" }, "geometry": { "type": "LineString", "coordinates": [ [ 73.0448803, 19.0233988 ], [ 73.0450242, 19.0232069 ], [ 73.0452248, 19.0229596 ] ] } },
{ "type": "Feature", "properties": { "name": "Shaheed Baghat Singh Marg", "highway": "primary" }, "geometry": { "type": "LineString", "coordinates": [ [ 73.0469054, 19.0230179 ], [ 73.0467971, 19.0230334 ], [ 73.0453919, 19.0232882 ], [ 73.0452148, 19.0233202 ], [ 73.0449965, 19.0233654 ], [ 73.0448803, 19.0233988 ] ] } },
{ "type": "Feature", "properties": { "name": "Kharghar Station Road", "highway": "tertiary" }, "geometry": { "type": "LineString", "coordinates": [ [ 73.0704837, 19.0346837 ], [ 73.0703351, 19.0345692 ], [ 73.0701182, 19.0344234 ], [ 73.0696292, 19.0340947 ], [ 73.0689172, 19.0336039 ] ] } },
{ "type": "Feature", "properties": { "name": null, "highway": "residential" }, "geometry": { "type": "LineString", "coordinates": [ [ 73.0688596, 19.0336659 ], [ 73.0689172, 19.0336039 ] ] } },
{ "type": "Feature", "properties": { "name": null, "highway": "service" }, "geometry": { "type": "LineString", "coordinates": [ [ 73.0805075, 19.0679283 ], [ 73.0805761, 19.0685425 ] ] } },
{ "type": "Feature", "properties": { "name": null, "highway": "service" }, "geometry": { "type": "LineString", "coordinates": [ [ 73.0841353, 19.0662354 ], [ 73.0799121, 19.0667368 ] ] } },
{ "type": "Feature", "properties": { "name": "Ganesh Mandir Road", "highway": "tertiary" }, "geometry": { "type": "LineString", "coordinates": [ [ 73.0726268, 19.0723089 ], [ 73.0726006, 19.0723536 ], [ 73.0725799, 19.0723861 ], [ 73.0725566, 19.0724214 ], [ 73.0719179, 19.0732382 ], [ 73.0718118, 19.0733711 ], [ 73.0717427, 19.0734571 ] ] } },
{ "type": "Feature", "properties": { "name": "Ganesh Mandir Road", "highway": "tertiary" }, "geometry": { "type": "LineString", "coordinates": [ [ 73.0829994, 19.0724753 ], [ 73.0829364, 19.072411 ], [ 73.0829151, 19.0723708 ], [ 73.0828882, 19.0722865 ], [ 73.0828655, 19.0722087 ], [ 73.0822883, 19.071685 ], [ 73.081739, 19.0711865 ], [ 73.0812782, 19.0707832 ], [ 73.0809312, 19.0704837 ] ] } },
{ "type": "Feature", "properties": { "name": null, "highway": "track" }, "geometry": { "type": "LineString", "coordinates": [ [ 73.0550493, 19.0686673 ], [ 73.0550601, 19.0689487 ], [ 73.0550365, 19.0689968 ], [ 73.0549809, 19.0690501 ], [ 73.0549166, 19.0690627 ], [ 73.0548562, 19.0690577 ], [ 73.0547503, 19.0689905 ], [ 73.0547033, 19.0689398 ], [ 73.0545384, 19.068434 ], [ 73.0545183, 19.0683136 ], [ 73.0545183, 19.0682072 ], [ 73.0545491, 19.0679955 ], [ 73.0545491, 19.0678713 ], [ 73.0545303, 19.0677965 ], [ 73.0544485, 19.06769 ] ] } },
{ "type": "Feature", "properties": { "name": null, "highway": "residential" }, "geometry": { "type": "LineString", "coordinates": [ [ 73.060202, 19.0683106 ], [ 73.0601995, 19.0683635 ], [ 73.0601687, 19.0684916 ], [ 73.0600952, 19.0687451 ], [ 73.0600581, 19.0688526 ], [ 73.0600159, 19.0689266 ], [ 73.0599737, 19.0690646 ] ] } },
{ "type": "Feature", "properties": { "name": "Navi Mumbai Coastal Road", "highway": "proposed" }, "geometry": { "type": "LineString", "coordinates": [ [ 73.058781, 19.0225443 ], [ 73.058619, 19.0225439 ], [ 73.0583788, 19.0225553 ], [ 73.0580753, 19.0225496 ], [ 73.0577554, 19.0225415 ], [ 73.0575051, 19.0225325 ], [ 73.057301, 19.0225107 ], [ 73.0569596, 19.0224798 ], [ 73.0565303, 19.0224252 ], [ 73.0561838, 19.0223137 ], [ 73.0559579, 19.0222116 ], [ 73.0555775, 19.0220562 ], [ 73.0549752, 19.0217675 ], [ 73.0545563, 19.0215684 ], [ 73.0541352, 19.0213882 ], [ 73.053736, 19.0212195 ], [ 73.0535076, 19.0211032 ], [ 73.0531356, 19.02096 ], [ 73.0528352, 19.0209828 ], [ 73.052693, 19.0209854 ], [ 73.0517247, 19.020534 ], [ 73.0516818, 19.020321 ], [ 73.0515105, 19.0202231 ], [ 73.0510851, 19.0200363 ], [ 73.0507581, 19.0198838 ], [ 73.0504122, 19.0196822 ], [ 73.0501122, 19.0195545 ], [ 73.0497576, 19.0194085 ], [ 73.0493214, 19.0193111 ], [ 73.0490066, 19.0192821 ], [ 73.0489142, 19.0192741 ], [ 73.0487258, 19.0192579 ], [ 73.048624, 19.0192436 ], [ 73.0485772, 19.019237 ], [ 73.0484304, 19.0191709 ], [ 73.0483599, 19.0191149 ], [ 73.0483086, 19.0190446 ], [ 73.0482944, 19.0190252 ], [ 73.0482195, 19.0189685 ], [ 73.048125, 19.018944 ], [ 73.0480228, 19.0189329 ], [ 73.047982, 19.0189423 ], [ 73.0478718, 19.0189678 ], [ 73.0477689, 19.0189598 ], [ 73.0476471, 19.0189012 ], [ 73.0475708, 19.0188235 ], [ 73.0475155, 19.0187535 ], [ 73.0474539, 19.0186753 ], [ 73.0474407, 19.0186603 ], [ 73.0473758, 19.0185862 ], [ 73.0472811, 19.0184781 ], [ 73.0472432, 19.0184558 ], [ 73.0471344, 19.018392 ], [ 73.0470591, 19.0183801 ], [ 73.046916, 19.0183575 ], [ 73.0467628, 19.0183695 ] ] } },
{ "type": "Feature", "properties": { "name": null, "highway": "unclassified" }, "geometry": { "type": "LineString", "coordinates": [ [ 73.0467628, 19.0183695 ], [ 73.0466954, 19.0183514 ] ] } },
{ "type": "Feature", "properties": { "name": null, "highway": "path" }, "geometry": { "type": "LineString", "coordinates": [ [ 73.0571723, 19.0244619 ], [ 73.058036, 19.0247915 ], [ 73.0580896, 19.0247332 ], [ 73.0581513, 19.024723 ], [ 73.0585992, 19.0249512 ], [ 73.0587092, 19.0249487 ], [ 73.0589372, 19.0250654 ], [ 73.0589104, 19.0251287 ], [ 73.0588987, 19.0252199 ] ] } },
{ "type": "Feature", "properties": { "name": null, "highway": "service" }, "geometry": { "type": "LineString", "coordinates": [ [ 73.0605767, 19.0283644 ], [ 73.0604473, 19.0281386 ], [ 73.0600506, 19.0278809 ], [ 73.0599672, 19.0278267 ], [ 73.0596684, 19.0277453 ] ] } },
{ "type": "Feature", "properties": { "name": null, "highway": "service" }, "geometry": { "type": "LineString", "coordinates": [ [ 73.0707014, 19.0341049 ], [ 73.0707387, 19.0340631 ], [ 73.0709052, 19.033831 ], [ 73.0708972, 19.0337981 ], [ 73.0707684, 19.033722 ] ] } },
{ "type": "Feature", "properties": { "name": null, "highway": "track" }, "geometry": { "type": "LineString", "coordinates": [ [ 73.0706978, 19.0330629 ], [ 73.0702963, 19.0327357 ], [ 73.0701649, 19.0327103 ], [ 73.0697063, 19.0327864 ], [ 73.0695131, 19.0327914 ], [ 73.0693947, 19.0327332 ] ] } },
{ "type": "Feature", "properties": { "name": "Navi Mumbai Coastal Road", "highway": "proposed" }, "geometry": { "type": "LineString", "coordinates": [ [ 73.0792268, 19.0342126 ], [ 73.0791315, 19.0340187 ], [ 73.078759, 19.0334232 ], [ 73.0776756, 19.0322753 ], [ 73.0767444, 19.0315236 ] ] } },
{ "type": "Feature", "properties": { "name": "Navi Mumbai Coastal Road", "highway": "proposed" }, "geometry": { "type": "LineString", "coordinates": [ [ 73.0805721, 19.0375783 ], [ 73.080515, 19.0372816 ], [ 73.0803935, 19.0368224 ], [ 73.080048, 19.0358424 ], [ 73.0794689, 19.0346151 ], [ 73.0793367, 19.034451 ] ] } },
{ "type": "Feature", "properties": { "name": null, "highway": "residential" }, "geometry": { "type": "LineString", "coordinates": [ [ 73.0884564, 19.0239361 ], [ 73.0888704, 19.0236429 ], [ 73.0889812, 19.0235644 ], [ 73.0893293, 19.0233179 ], [ 73.0894647, 19.023222 ], [ 73.0895945, 19.0231331 ], [ 73.0898405, 19.0229646 ], [ 73.090204, 19.0227031 ], [ 73.0906296, 19.0223969 ] ] } },
{ "type": "Feature", "properties": { "name": null, "highway": "primary_link" }, "geometry": { "type": "LineString", "coordinates": [ [ 73.0807786, 19.0384899 ], [ 73.0806855, 19.038498 ] ] } },
{ "type": "Feature", "properties": { "name": "Kharghar Flyover", "highway": "motorway" }, "geometry": { "type": "LineString", "coordinates": [ [ 73.0674155, 19.0331082 ], [ 73.0646264, 19.0311981 ] ] } },
{ "type": "Feature", "properties": { "name": "Kharghar Flyover", "highway": "motorway" }, "geometry": { "type": "LineString", "coordinates": [ [ 73.0673577, 19.0332018 ], [ 73.0688819, 19.0342456 ] ] } },
{ "type": "Feature", "properties": { "name": "Kharghar Flyover", "highway": "motorway" }, "geometry": { "type": "LineString", "coordinates": [ [ 73.0646264, 19.0311981 ], [ 73.0635708, 19.0304752 ] ] } },
{ "type": "Feature", "properties": { "name": "Kharghar Flyover", "highway": "motorway" }, "geometry": { "type": "LineString", "coordinates": [ [ 73.0645392, 19.0312715 ], [ 73.0673577, 19.0332018 ] ] } },
{ "type": "Feature", "properties": { "name": null, "highway": "track" }, "geometry": { "type": "LineString", "coordinates": [ [ 73.0529506, 19.0397817 ], [ 73.0530065, 19.0398407 ], [ 73.0531778, 19.0400214 ] ] } },
{ "type": "Feature", "properties": { "name": null, "highway": "track" }, "geometry": { "type": "LineString", "coordinates": [ [ 73.0510809, 19.0443779 ], [ 73.0511534, 19.044366 ], [ 73.0512496, 19.044274 ], [ 73.0513422, 19.0441658 ], [ 73.0513946, 19.0440863 ] ] } },
{ "type": "Feature", "properties": { "name": null, "highway": "path" }, "geometry": { "type": "LineString", "coordinates": [ [ 73.0485329, 19.0501498 ], [ 73.0485139, 19.0506097 ], [ 73.0485393, 19.0509163 ], [ 73.0485107, 19.0510396 ], [ 73.0484757, 19.051229 ], [ 73.0483485, 19.0514966 ], [ 73.0483008, 19.0516078 ], [ 73.0481958, 19.0516559 ], [ 73.048059, 19.0518363 ] ] } },
{ "type": "Feature", "properties": { "name": null, "highway": "service" }, "geometry": { "type": "LineString", "coordinates": [ [ 73.0745696, 19.0422648 ], [ 73.0744591, 19.0423028 ], [ 73.0738795, 19.0425023 ], [ 73.0736142, 19.0425937 ], [ 73.0735767, 19.0426545 ], [ 73.0737413, 19.0436738 ], [ 73.0737718, 19.0438626 ] ] } },
{ "type": "Feature", "properties": { "name": null, "highway": "tertiary" }, "geometry": { "type": "LineString", "coordinates": [ [ 73.0649051, 19.0377307 ], [ 73.0644119, 19.0378699 ], [ 73.0642924, 19.0379533 ], [ 73.0642327, 19.0381175 ], [ 73.0641729, 19.038182 ], [ 73.0640843, 19.0382226 ], [ 73.0632555, 19.0385565 ] ] } },
{ "type": "Feature", "properties": { "name": null, "highway": "tertiary" }, "geometry": { "type": "LineString", "coordinates": [ [ 73.0752497, 19.0440009 ], [ 73.0745696, 19.0422648 ], [ 73.0742179, 19.0412979 ] ] } },
{ "type": "Feature", "properties": { "name": null, "highway": "track" }, "geometry": { "type": "LineString", "coordinates": [ [ 73.0577575, 19.051303 ], [ 73.0577253, 19.0513869 ], [ 73.0574579, 19.0516708 ] ] } },
{ "type": "Feature", "properties": { "name": null, "highway": "track" }, "geometry": { "type": "LineString", "coordinates": [ [ 73.0528095, 19.0291463 ], [ 73.0527593, 19.0291097 ], [ 73.0526858, 19.0290137 ], [ 73.0526105, 19.0288021 ], [ 73.0525828, 19.0287242 ], [ 73.0525539, 19.0286833 ], [ 73.0524673, 19.0285604 ], [ 73.052279, 19.0283967 ], [ 73.0519728, 19.0281902 ] ] } },
{ "type": "Feature", "properties": { "name": null, "highway": "track" }, "geometry": { "type": "LineString", "coordinates": [ [ 73.0563837, 19.0335394 ], [ 73.0564186, 19.0334735 ], [ 73.0565768, 19.0334025 ], [ 73.0566788, 19.033116 ], [ 73.056668, 19.0328751 ], [ 73.056711, 19.0327128 ], [ 73.0566841, 19.0324694 ], [ 73.0567378, 19.0320587 ], [ 73.0568531, 19.0318406 ], [ 73.0570355, 19.0315896 ], [ 73.0572166, 19.0314881 ] ] } },
{ "type": "Feature", "properties": { "name": null, "highway": "service" }, "geometry": { "type": "LineString", "coordinates": [ [ 73.0652123, 19.0680136 ], [ 73.0655238, 19.0680111 ], [ 73.0657338, 19.0679419 ], [ 73.065868, 19.0678318 ], [ 73.0659222, 19.0677985 ], [ 73.0659778, 19.0677972 ], [ 73.0660049, 19.0678087 ], [ 73.0660469, 19.0680047 ], [ 73.0660415, 19.0680469 ], [ 73.0659967, 19.0680815 ], [ 73.0656353, 19.0681759 ] ] } },
{ "type": "Feature", "properties": { "name": null, "highway": "service" }, "geometry": { "type": "LineString", "coordinates": [ [ 73.0660049, 19.0678087 ], [ 73.0660019, 19.0677442 ], [ 73.0659239, 19.0674816 ] ] } },
{ "type": "Feature", "properties": { "name": null, "highway": "residential" }, "geometry": { "type": "LineString", "coordinates": [ [ 73.0731106, 19.0754854 ], [ 73.0729082, 19.0753309 ], [ 73.0728522, 19.0752587 ], [ 73.072843, 19.0751975 ], [ 73.0730802, 19.0746006 ], [ 73.0731829, 19.0744065 ] ] } },
{ "type": "Feature", "properties": { "name": null, "highway": "tertiary_link" }, "geometry": { "type": "LineString", "coordinates": [ [ 73.0807337, 19.0744203 ], [ 73.0806182, 19.0743784 ], [ 73.0802588, 19.0743226 ], [ 73.0799262, 19.074348 ], [ 73.0790196, 19.0745862 ], [ 73.0788265, 19.0746572 ], [ 73.0786227, 19.0748042 ], [ 73.0772131, 19.0751501 ] ] } },
{ "type": "Feature", "properties": { "name": null, "highway": "residential" }, "geometry": { "type": "LineString", "coordinates": [ [ 73.0684814, 19.0408167 ], [ 73.0685522, 19.0407726 ], [ 73.0686153, 19.0407272 ] ] } },
{ "type": "Feature", "properties": { "name": null, "highway": "service" }, "geometry": { "type": "LineString", "coordinates": [ [ 73.0607179, 19.0326404 ], [ 73.0609009, 19.0328632 ] ] } },
{ "type": "Feature", "properties": { "name": null, "highway": "footway" }, "geometry": { "type": "LineString", "coordinates": [ [ 73.0422983, 19.0258459 ], [ 73.042321, 19.0257426 ], [ 73.0425177, 19.0255348 ], [ 73.0427024, 19.025391 ], [ 73.0428037, 19.0253115 ], [ 73.0431757, 19.0249861 ], [ 73.0433226, 19.0248575 ], [ 73.0437003, 19.024543 ], [ 73.0438252, 19.0244391 ], [ 73.0439858, 19.0242983 ], [ 73.0441533, 19.0241097 ], [ 73.0442035, 19.0240691 ], [ 73.0446614, 19.0236991 ], [ 73.0446978, 19.0236762 ], [ 73.0448453, 19.0235836 ], [ 73.0454486, 19.0234625 ], [ 73.0455702, 19.0234381 ], [ 73.0466215, 19.0232496 ], [ 73.0466838, 19.0233289 ] ] } },
{ "type": "Feature", "properties": { "name": null, "highway": "footway" }, "geometry": { "type": "LineString", "coordinates": [ [ 73.0466838, 19.0233289 ], [ 73.0467783, 19.0233319 ], [ 73.0468661, 19.0233348 ] ] } },
{ "type": "Feature", "properties": { "name": null, "highway": "footway" }, "geometry": { "type": "LineString", "coordinates": [ [ 73.0471343, 19.0231543 ], [ 73.0472103, 19.0231434 ], [ 73.0480119, 19.0230266 ] ] } },
{ "type": "Feature", "properties": { "name": null, "highway": "footway" }, "geometry": { "type": "LineString", "coordinates": [ [ 73.0468701, 19.0231922 ], [ 73.0471343, 19.0231543 ] ] } },
{ "type": "Feature", "properties": { "name": null, "highway": "footway" }, "geometry": { "type": "LineString", "coordinates": [ [ 73.0468661, 19.0233348 ], [ 73.0468701, 19.0231922 ] ] } },
{ "type": "Feature", "properties": { "name": null, "highway": "residential" }, "geometry": { "type": "LineString", "coordinates": [ [ 73.0751883, 19.0710706 ], [ 73.0753097, 19.0710464 ], [ 73.0755105, 19.0710024 ] ] } },
{ "type": "Feature", "properties": { "name": "Ganesh Mandir Road", "highway": "tertiary" }, "geometry": { "type": "LineString", "coordinates": [ [ 73.0745676, 19.0718789 ], [ 73.0745149, 19.0718914 ], [ 73.073538, 19.0721086 ], [ 73.0734393, 19.0721303 ], [ 73.0730126, 19.0722258 ], [ 73.0728207, 19.072267 ], [ 73.0726268, 19.0723089 ] ] } },
{ "type": "Feature", "properties": { "name": "Ganesh Mandir Road", "highway": "tertiary" }, "geometry": { "type": "LineString", "coordinates": [ [ 73.0747922, 19.071825 ], [ 73.0745676, 19.0718789 ] ] } },
{ "type": "Feature", "properties": { "name": null, "highway": "tertiary" }, "geometry": { "type": "LineString", "coordinates": [ [ 73.0844933, 19.0737621 ], [ 73.0840201, 19.0744028 ], [ 73.0839729, 19.0744787 ], [ 73.0830973, 19.0757708 ], [ 73.0830391, 19.0758561 ], [ 73.0822421, 19.0770252 ], [ 73.0821827, 19.0771123 ], [ 73.0815021, 19.0782914 ] ] } },
{ "type": "Feature", "properties": { "name": null, "highway": "service" }, "geometry": { "type": "LineString", "coordinates": [ [ 73.0722725, 19.0648579 ], [ 73.0735517, 19.0646151 ] ] } },
{ "type": "Feature", "properties": { "name": null, "highway": "service" }, "geometry": { "type": "LineString", "coordinates": [ [ 73.0732454, 19.0741411 ], [ 73.0732653, 19.074114 ], [ 73.0732852, 19.074087 ], [ 73.073289, 19.0740818 ], [ 73.0732923, 19.0740761 ], [ 73.0732931, 19.0740724 ], [ 73.0732915, 19.0740683 ], [ 73.0732877, 19.0740644 ], [ 73.0731337, 19.0739647 ] ] } },
{ "type": "Feature", "properties": { "name": null, "highway": "tertiary_link" }, "geometry": { "type": "LineString", "coordinates": [ [ 73.0742069, 19.038596 ], [ 73.0742899, 19.0383793 ] ] } },
{ "type": "Feature", "properties": { "name": null, "highway": "tertiary_link" }, "geometry": { "type": "LineString", "coordinates": [ [ 73.0741796, 19.0386682 ], [ 73.0742069, 19.038596 ] ] } },
{ "type": "Feature", "properties": { "name": null, "highway": "tertiary_link" }, "geometry": { "type": "LineString", "coordinates": [ [ 73.0742899, 19.0383793 ], [ 73.0743326, 19.0382679 ] ] } },
{ "type": "Feature", "properties": { "name": "Post Office Road", "highway": "tertiary" }, "geometry": { "type": "LineString", "coordinates": [ [ 73.0629526, 19.0341828 ], [ 73.0635318, 19.0334421 ], [ 73.0638498, 19.0330182 ], [ 73.0641766, 19.0325831 ], [ 73.0641902, 19.032565 ], [ 73.0642322, 19.032509 ], [ 73.0643943, 19.0322933 ], [ 73.0644457, 19.0322249 ], [ 73.0646202, 19.0319925 ], [ 73.0646385, 19.0319562 ], [ 73.064644, 19.0319096 ] ] } },
{ "type": "Feature", "properties": { "name": "Ryan International School Road", "highway": "tertiary" }, "geometry": { "type": "LineString", "coordinates": [ [ 73.069123, 19.0349897 ], [ 73.0696024, 19.0353688 ] ] } },
{ "type": "Feature", "properties": { "name": null, "highway": "residential" }, "geometry": { "type": "LineString", "coordinates": [ [ 73.0661747, 19.0424718 ], [ 73.0661949, 19.0426256 ], [ 73.0662119, 19.0427549 ], [ 73.0662551, 19.0430847 ], [ 73.0662983, 19.0434139 ] ] } },
{ "type": "Feature", "properties": { "name": "Vibgyor School Road", "highway": "residential" }, "geometry": { "type": "LineString", "coordinates": [ [ 73.0813761, 19.0449285 ], [ 73.081374, 19.0448142 ], [ 73.0811313, 19.042907 ], [ 73.0809296, 19.0413221 ], [ 73.0808788, 19.0409458 ], [ 73.0808365, 19.0406169 ], [ 73.0808331, 19.0405878 ], [ 73.0807111, 19.0395846 ], [ 73.0805842, 19.0385634 ], [ 73.0805775, 19.0385092 ], [ 73.0805129, 19.0379866 ], [ 73.0804507, 19.0375992 ], [ 73.0804257, 19.0374603 ], [ 73.0804382, 19.0374172 ], [ 73.0804518, 19.037362 ] ] } },
{ "type": "Feature", "properties": { "name": "Sector 19th Road", "highway": "secondary" }, "geometry": { "type": "LineString", "coordinates": [ [ 73.0813761, 19.0449285 ], [ 73.0814944, 19.0449141 ], [ 73.0816177, 19.0449 ] ] } },
{ "type": "Feature", "properties": { "name": "BARC Dispensary Road", "highway": "residential" }, "geometry": { "type": "LineString", "coordinates": [ [ 73.0776291, 19.0424275 ], [ 73.0778418, 19.042685 ] ] } },
{ "type": "Feature", "properties": { "name": "Sector 18th Road", "highway": "residential" }, "geometry": { "type": "LineString", "coordinates": [ [ 73.0796959, 19.0459004 ], [ 73.0796435, 19.0453958 ] ] } },
{ "type": "Feature", "properties": { "name": null, "highway": "residential" }, "geometry": { "type": "LineString", "coordinates": [ [ 73.0793675, 19.0459427 ], [ 73.0796959, 19.0459004 ] ] } },
{ "type": "Feature", "properties": { "name": null, "highway": "secondary" }, "geometry": { "type": "LineString", "coordinates": [ [ 73.0730036, 19.0470564 ], [ 73.0748489, 19.0468609 ], [ 73.0751662, 19.0468294 ], [ 73.0752894, 19.0468195 ] ] } },
{ "type": "Feature", "properties": { "name": "Central Park Metro Road", "highway": "secondary" }, "geometry": { "type": "LineString", "coordinates": [ [ 73.0752894, 19.0468195 ], [ 73.0752774, 19.0467007 ] ] } },
{ "type": "Feature", "properties": { "name": "Balaji Krupa Road", "highway": "residential" }, "geometry": { "type": "LineString", "coordinates": [ [ 73.0730008, 19.0471218 ], [ 73.0730722, 19.0475526 ], [ 73.0731147, 19.0478093 ] ] } },
{ "type": "Feature", "properties": { "name": "Jalvayu Phase 2nd Road", "highway": "residential" }, "geometry": { "type": "LineString", "coordinates": [ [ 73.0731147, 19.0478093 ], [ 73.0727923, 19.0482159 ], [ 73.0723945, 19.0486893 ] ] } },
{ "type": "Feature", "properties": { "name": null, "highway": "residential" }, "geometry": { "type": "LineString", "coordinates": [ [ 73.0727676, 19.0514212 ], [ 73.0731743, 19.0517266 ], [ 73.0732073, 19.0517514 ], [ 73.07333, 19.051847 ], [ 73.0737691, 19.0521795 ], [ 73.0738322, 19.0522272 ], [ 73.0742357, 19.0521901 ], [ 73.0743712, 19.0521827 ] ] } },
{ "type": "Feature", "properties": { "name": null, "highway": "residential" }, "geometry": { "type": "LineString", "coordinates": [ [ 73.0715496, 19.0528749 ], [ 73.0715049, 19.0525193 ] ] } },
{ "type": "Feature", "properties": { "name": null, "highway": "tertiary" }, "geometry": { "type": "LineString", "coordinates": [ [ 73.0880646, 19.0130337 ], [ 73.0884979, 19.0124436 ], [ 73.0888103, 19.0121345 ], [ 73.0892591, 19.0117867 ], [ 73.0893346, 19.0117767 ], [ 73.0894176, 19.0117776 ], [ 73.0894614, 19.0118277 ], [ 73.0897612, 19.0121469 ], [ 73.0898517, 19.0122248 ], [ 73.089956, 19.0122987 ], [ 73.0900421, 19.0123344 ], [ 73.0901473, 19.0123574 ], [ 73.0902383, 19.0123696 ], [ 73.0904196, 19.0123419 ], [ 73.0904749, 19.0123448 ], [ 73.0907369, 19.0123799 ], [ 73.0912491, 19.0124364 ], [ 73.0916493, 19.0124668 ], [ 73.0919739, 19.0124885 ], [ 73.092342, 19.0125132 ], [ 73.0925095, 19.0125297 ], [ 73.0925609, 19.0125341 ], [ 73.0927173, 19.0125441 ], [ 73.0927519, 19.0125485 ], [ 73.0929303, 19.0125638 ], [ 73.0929731, 19.0125672 ], [ 73.0931426, 19.012578 ], [ 73.0940104, 19.0126701 ], [ 73.0940353, 19.0126718 ], [ 73.094307, 19.0126899 ], [ 73.0944058, 19.0126965 ] ] } },
{ "type": "Feature", "properties": { "name": "Manas Complex Road", "highway": "tertiary" }, "geometry": { "type": "LineString", "coordinates": [ [ 73.0868737, 19.0174595 ], [ 73.0871105, 19.0173091 ], [ 73.0878868, 19.0167734 ], [ 73.0881891, 19.0165516 ], [ 73.0884948, 19.0163344 ], [ 73.0892173, 19.0158211 ], [ 73.0893547, 19.0157235 ], [ 73.0902684, 19.0151022 ], [ 73.09051, 19.0149378 ], [ 73.0908793, 19.0146347 ] ] } },
{ "type": "Feature", "properties": { "name": "Sector 34 Seaface", "highway": "residential" }, "geometry": { "type": "LineString", "coordinates": [ [ 73.0849511, 19.0204522 ], [ 73.0849479, 19.0204973 ], [ 73.0849526, 19.0205348 ], [ 73.0849672, 19.0205646 ], [ 73.0851031, 19.0207386 ], [ 73.0852152, 19.020882 ], [ 73.0855207, 19.0212613 ], [ 73.0857484, 19.0215317 ], [ 73.0859829, 19.0218102 ] ] } },
{ "type": "Feature", "properties": { "name": "Sector 35 Seaface", "highway": "residential" }, "geometry": { "type": "LineString", "coordinates": [ [ 73.0879589, 19.0225252 ], [ 73.0887163, 19.0219965 ], [ 73.0887598, 19.0219658 ], [ 73.0887937, 19.021942 ], [ 73.0889285, 19.0218471 ] ] } },
{ "type": "Feature", "properties": { "name": null, "highway": "residential" }, "geometry": { "type": "LineString", "coordinates": [ [ 73.0878584, 19.0204578 ], [ 73.0886497, 19.0198871 ] ] } },
{ "type": "Feature", "properties": { "name": null, "highway": "residential" }, "geometry": { "type": "LineString", "coordinates": [ [ 73.0647434, 19.0309012 ], [ 73.0646173, 19.0310532 ] ] } },
{ "type": "Feature", "properties": { "name": null, "highway": "residential" }, "geometry": { "type": "LineString", "coordinates": [ [ 73.0582481, 19.030068 ], [ 73.0582192, 19.0298942 ], [ 73.0581805, 19.0296657 ] ] } },
{ "type": "Feature", "properties": { "name": null, "highway": "service" }, "geometry": { "type": "LineString", "coordinates": [ [ 73.0642322, 19.032509 ], [ 73.0646827, 19.0327986 ], [ 73.0646939, 19.032802 ], [ 73.0647041, 19.0327998 ], [ 73.0647117, 19.0327935 ], [ 73.0649038, 19.0325389 ], [ 73.0650626, 19.0323284 ] ] } },
{ "type": "Feature", "properties": { "name": null, "highway": "residential" }, "geometry": { "type": "LineString", "coordinates": [ [ 73.0782279, 19.047515 ], [ 73.0781631, 19.0475709 ], [ 73.0781429, 19.0475883 ], [ 73.0777031, 19.0479681 ], [ 73.0776858, 19.0479931 ], [ 73.0776817, 19.0480252 ], [ 73.0776992, 19.048064 ], [ 73.0777967, 19.0481698 ], [ 73.0778214, 19.0481786 ], [ 73.0778491, 19.0481757 ], [ 73.0778902, 19.0481543 ], [ 73.0783358, 19.0477906 ], [ 73.0783506, 19.0477785 ], [ 73.0784314, 19.0477125 ] ] } },
{ "type": "Feature", "properties": { "name": null, "highway": "residential" }, "geometry": { "type": "LineString", "coordinates": [ [ 73.0781429, 19.0475883 ], [ 73.0783358, 19.0477906 ] ] } },
{ "type": "Feature", "properties": { "name": null, "highway": "service" }, "geometry": { "type": "LineString", "coordinates": [ [ 73.0656869, 19.0643025 ], [ 73.0655764, 19.064331 ], [ 73.0654218, 19.0643708 ] ] } },
{ "type": "Feature", "properties": { "name": null, "highway": "service" }, "geometry": { "type": "LineString", "coordinates": [ [ 73.0654626, 19.0645072 ], [ 73.0656173, 19.064467 ], [ 73.0657258, 19.0644388 ] ] } },
{ "type": "Feature", "properties": { "name": null, "highway": "construction" }, "geometry": { "type": "LineString", "coordinates": [ [ 73.0831464, 19.0568614 ], [ 73.0839123, 19.0567827 ], [ 73.0844856, 19.0568563 ], [ 73.0849093, 19.0569525 ], [ 73.0852365, 19.0571401 ], [ 73.0855852, 19.0574951 ], [ 73.086245, 19.0584027 ], [ 73.0867171, 19.059001 ], [ 73.0870658, 19.0592849 ], [ 73.0896184, 19.0609094 ], [ 73.0898333, 19.0610462 ] ] } },
{ "type": "Feature", "properties": { "name": null, "highway": "construction" }, "geometry": { "type": "LineString", "coordinates": [ [ 73.0898333, 19.0610462 ], [ 73.0901462, 19.0612581 ] ] } },
{ "type": "Feature", "properties": { "name": null, "highway": "construction" }, "geometry": { "type": "LineString", "coordinates": [ [ 73.0902356, 19.061188 ], [ 73.0898853, 19.0609452 ] ] } },
{ "type": "Feature", "properties": { "name": null, "highway": "construction" }, "geometry": { "type": "LineString", "coordinates": [ [ 73.0898853, 19.0609452 ], [ 73.0877698, 19.0595813 ], [ 73.087144, 19.0592017 ], [ 73.0868171, 19.0589236 ], [ 73.0856823, 19.0573655 ], [ 73.0853647, 19.0570477 ], [ 73.0850005, 19.0568446 ], [ 73.0844823, 19.0567068 ], [ 73.0839135, 19.0566364 ], [ 73.0831278, 19.056715 ] ] } },
{ "type": "Feature", "properties": { "name": null, "highway": "path" }, "geometry": { "type": "LineString", "coordinates": [ [ 73.0609843, 19.0580222 ], [ 73.0609377, 19.0580266 ], [ 73.0608518, 19.0580337 ], [ 73.06062, 19.057976 ], [ 73.060453, 19.0579442 ], [ 73.059977, 19.0578393 ], [ 73.0596741, 19.0577157 ], [ 73.0594723, 19.0576108 ], [ 73.059061, 19.057453 ], [ 73.0588741, 19.0574424 ], [ 73.0588438, 19.0574449 ], [ 73.0588043, 19.0574612 ], [ 73.058676, 19.0575131 ], [ 73.058509, 19.0576615 ], [ 73.0584043, 19.0577828 ], [ 73.0582971, 19.0578853 ], [ 73.0581538, 19.0580042 ], [ 73.0579893, 19.0580737 ], [ 73.0578348, 19.0581574 ], [ 73.0575731, 19.0582563 ], [ 73.0574136, 19.0583164 ], [ 73.0574036, 19.0584024 ], [ 73.057441, 19.0584554 ], [ 73.057542, 19.0585036 ], [ 73.0576778, 19.0585413 ], [ 73.0578809, 19.0585248 ], [ 73.0581052, 19.0585272 ], [ 73.0583918, 19.058572 ], [ 73.0585501, 19.058592 ], [ 73.0588567, 19.0585614 ], [ 73.0592791, 19.0585484 ], [ 73.0593913, 19.0585225 ], [ 73.0594536, 19.0585119 ], [ 73.0597664, 19.0585048 ], [ 73.0605053, 19.0585237 ], [ 73.0616755, 19.0586014 ], [ 73.0618873, 19.0586203 ], [ 73.0620792, 19.0585955 ], [ 73.0622425, 19.0585484 ], [ 73.062402, 19.0585178 ], [ 73.0626106, 19.0585055 ] ] } },
{ "type": "Feature", "properties": { "name": null, "highway": "path" }, "geometry": { "type": "LineString", "coordinates": [ [ 73.0620379, 19.0582207 ], [ 73.0620045, 19.0582245 ], [ 73.0618936, 19.0581668 ], [ 73.0617876, 19.0580667 ], [ 73.0617266, 19.0580184 ], [ 73.061663, 19.0580101 ], [ 73.0612318, 19.0580148 ], [ 73.0611234, 19.0580089 ] ] } },
{ "type": "Feature", "properties": { "name": null, "highway": "path" }, "geometry": { "type": "LineString", "coordinates": [ [ 73.0611234, 19.0580089 ], [ 73.0609843, 19.0580222 ] ] } },
{ "type": "Feature", "properties": { "name": null, "highway": "path" }, "geometry": { "type": "LineString", "coordinates": [ [ 73.0627309, 19.056885 ], [ 73.0623583, 19.0570487 ], [ 73.0622386, 19.0570935 ], [ 73.0620754, 19.0570464 ], [ 73.0618149, 19.0569639 ], [ 73.0615931, 19.0568414 ], [ 73.0613053, 19.0567142 ], [ 73.0610732, 19.0566085 ] ] } },
{ "type": "Feature", "properties": { "name": null, "highway": "path" }, "geometry": { "type": "LineString", "coordinates": [ [ 73.0604911, 19.0572157 ], [ 73.060365, 19.0572698 ], [ 73.0601515, 19.0572904 ], [ 73.0599245, 19.0572793 ], [ 73.0597345, 19.057203 ], [ 73.0596757, 19.0571426 ], [ 73.0596, 19.0571426 ], [ 73.0593764, 19.0572014 ], [ 73.0592941, 19.0572412 ], [ 73.0592066, 19.0572571 ], [ 73.0591377, 19.0572412 ], [ 73.0590688, 19.0571967 ], [ 73.0590284, 19.0571426 ], [ 73.058978, 19.0570687 ], [ 73.0589276, 19.0569949 ], [ 73.0587258, 19.0568439 ], [ 73.0583207, 19.0565324 ], [ 73.0579121, 19.0563322 ], [ 73.0578079, 19.0562957 ], [ 73.0570816, 19.0554598 ], [ 73.0570547, 19.0553994 ], [ 73.0570446, 19.0553343 ], [ 73.0569975, 19.0553232 ], [ 73.0569622, 19.0553454 ], [ 73.0569656, 19.0553835 ], [ 73.0570076, 19.0554153 ], [ 73.0570816, 19.0554598 ] ] } },
{ "type": "Feature", "properties": { "name": null, "highway": "path" }, "geometry": { "type": "LineString", "coordinates": [ [ 73.058978, 19.0570687 ], [ 73.05889, 19.0571527 ], [ 73.0587925, 19.0572163 ], [ 73.0587797, 19.057252 ], [ 73.0587555, 19.0573196 ], [ 73.058676, 19.0575131 ] ] } },
{ "type": "Feature", "properties": { "name": null, "highway": "path" }, "geometry": { "type": "LineString", "coordinates": [ [ 73.0587555, 19.0573196 ], [ 73.0588438, 19.0574449 ] ] } },
{ "type": "Feature", "properties": { "name": null, "highway": "path" }, "geometry": { "type": "LineString", "coordinates": [ [ 73.0587797, 19.057252 ], [ 73.0586277, 19.0570558 ] ] } },
{ "type": "Feature", "properties": { "name": null, "highway": "path" }, "geometry": { "type": "LineString", "coordinates": [ [ 73.0629334, 19.0567063 ], [ 73.0629695, 19.0567699 ], [ 73.0629851, 19.0568677 ], [ 73.0630515, 19.0569693 ], [ 73.0631277, 19.05708 ], [ 73.0631491, 19.057211 ], [ 73.0631394, 19.0573568 ], [ 73.063198, 19.0574584 ], [ 73.0632702, 19.0575137 ], [ 73.063319, 19.0576208 ], [ 73.063319, 19.0578718 ], [ 73.063319, 19.0579973 ], [ 73.0633542, 19.0580988 ], [ 73.0634577, 19.058204 ], [ 73.0635299, 19.0582409 ], [ 73.0636276, 19.0582059 ], [ 73.063692, 19.0581708 ], [ 73.0637584, 19.0581763 ] ] } },
{ "type": "Feature", "properties": { "name": null, "highway": "path" }, "geometry": { "type": "LineString", "coordinates": [ [ 73.0639068, 19.0582686 ], [ 73.0639869, 19.0583129 ], [ 73.0640181, 19.0583757 ] ] } },
{ "type": "Feature", "properties": { "name": null, "highway": "path" }, "geometry": { "type": "LineString", "coordinates": [ [ 73.0637584, 19.0581763 ], [ 73.0639068, 19.0582686 ] ] } },
{ "type": "Feature", "properties": { "name": null, "highway": "path" }, "geometry": { "type": "LineString", "coordinates": [ [ 73.0611572, 19.056415 ], [ 73.0611385, 19.0562389 ], [ 73.0611099, 19.0561229 ], [ 73.061068, 19.0560546 ], [ 73.0610242, 19.0559831 ], [ 73.0610006, 19.0558973 ], [ 73.0610292, 19.0557527 ], [ 73.0611234, 19.0555524 ], [ 73.0612848, 19.05526 ], [ 73.0614024, 19.0550026 ], [ 73.0613974, 19.0549104 ], [ 73.061394, 19.054831 ] ] } },
{ "type": "Feature", "properties": { "name": null, "highway": "path" }, "geometry": { "type": "LineString", "coordinates": [ [ 73.061394, 19.054831 ], [ 73.0614831, 19.0545958 ] ] } },
{ "type": "Feature", "properties": { "name": null, "highway": "path" }, "geometry": { "type": "LineString", "coordinates": [ [ 73.0615875, 19.056542 ], [ 73.0617251, 19.0566956 ], [ 73.0619809, 19.0569448 ], [ 73.0620754, 19.0570464 ] ] } },
{ "type": "Feature", "properties": { "name": null, "highway": "path" }, "geometry": { "type": "LineString", "coordinates": [ [ 73.0615875, 19.056542 ], [ 73.0615865, 19.056404 ], [ 73.0616158, 19.0561382 ], [ 73.0616379, 19.056081 ], [ 73.0616744, 19.0559869 ], [ 73.0618013, 19.0557432 ], [ 73.0618423, 19.0556454 ], [ 73.0618638, 19.0555494 ], [ 73.0619087, 19.0554387 ], [ 73.0620571, 19.055243 ], [ 73.0621821, 19.0550991 ], [ 73.062268, 19.0549182 ], [ 73.0623246, 19.0547207 ], [ 73.0623539, 19.05449 ], [ 73.062352, 19.0543183 ], [ 73.0623773, 19.0541208 ], [ 73.0623676, 19.0539603 ], [ 73.0623227, 19.0537314 ], [ 73.0623207, 19.0535007 ], [ 73.0623363, 19.0533364 ], [ 73.0623598, 19.0532515 ] ] } },
{ "type": "Feature", "properties": { "name": null, "highway": "path" }, "geometry": { "type": "LineString", "coordinates": [ [ 73.0623129, 19.0530429 ], [ 73.0623461, 19.0529746 ], [ 73.062352, 19.0528491 ], [ 73.0623383, 19.0525575 ], [ 73.0623285, 19.0524061 ], [ 73.0623168, 19.0523434 ], [ 73.0622895, 19.0523231 ], [ 73.0622504, 19.0523323 ], [ 73.0622244, 19.0523502 ], [ 73.0621293, 19.0524154 ], [ 73.061772, 19.0526701 ], [ 73.0617095, 19.0527642 ], [ 73.0617062, 19.0527827 ], [ 73.0616861, 19.0528953 ], [ 73.0615806, 19.0531038 ], [ 73.061565, 19.0531832 ], [ 73.0616177, 19.0532829 ], [ 73.0615826, 19.0534379 ], [ 73.0615142, 19.0536133 ], [ 73.0614967, 19.0537831 ], [ 73.0615084, 19.0538993 ], [ 73.0614771, 19.0541153 ], [ 73.0614537, 19.0542962 ], [ 73.0614344, 19.0543622 ] ] } },
{ "type": "Feature", "properties": { "name": null, "highway": "path" }, "geometry": { "type": "LineString", "coordinates": [ [ 73.0623598, 19.0532515 ], [ 73.0623129, 19.0530429 ] ] } },
{ "type": "Feature", "properties": { "name": null, "highway": "path" }, "geometry": { "type": "LineString", "coordinates": [ [ 73.0623168, 19.0523434 ], [ 73.0623191, 19.0522937 ], [ 73.062314, 19.0522708 ], [ 73.0622923, 19.052257 ], [ 73.0622677, 19.052261 ], [ 73.0622544, 19.0522806 ], [ 73.0622406, 19.0523147 ], [ 73.0622244, 19.0523502 ] ] } },
{ "type": "Feature", "properties": { "name": null, "highway": "path" }, "geometry": { "type": "LineString", "coordinates": [ [ 73.061772, 19.0526701 ], [ 73.0617867, 19.0526944 ], [ 73.0617996, 19.0527167 ], [ 73.061805, 19.0527492 ], [ 73.0617964, 19.0527725 ], [ 73.0617535, 19.0527745 ], [ 73.0617213, 19.0527766 ], [ 73.0617062, 19.0527827 ] ] } },
{ "type": "Feature", "properties": { "name": null, "highway": "path" }, "geometry": { "type": "LineString", "coordinates": [ [ 73.0635555, 19.053033 ], [ 73.0635344, 19.0529708 ], [ 73.0634211, 19.0528438 ], [ 73.0633553, 19.0526844 ], [ 73.0632866, 19.0524863 ], [ 73.0632837, 19.0523836 ], [ 73.063414, 19.0522345 ], [ 73.0634545, 19.0521401 ], [ 73.0634256, 19.0519308 ], [ 73.0633387, 19.0518679 ], [ 73.0632273, 19.0518282 ], [ 73.0631245, 19.0517694 ], [ 73.0630926, 19.0515299 ], [ 73.0629436, 19.0510128 ], [ 73.0628538, 19.0508759 ], [ 73.0627568, 19.0508363 ], [ 73.0626468, 19.0508541 ], [ 73.0620664, 19.0510798 ], [ 73.0616771, 19.0512207 ], [ 73.0615396, 19.0513206 ], [ 73.0613586, 19.0514643 ], [ 73.0612284, 19.0515381 ], [ 73.0611213, 19.051571 ], [ 73.0608636, 19.0516312 ], [ 73.0602644, 19.0518268 ], [ 73.0601052, 19.0519075 ], [ 73.0599561, 19.0520156 ], [ 73.059875, 19.0520772 ], [ 73.059723, 19.0521743 ], [ 73.0595349, 19.05224 ], [ 73.0593728, 19.0523385 ], [ 73.0591195, 19.0524534 ], [ 73.058953, 19.0525109 ], [ 73.058885, 19.0525629 ], [ 73.0588705, 19.05266 ], [ 73.058843, 19.0527161 ], [ 73.0587475, 19.0527435 ], [ 73.0585072, 19.05279 ], [ 73.0583769, 19.0527914 ], [ 73.0581294, 19.0527161 ], [ 73.0580165, 19.0526299 ], [ 73.0579297, 19.0525588 ], [ 73.0578964, 19.0524904 ], [ 73.0578993, 19.0524014 ], [ 73.0579224, 19.0523234 ], [ 73.0579297, 19.052292 ], [ 73.0578776, 19.0521661 ], [ 73.0578833, 19.0521264 ], [ 73.0579572, 19.0520799 ], [ 73.0582293, 19.0519486 ], [ 73.0584232, 19.0518378 ], [ 73.058594, 19.0517899 ], [ 73.0588908, 19.0517256 ], [ 73.059105, 19.0516189 ], [ 73.059312, 19.0515737 ], [ 73.0596072, 19.0514615 ], [ 73.0596868, 19.0514273 ], [ 73.059765, 19.051363 ], [ 73.0598244, 19.0513001 ], [ 73.059972, 19.0512194 ], [ 73.0600415, 19.0511674 ], [ 73.0600675, 19.0511222 ], [ 73.0600965, 19.0510935 ], [ 73.0602296, 19.0510661 ], [ 73.0604598, 19.0510757 ], [ 73.0608015, 19.0510411 ], [ 73.0616861, 19.0509211 ], [ 73.061979, 19.0508971 ], [ 73.0620532, 19.0508676 ], [ 73.0620649, 19.0508289 ], [ 73.0620019, 19.0507078 ] ] } },
{ "type": "Feature", "properties": { "name": null, "highway": "path" }, "geometry": { "type": "LineString", "coordinates": [ [ 73.063016, 19.0567201 ], [ 73.0630418, 19.0565764 ], [ 73.0630365, 19.0564121 ], [ 73.0630233, 19.0562178 ], [ 73.0630523, 19.0560211 ], [ 73.0631155, 19.0556576 ], [ 73.0631761, 19.0553513 ], [ 73.0633026, 19.0548881 ], [ 73.0633553, 19.0547412 ], [ 73.063379, 19.0546616 ], [ 73.0634712, 19.0545694 ], [ 73.0635502, 19.0544897 ], [ 73.0635818, 19.0544026 ], [ 73.063566, 19.0542806 ], [ 73.0635818, 19.0541461 ], [ 73.0636029, 19.0539444 ], [ 73.0636424, 19.0536705 ], [ 73.0635529, 19.053409 ], [ 73.0634633, 19.0532297 ], [ 73.0634572, 19.0532075 ] ] } },
{ "type": "Feature", "properties": { "name": null, "highway": "path" }, "geometry": { "type": "LineString", "coordinates": [ [ 73.0634572, 19.0532075 ], [ 73.0634483, 19.0531634 ], [ 73.0634865, 19.0531172 ], [ 73.0635555, 19.053033 ] ] } },
{ "type": "Feature", "properties": { "name": null, "highway": "path" }, "geometry": { "type": "LineString", "coordinates": [ [ 73.0638588, 19.0533612 ], [ 73.0638842, 19.053331 ], [ 73.0639545, 19.0533753 ], [ 73.0640365, 19.0534104 ], [ 73.0641557, 19.0533845 ], [ 73.0642318, 19.0533624 ], [ 73.0642904, 19.0533938 ] ] } },
{ "type": "Feature", "properties": { "name": null, "highway": "path" }, "geometry": { "type": "LineString", "coordinates": [ [ 73.0636424, 19.0536705 ], [ 73.0636636, 19.0536079 ], [ 73.0637524, 19.0534877 ] ] } },
{ "type": "Feature", "properties": { "name": null, "highway": "path" }, "geometry": { "type": "LineString", "coordinates": [ [ 73.0637524, 19.0534877 ], [ 73.0638588, 19.0533612 ] ] } },
{ "type": "Feature", "properties": { "name": null, "highway": "path" }, "geometry": { "type": "LineString", "coordinates": [ [ 73.0644664, 19.0535122 ], [ 73.0645032, 19.0535414 ] ] } },
{ "type": "Feature", "properties": { "name": null, "highway": "path" }, "geometry": { "type": "LineString", "coordinates": [ [ 73.0642904, 19.0533938 ], [ 73.0644664, 19.0535122 ] ] } },
{ "type": "Feature", "properties": { "name": null, "highway": "path" }, "geometry": { "type": "LineString", "coordinates": [ [ 73.061713, 19.0506495 ], [ 73.0616132, 19.0506933 ], [ 73.0615017, 19.0507344 ], [ 73.0614004, 19.0507686 ], [ 73.0612716, 19.0507645 ], [ 73.0611254, 19.0507576 ], [ 73.0608895, 19.0508083 ], [ 73.0607838, 19.0507973 ], [ 73.0607245, 19.0507645 ], [ 73.0607201, 19.050707 ], [ 73.0607013, 19.0506249 ], [ 73.0606579, 19.0505442 ], [ 73.0605537, 19.0504799 ], [ 73.0603916, 19.0504484 ], [ 73.0602758, 19.0504594 ], [ 73.0598782, 19.0505001 ], [ 73.0595244, 19.050618 ], [ 73.059352, 19.0507552 ], [ 73.0590753, 19.0509375 ], [ 73.0588689, 19.0510382 ], [ 73.0586852, 19.0511604 ], [ 73.0585831, 19.0512376 ], [ 73.0585242, 19.0512633 ], [ 73.058472, 19.0512204 ], [ 73.0583427, 19.0510382 ], [ 73.0583042, 19.0509439 ], [ 73.0582815, 19.0508238 ], [ 73.0583291, 19.0506866 ], [ 73.0584266, 19.0505708 ], [ 73.0584947, 19.0505087 ], [ 73.0586126, 19.0504293 ], [ 73.0587147, 19.0504379 ], [ 73.0587918, 19.0504293 ], [ 73.0588848, 19.0503779 ], [ 73.0589256, 19.0503307 ], [ 73.0590415, 19.0502902 ], [ 73.0591501, 19.0502587 ], [ 73.0592167, 19.0501766 ], [ 73.0592919, 19.050074 ], [ 73.0594714, 19.0500234 ], [ 73.0595988, 19.0499481 ], [ 73.0597479, 19.0498359 ], [ 73.0598955, 19.0497812 ], [ 73.0600229, 19.0498565 ], [ 73.0601503, 19.0498825 ], [ 73.0603978, 19.0498592 ], [ 73.060709, 19.0498195 ], [ 73.0609217, 19.0498866 ], [ 73.061175, 19.0498756 ], [ 73.0613227, 19.0498797 ], [ 73.0616101, 19.0499335 ] ] } },
{ "type": "Feature", "properties": { "name": null, "highway": "path" }, "geometry": { "type": "LineString", "coordinates": [ [ 73.0638842, 19.053331 ], [ 73.0638912, 19.0532776 ], [ 73.0638209, 19.0531211 ], [ 73.0637846, 19.0530161 ], [ 73.06378, 19.0528553 ], [ 73.0637347, 19.0525702 ], [ 73.0636848, 19.0524565 ], [ 73.0635804, 19.0523086 ], [ 73.06356, 19.0522443 ], [ 73.0635351, 19.0518713 ], [ 73.0634806, 19.0517448 ], [ 73.0634489, 19.0516161 ], [ 73.063399, 19.0512688 ] ] } },
{ "type": "Feature", "properties": { "name": null, "highway": "path" }, "geometry": { "type": "LineString", "coordinates": [ [ 73.0633355, 19.051093 ], [ 73.0632448, 19.0509966 ], [ 73.0631722, 19.0508379 ], [ 73.0631314, 19.0506771 ], [ 73.0631223, 19.0505335 ], [ 73.0630883, 19.050437 ], [ 73.0630316, 19.0503963 ], [ 73.0629136, 19.0503405 ], [ 73.0628161, 19.0502012 ], [ 73.0627344, 19.0500875 ], [ 73.0626981, 19.0500661 ], [ 73.062528, 19.0499718 ], [ 73.0623897, 19.0499568 ], [ 73.0622218, 19.0499911 ], [ 73.0621459, 19.0500141 ] ] } },
{ "type": "Feature", "properties": { "name": null, "highway": "path" }, "geometry": { "type": "LineString", "coordinates": [ [ 73.063399, 19.0512688 ], [ 73.0633355, 19.051093 ] ] } },
{ "type": "Feature", "properties": { "name": null, "highway": "path" }, "geometry": { "type": "LineString", "coordinates": [ [ 73.061068, 19.0560546 ], [ 73.0611956, 19.056023 ], [ 73.0614112, 19.0560271 ], [ 73.0616379, 19.056081 ] ] } },
{ "type": "Feature", "properties": { "name": null, "highway": "path" }, "geometry": { "type": "LineString", "coordinates": [ [ 73.0611572, 19.056415 ], [ 73.0610732, 19.0566085 ], [ 73.0608774, 19.056863 ], [ 73.0607786, 19.0569599 ], [ 73.060602, 19.0571506 ] ] } },
{ "type": "Feature", "properties": { "name": null, "highway": "path" }, "geometry": { "type": "LineString", "coordinates": [ [ 73.060602, 19.0571506 ], [ 73.0604911, 19.0572157 ] ] } },
{ "type": "Feature", "properties": { "name": null, "highway": "service" }, "geometry": { "type": "LineString", "coordinates": [ [ 73.0756911, 19.0528904 ], [ 73.0757198, 19.0531071 ], [ 73.0757289, 19.0531309 ], [ 73.0757549, 19.0531484 ], [ 73.0757762, 19.0531269 ], [ 73.0757789, 19.0530984 ], [ 73.0757525, 19.0528832 ] ] } },
{ "type": "Feature", "properties": { "name": null, "highway": "service" }, "geometry": { "type": "LineString", "coordinates": [ [ 73.0757549, 19.0531484 ], [ 73.0757563, 19.0532055 ], [ 73.0757564, 19.0532663 ], [ 73.0757619, 19.0533233 ], [ 73.075811, 19.0536494 ], [ 73.0759045, 19.0542612 ], [ 73.0759248, 19.0543164 ], [ 73.0759619, 19.0543545 ], [ 73.0760024, 19.054361 ], [ 73.0761751, 19.0543388 ], [ 73.0763556, 19.0543157 ], [ 73.0763936, 19.0542946 ], [ 73.0764216, 19.0542445 ], [ 73.0763185, 19.0534151 ], [ 73.076233, 19.0528258 ] ] } },
{ "type": "Feature", "properties": { "name": null, "highway": "service" }, "geometry": { "type": "LineString", "coordinates": [ [ 73.0761751, 19.0543388 ], [ 73.0762074, 19.0545283 ], [ 73.0762925, 19.0550861 ], [ 73.0763463, 19.055439 ], [ 73.0764341, 19.0558552 ], [ 73.0765105, 19.0559901 ], [ 73.0765695, 19.0561733 ], [ 73.076612, 19.056437 ], [ 73.0766732, 19.0569747 ], [ 73.0766812, 19.057264 ], [ 73.0766297, 19.057344 ], [ 73.0766049, 19.0574079 ] ] } },
{ "type": "Feature", "properties": { "name": null, "highway": "residential" }, "geometry": { "type": "LineString", "coordinates": [ [ 73.0816806, 19.0462664 ], [ 73.0817912, 19.046248 ] ] } },
{ "type": "Feature", "properties": { "name": null, "highway": "residential" }, "geometry": { "type": "LineString", "coordinates": [ [ 73.0572585, 19.0344445 ], [ 73.0572004, 19.03382 ], [ 73.0572025, 19.0338044 ], [ 73.0572091, 19.0337883 ], [ 73.057225, 19.033777 ], [ 73.0576876, 19.0337326 ], [ 73.0578315, 19.0337175 ], [ 73.0578556, 19.033721 ], [ 73.0578655, 19.0337448 ] ] } },
{ "type": "Feature", "properties": { "name": null, "highway": "residential" }, "geometry": { "type": "LineString", "coordinates": [ [ 73.0577164, 19.0341624 ], [ 73.0577026, 19.033897 ], [ 73.0576876, 19.0337326 ] ] } },
{ "type": "Feature", "properties": { "name": null, "highway": "service" }, "geometry": { "type": "LineString", "coordinates": [ [ 73.0647294, 19.0672431 ], [ 73.0649432, 19.0671848 ] ] } },
{ "type": "Feature", "properties": { "name": null, "highway": "service" }, "geometry": { "type": "LineString", "coordinates": [ [ 73.0648181, 19.0675941 ], [ 73.0647294, 19.0672431 ], [ 73.0647076, 19.0671601 ] ] } },
{ "type": "Feature", "properties": { "name": null, "highway": "service" }, "geometry": { "type": "LineString", "coordinates": [ [ 73.0442118, 19.0176836 ], [ 73.044238, 19.0177123 ], [ 73.0445464, 19.0180503 ], [ 73.044858, 19.0183588 ], [ 73.044932, 19.0184118 ], [ 73.0449691, 19.0184112 ], [ 73.0450022, 19.0184037 ], [ 73.0450312, 19.0183861 ], [ 73.0450888, 19.0183418 ], [ 73.0444162, 19.0177088 ] ] } },
{ "type": "Feature", "properties": { "name": null, "highway": "service" }, "geometry": { "type": "LineString", "coordinates": [ [ 73.0450888, 19.0183418 ], [ 73.0451906, 19.0182958 ], [ 73.0454385, 19.0180998 ], [ 73.0455878, 19.0179267 ], [ 73.0456471, 19.017858 ] ] } },
{ "type": "Feature", "properties": { "name": null, "highway": "unclassified" }, "geometry": { "type": "LineString", "coordinates": [ [ 73.0455998, 19.0178279 ], [ 73.0456598, 19.0177459 ] ] } },
{ "type": "Feature", "properties": { "name": null, "highway": "residential" }, "geometry": { "type": "LineString", "coordinates": [ [ 73.0770753, 19.0398243 ], [ 73.0770269, 19.0398079 ], [ 73.0770034, 19.0397783 ], [ 73.0769901, 19.0397614 ], [ 73.0768875, 19.0396317 ] ] } },
{ "type": "Feature", "properties": { "name": null, "highway": "residential" }, "geometry": { "type": "LineString", "coordinates": [ [ 73.0770034, 19.0397783 ], [ 73.0770372, 19.0397543 ] ] } },
{ "type": "Feature", "properties": { "name": null, "highway": "residential" }, "geometry": { "type": "LineString", "coordinates": [ [ 73.07615, 19.0402171 ], [ 73.0762738, 19.0403696 ], [ 73.076293, 19.0403931 ], [ 73.0763554, 19.0404614 ] ] } },
{ "type": "Feature", "properties": { "name": null, "highway": "residential" }, "geometry": { "type": "LineString", "coordinates": [ [ 73.0762305, 19.0404019 ], [ 73.0762738, 19.0403696 ] ] } },
{ "type": "Feature", "properties": { "name": null, "highway": "residential" }, "geometry": { "type": "LineString", "coordinates": [ [ 73.0771265, 19.0398771 ], [ 73.0771783, 19.03993 ] ] } },
{ "type": "Feature", "properties": { "name": "Gharkul Road", "highway": "primary" }, "geometry": { "type": "LineString", "coordinates": [ [ 73.0771265, 19.0398771 ], [ 73.0769725, 19.0399991 ], [ 73.0769166, 19.0400392 ], [ 73.0763554, 19.0404614 ], [ 73.076311, 19.0404948 ], [ 73.0761915, 19.0405981 ], [ 73.0761218, 19.0406453 ], [ 73.076048, 19.0406881 ], [ 73.0759799, 19.0407202 ], [ 73.0756407, 19.0408252 ], [ 73.075543, 19.0408533 ], [ 73.07498, 19.0410048 ], [ 73.0742216, 19.0412037 ], [ 73.0741805, 19.0412138 ] ] } },
{ "type": "Feature", "properties": { "name": null, "highway": "residential" }, "geometry": { "type": "LineString", "coordinates": [ [ 73.0770753, 19.0398243 ], [ 73.0771265, 19.0398771 ] ] } },
{ "type": "Feature", "properties": { "name": null, "highway": "residential" }, "geometry": { "type": "LineString", "coordinates": [ [ 73.0776372, 19.0473737 ], [ 73.077589, 19.0473216 ], [ 73.0773527, 19.0470661 ], [ 73.0773238, 19.0470509 ], [ 73.0772937, 19.0470519 ], [ 73.0772111, 19.0471097 ], [ 73.0772004, 19.0471402 ], [ 73.0771939, 19.0471828 ], [ 73.07721, 19.0472426 ], [ 73.0773452, 19.047411 ], [ 73.0773971, 19.0474707 ], [ 73.0774544, 19.0475305 ] ] } },
{ "type": "Feature", "properties": { "name": null, "highway": "residential" }, "geometry": { "type": "LineString", "coordinates": [ [ 73.0772316, 19.0475306 ], [ 73.0771277, 19.0476301 ], [ 73.0770161, 19.0477371 ] ] } },
{ "type": "Feature", "properties": { "name": null, "highway": "service" }, "geometry": { "type": "LineString", "coordinates": [ [ 73.0768422, 19.0480455 ], [ 73.076836, 19.0479284 ], [ 73.0769575, 19.0478167 ] ] } },
{ "type": "Feature", "properties": { "name": null, "highway": "service" }, "geometry": { "type": "LineString", "coordinates": [ [ 73.076836, 19.0479284 ], [ 73.0766966, 19.0478245 ] ] } },
{ "type": "Feature", "properties": { "name": null, "highway": "residential" }, "geometry": { "type": "LineString", "coordinates": [ [ 73.0764712, 19.0478609 ], [ 73.0764657, 19.0477967 ], [ 73.0764344, 19.0474725 ], [ 73.0764232, 19.047456 ], [ 73.0763929, 19.0474441 ], [ 73.0763628, 19.0474441 ], [ 73.0763349, 19.0474573 ], [ 73.0763188, 19.0474949 ], [ 73.0763261, 19.0475701 ], [ 73.0763307, 19.0476014 ], [ 73.0763197, 19.047617 ], [ 73.0761357, 19.0476292 ], [ 73.0760321, 19.0476413 ], [ 73.0759847, 19.0476442 ] ] } },
{ "type": "Feature", "properties": { "name": null, "highway": "residential" }, "geometry": { "type": "LineString", "coordinates": [ [ 73.0717705, 19.0463435 ], [ 73.0717326, 19.0463485 ], [ 73.0717269, 19.0463496 ], [ 73.0717162, 19.0463514 ] ] } },
{ "type": "Feature", "properties": { "name": null, "highway": "residential" }, "geometry": { "type": "LineString", "coordinates": [ [ 73.0717461, 19.0462469 ], [ 73.0717086, 19.0462538 ], [ 73.0717047, 19.0462543 ] ] } },
{ "type": "Feature", "properties": { "name": null, "highway": "residential" }, "geometry": { "type": "LineString", "coordinates": [ [ 73.0717269, 19.0463496 ], [ 73.0717047, 19.0462543 ], [ 73.0716957, 19.0462155 ] ] } },
{ "type": "Feature", "properties": { "name": null, "highway": "residential" }, "geometry": { "type": "LineString", "coordinates": [ [ 73.0716957, 19.0462155 ], [ 73.0716859, 19.0462062 ], [ 73.0716799, 19.0462027 ], [ 73.0716646, 19.0462024 ], [ 73.0715589, 19.0462045 ] ] } },
{ "type": "Feature", "properties": { "name": null, "highway": "residential" }, "geometry": { "type": "LineString", "coordinates": [ [ 73.0755328, 19.0342336 ], [ 73.0756565, 19.0341259 ], [ 73.0756859, 19.0341137 ], [ 73.0757577, 19.0341268 ], [ 73.0758046, 19.0341398 ], [ 73.0758453, 19.0341334 ] ] } },
{ "type": "Feature", "properties": { "name": null, "highway": "residential" }, "geometry": { "type": "LineString", "coordinates": [ [ 73.0759576, 19.0346296 ], [ 73.0760575, 19.0345337 ], [ 73.0760759, 19.0345033 ], [ 73.0760805, 19.034458 ], [ 73.076064, 19.0344198 ], [ 73.0760511, 19.0343885 ], [ 73.0760575, 19.034352 ], [ 73.076072, 19.0343346 ] ] } },
{ "type": "Feature", "properties": { "name": null, "highway": "residential" }, "geometry": { "type": "LineString", "coordinates": [ [ 73.0753722, 19.0343523 ], [ 73.0758186, 19.0347914 ] ] } },
{ "type": "Feature", "properties": { "name": null, "highway": "service" }, "geometry": { "type": "LineString", "coordinates": [ [ 73.0775393, 19.036783 ], [ 73.0775834, 19.0368284 ], [ 73.0775942, 19.0368406 ], [ 73.0776497, 19.0369051 ] ] } },
{ "type": "Feature", "properties": { "name": null, "highway": "service" }, "geometry": { "type": "LineString", "coordinates": [ [ 73.0781249, 19.0365226 ], [ 73.0780626, 19.0364537 ], [ 73.078056, 19.0364467 ], [ 73.0780166, 19.036405 ] ] } },
{ "type": "Feature", "properties": { "name": null, "highway": "service" }, "geometry": { "type": "LineString", "coordinates": [ [ 73.0761117, 19.0379879 ], [ 73.0761385, 19.0379539 ], [ 73.0761408, 19.0379133 ], [ 73.0760999, 19.0375271 ], [ 73.0760212, 19.0367852 ], [ 73.0760115, 19.0366608 ] ] } },
{ "type": "Feature", "properties": { "name": null, "highway": "service" }, "geometry": { "type": "LineString", "coordinates": [ [ 73.0769979, 19.036502 ], [ 73.0770594, 19.0366035 ], [ 73.0771412, 19.0366822 ], [ 73.0771528, 19.0367155 ], [ 73.0772645, 19.037624 ] ] } },
{ "type": "Feature", "properties": { "name": null, "highway": "service" }, "geometry": { "type": "LineString", "coordinates": [ [ 73.0766739, 19.0366801 ], [ 73.0766571, 19.0366249 ], [ 73.0766385, 19.0365637 ] ] } },
{ "type": "Feature", "properties": { "name": null, "highway": "service" }, "geometry": { "type": "LineString", "coordinates": [ [ 73.0771164, 19.036416 ], [ 73.0770682, 19.0364544 ], [ 73.0769979, 19.036502 ] ] } },
{ "type": "Feature", "properties": { "name": null, "highway": "service" }, "geometry": { "type": "LineString", "coordinates": [ [ 73.0760212, 19.0367852 ], [ 73.0761939, 19.0367711 ], [ 73.0763688, 19.0367595 ], [ 73.0764812, 19.0367388 ], [ 73.0766739, 19.0366801 ], [ 73.0769623, 19.0365775 ] ] } },
{ "type": "Feature", "properties": { "name": null, "highway": "service" }, "geometry": { "type": "LineString", "coordinates": [ [ 73.0769452, 19.0364552 ], [ 73.0769979, 19.036502 ] ] } },
{ "type": "Feature", "properties": { "name": null, "highway": "service" }, "geometry": { "type": "LineString", "coordinates": [ [ 73.0761939, 19.0367711 ], [ 73.0762177, 19.036971 ] ] } },
{ "type": "Feature", "properties": { "name": null, "highway": "service" }, "geometry": { "type": "LineString", "coordinates": [ [ 73.0761117, 19.0379879 ], [ 73.076112, 19.038008 ], [ 73.076105, 19.0380187 ], [ 73.0760836, 19.0380249 ], [ 73.0760649, 19.0380252 ], [ 73.0758996, 19.0380488 ] ] } },
{ "type": "Feature", "properties": { "name": null, "highway": "service" }, "geometry": { "type": "LineString", "coordinates": [ [ 73.0760115, 19.0366608 ], [ 73.0759967, 19.0364552 ], [ 73.0759774, 19.0363892 ], [ 73.0759276, 19.0363209 ] ] } },
{ "type": "Feature", "properties": { "name": null, "highway": "service" }, "geometry": { "type": "LineString", "coordinates": [ [ 73.0759385, 19.0367929 ], [ 73.0760212, 19.0367852 ] ] } },
{ "type": "Feature", "properties": { "name": null, "highway": "service" }, "geometry": { "type": "LineString", "coordinates": [ [ 73.0770623, 19.0363658 ], [ 73.0770187, 19.0363952 ], [ 73.076927, 19.0364378 ] ] } },
{ "type": "Feature", "properties": { "name": null, "highway": "residential" }, "geometry": { "type": "LineString", "coordinates": [ [ 73.0780096, 19.0359194 ], [ 73.0779772, 19.0358865 ], [ 73.0783087, 19.0355852 ], [ 73.0783229, 19.0355724 ], [ 73.0783342, 19.0355478 ], [ 73.0783174, 19.0355199 ], [ 73.0782562, 19.035453 ], [ 73.0782328, 19.0354461 ], [ 73.0778518, 19.0358008 ], [ 73.0778444, 19.0358216 ], [ 73.0778483, 19.0358425 ], [ 73.0779114, 19.0359111 ], [ 73.0779287, 19.0359148 ], [ 73.0779555, 19.0359066 ], [ 73.0779772, 19.0358865 ] ] } },
{ "type": "Feature", "properties": { "name": null, "highway": "residential" }, "geometry": { "type": "LineString", "coordinates": [ [ 73.0782041, 19.0361172 ], [ 73.0781712, 19.0360843 ], [ 73.0781579, 19.0360711 ], [ 73.0781418, 19.0360538 ] ] } },
{ "type": "Feature", "properties": { "name": null, "highway": "residential" }, "geometry": { "type": "LineString", "coordinates": [ [ 73.0781418, 19.0360538 ], [ 73.0780096, 19.0359194 ] ] } },
{ "type": "Feature", "properties": { "name": null, "highway": "residential" }, "geometry": { "type": "LineString", "coordinates": [ [ 73.0781579, 19.0360711 ], [ 73.078489, 19.0357704 ], [ 73.0785538, 19.0357116 ], [ 73.0786186, 19.0356527 ], [ 73.078639, 19.0356294 ], [ 73.07864, 19.035602 ], [ 73.0782624, 19.0352145 ], [ 73.0782334, 19.0351922 ], [ 73.078213, 19.0351912 ], [ 73.0775778, 19.0357683 ], [ 73.0775714, 19.0357856 ], [ 73.07758, 19.035812 ], [ 73.0779652, 19.0361974 ], [ 73.0779866, 19.0362024 ], [ 73.0780092, 19.0361974 ], [ 73.0781579, 19.0360711 ] ] } },
{ "type": "Feature", "properties": { "name": null, "highway": "residential" }, "geometry": { "type": "LineString", "coordinates": [ [ 73.0784693, 19.0357502 ], [ 73.0783464, 19.0356239 ] ] } },
{ "type": "Feature", "properties": { "name": null, "highway": "residential" }, "geometry": { "type": "LineString", "coordinates": [ [ 73.0785477, 19.0358307 ], [ 73.0785144, 19.0357958 ], [ 73.078489, 19.0357704 ], [ 73.0784693, 19.0357502 ] ] } },
{ "type": "Feature", "properties": { "name": null, "highway": "residential" }, "geometry": { "type": "LineString", "coordinates": [ [ 73.0783464, 19.0356239 ], [ 73.0783087, 19.0355852 ] ] } },
{ "type": "Feature", "properties": { "name": null, "highway": "unclassified" }, "geometry": { "type": "LineString", "coordinates": [ [ 73.0461408, 19.0180952 ], [ 73.0462172, 19.0181305 ] ] } },
{ "type": "Feature", "properties": { "name": null, "highway": "residential" }, "geometry": { "type": "LineString", "coordinates": [ [ 73.0765743, 19.0348483 ], [ 73.0767252, 19.0347136 ] ] } },
{ "type": "Feature", "properties": { "name": null, "highway": "residential" }, "geometry": { "type": "LineString", "coordinates": [ [ 73.076539, 19.0477848 ], [ 73.0765871, 19.0477763 ], [ 73.0766266, 19.0477807 ], [ 73.0766401, 19.0477886 ] ] } },
{ "type": "Feature", "properties": { "name": null, "highway": "tertiary_link" }, "geometry": { "type": "LineString", "coordinates": [ [ 73.0773717, 19.0366375 ], [ 73.0774358, 19.0365806 ] ] } },
{ "type": "Feature", "properties": { "name": null, "highway": "residential" }, "geometry": { "type": "LineString", "coordinates": [ [ 73.0770322, 19.0401818 ], [ 73.0766989, 19.0404293 ], [ 73.0763147, 19.0407196 ], [ 73.076216, 19.0407879 ], [ 73.0762053, 19.040798 ], [ 73.0762012, 19.040811 ], [ 73.0762019, 19.0408261 ], [ 73.0762169, 19.0408504 ], [ 73.0765031, 19.0411867 ], [ 73.0765254, 19.0412129 ], [ 73.0768188, 19.041565 ] ] } },
{ "type": "Feature", "properties": { "name": null, "highway": "residential" }, "geometry": { "type": "LineString", "coordinates": [ [ 73.0772969, 19.0408138 ], [ 73.0771113, 19.0405851 ], [ 73.0770901, 19.0405668 ], [ 73.0770635, 19.0405599 ], [ 73.0769214, 19.0406727 ] ] } },
{ "type": "Feature", "properties": { "name": null, "highway": "residential" }, "geometry": { "type": "LineString", "coordinates": [ [ 73.0763147, 19.0407196 ], [ 73.0763675, 19.0407731 ], [ 73.0764417, 19.0408484 ] ] } },
{ "type": "Feature", "properties": { "name": null, "highway": "steps" }, "geometry": { "type": "LineString", "coordinates": [ [ 73.0762012, 19.040811 ], [ 73.0761129, 19.0407348 ] ] } },
{ "type": "Feature", "properties": { "name": null, "highway": "residential" }, "geometry": { "type": "LineString", "coordinates": [ [ 73.0765031, 19.0411867 ], [ 73.076878, 19.0409139 ], [ 73.0769969, 19.0408393 ], [ 73.0770394, 19.0408417 ], [ 73.077092, 19.0408642 ], [ 73.0772297, 19.0410393 ], [ 73.0772347, 19.0410807 ], [ 73.0772272, 19.0411126 ], [ 73.0769925, 19.0412671 ], [ 73.0769468, 19.0412972 ], [ 73.0769155, 19.0413031 ], [ 73.0768792, 19.0412842 ], [ 73.0768354, 19.0412274 ], [ 73.0768367, 19.0411907 ], [ 73.0768492, 19.0411588 ], [ 73.0769593, 19.0410771 ] ] } },
{ "type": "Feature", "properties": { "name": null, "highway": "residential" }, "geometry": { "type": "LineString", "coordinates": [ [ 73.0769925, 19.0412671 ], [ 73.0771205, 19.0414167 ], [ 73.0772425, 19.0415643 ] ] } },
{ "type": "Feature", "properties": { "name": null, "highway": "residential" }, "geometry": { "type": "LineString", "coordinates": [ [ 73.0774625, 19.0416427 ], [ 73.0773298, 19.0417385 ], [ 73.0772835, 19.0417645 ], [ 73.0772559, 19.0417598 ], [ 73.0772234, 19.041729 ], [ 73.0771583, 19.041645 ], [ 73.0771596, 19.0416285 ], [ 73.0771909, 19.0416024 ], [ 73.0772425, 19.0415643 ], [ 73.0774675, 19.0413978 ], [ 73.0774888, 19.0413871 ], [ 73.077515, 19.0413918 ], [ 73.0776965, 19.0416048 ], [ 73.0777103, 19.0416379 ], [ 73.0776214, 19.0417243 ], [ 73.0775989, 19.0417503 ], [ 73.077218, 19.0420386 ] ] } },
{ "type": "Feature", "properties": { "name": null, "highway": "residential" }, "geometry": { "type": "LineString", "coordinates": [ [ 73.077976, 19.0416686 ], [ 73.0778224, 19.0417673 ], [ 73.0777178, 19.0418355 ], [ 73.0777053, 19.0418497 ], [ 73.0777015, 19.0418805 ], [ 73.0777103, 19.0419243 ], [ 73.0777103, 19.0419408 ], [ 73.077699, 19.041968 ], [ 73.0775188, 19.0421005 ] ] } },
{ "type": "Feature", "properties": { "name": null, "highway": "residential" }, "geometry": { "type": "LineString", "coordinates": [ [ 73.0778224, 19.0417673 ], [ 73.0780323, 19.0420174 ] ] } },
{ "type": "Feature", "properties": { "name": null, "highway": "residential" }, "geometry": { "type": "LineString", "coordinates": [ [ 73.0768188, 19.041565 ], [ 73.076862, 19.0416162 ], [ 73.077218, 19.0420386 ], [ 73.0775099, 19.0423848 ], [ 73.0775222, 19.0423937 ], [ 73.0775384, 19.0423917 ], [ 73.0776001, 19.042349 ], [ 73.0780323, 19.0420174 ], [ 73.0783408, 19.0417733 ] ] } },
{ "type": "Feature", "properties": { "name": null, "highway": "residential" }, "geometry": { "type": "LineString", "coordinates": [ [ 73.0781563, 19.0410919 ], [ 73.0783716, 19.041351 ], [ 73.0784696, 19.0414716 ] ] } },
{ "type": "Feature", "properties": { "name": null, "highway": "residential" }, "geometry": { "type": "LineString", "coordinates": [ [ 73.0783716, 19.041351 ], [ 73.078618, 19.0411697 ], [ 73.0786511, 19.0411644 ], [ 73.0787376, 19.0411531 ], [ 73.0788056, 19.0411384 ], [ 73.0788856, 19.0410801 ] ] } },
{ "type": "Feature", "properties": { "name": null, "highway": "residential" }, "geometry": { "type": "LineString", "coordinates": [ [ 73.0784638, 19.0418013 ], [ 73.0783946, 19.0417256 ], [ 73.077972, 19.0412155 ] ] } },
{ "type": "Feature", "properties": { "name": null, "highway": "residential" }, "geometry": { "type": "LineString", "coordinates": [ [ 73.0770877, 19.0401366 ], [ 73.0774458, 19.0398717 ], [ 73.07789, 19.0395431 ], [ 73.0779065, 19.0395383 ], [ 73.0779266, 19.0395554 ], [ 73.0780313, 19.0396735 ], [ 73.0782603, 19.0399566 ] ] } },
{ "type": "Feature", "properties": { "name": null, "highway": "residential" }, "geometry": { "type": "LineString", "coordinates": [ [ 73.0786502, 19.0402694 ], [ 73.0785821, 19.0403192 ] ] } },
{ "type": "Feature", "properties": { "name": null, "highway": "residential" }, "geometry": { "type": "LineString", "coordinates": [ [ 73.0780313, 19.0396735 ], [ 73.0778231, 19.0398246 ], [ 73.0777805, 19.0398661 ], [ 73.0777668, 19.0399004 ], [ 73.077788, 19.0399548 ], [ 73.0778469, 19.040021 ], [ 73.0778469, 19.0400459 ], [ 73.0776929, 19.040163 ], [ 73.0775452, 19.0402742 ], [ 73.0775202, 19.0402802 ], [ 73.0774927, 19.0402636 ], [ 73.0774151, 19.0401725 ] ] } },
{ "type": "Feature", "properties": { "name": null, "highway": "residential" }, "geometry": { "type": "LineString", "coordinates": [ [ 73.0782603, 19.0399566 ], [ 73.0777986, 19.040308 ] ] } },
{ "type": "Feature", "properties": { "name": null, "highway": "residential" }, "geometry": { "type": "LineString", "coordinates": [ [ 73.0776929, 19.040163 ], [ 73.0777986, 19.040308 ], [ 73.077927, 19.0404837 ], [ 73.077947, 19.0404919 ], [ 73.0782386, 19.0402849 ], [ 73.0782762, 19.0402766 ], [ 73.0784199, 19.0404364 ] ] } },
{ "type": "Feature", "properties": { "name": null, "highway": "residential" }, "geometry": { "type": "LineString", "coordinates": [ [ 73.0789313, 19.0407429 ], [ 73.0785077, 19.0410445 ], [ 73.0784614, 19.0410729 ], [ 73.0784139, 19.041074 ], [ 73.0783751, 19.0410433 ], [ 73.0782411, 19.0408694 ], [ 73.0782224, 19.0408374 ], [ 73.0782374, 19.0408067 ], [ 73.0784877, 19.0406221 ], [ 73.0785328, 19.0406162 ], [ 73.0785778, 19.0406316 ], [ 73.0786479, 19.0407298 ], [ 73.0786416, 19.0407593 ], [ 73.0785728, 19.0408031 ] ] } },
{ "type": "Feature", "properties": { "name": null, "highway": "residential" }, "geometry": { "type": "LineString", "coordinates": [ [ 73.0783408, 19.0417733 ], [ 73.0783946, 19.0417256 ] ] } },
{ "type": "Feature", "properties": { "name": null, "highway": "residential" }, "geometry": { "type": "LineString", "coordinates": [ [ 73.0770877, 19.0401366 ], [ 73.0770322, 19.0401818 ] ] } },
{ "type": "Feature", "properties": { "name": null, "highway": "residential" }, "geometry": { "type": "LineString", "coordinates": [ [ 73.0774458, 19.0398717 ], [ 73.0776929, 19.040163 ] ] } },
{ "type": "Feature", "properties": { "name": null, "highway": "residential" }, "geometry": { "type": "LineString", "coordinates": [ [ 73.0782603, 19.0399566 ], [ 73.0783348, 19.0399043 ] ] } },
{ "type": "Feature", "properties": { "name": null, "highway": "service" }, "geometry": { "type": "LineString", "coordinates": [ [ 73.0769392, 19.0423797 ], [ 73.0770188, 19.0423201 ] ] } },
{ "type": "Feature", "properties": { "name": null, "highway": "service" }, "geometry": { "type": "LineString", "coordinates": [ [ 73.0768207, 19.041648 ], [ 73.0768335, 19.0416624 ], [ 73.0772545, 19.0421489 ] ] } },
{ "type": "Feature", "properties": { "name": null, "highway": "residential" }, "geometry": { "type": "LineString", "coordinates": [ [ 73.0818574, 19.0485792 ], [ 73.0814856, 19.0486278 ], [ 73.0814422, 19.0486564 ] ] } },
{ "type": "Feature", "properties": { "name": null, "highway": "residential" }, "geometry": { "type": "LineString", "coordinates": [ [ 73.0801537, 19.0458418 ], [ 73.0801665, 19.0459034 ], [ 73.0801688, 19.0459205 ], [ 73.0801996, 19.0461002 ], [ 73.0802057, 19.0461149 ], [ 73.0802178, 19.0461213 ], [ 73.0803495, 19.0461059 ], [ 73.0803604, 19.0461046 ], [ 73.0804448, 19.0460947 ] ] } },
{ "type": "Feature", "properties": { "name": null, "highway": "residential" }, "geometry": { "type": "LineString", "coordinates": [ [ 73.0801688, 19.0459205 ], [ 73.0803057, 19.0459066 ] ] } },
{ "type": "Feature", "properties": { "name": null, "highway": "residential" }, "geometry": { "type": "LineString", "coordinates": [ [ 73.0803495, 19.0461059 ], [ 73.0803329, 19.0459823 ] ] } },
{ "type": "Feature", "properties": { "name": null, "highway": "residential" }, "geometry": { "type": "LineString", "coordinates": [ [ 73.0717713, 19.0413946 ], [ 73.071773, 19.0415005 ], [ 73.0717776, 19.0421052 ], [ 73.0717777, 19.0421243 ], [ 73.0717779, 19.0421963 ] ] } },
{ "type": "Feature", "properties": { "name": null, "highway": "residential" }, "geometry": { "type": "LineString", "coordinates": [ [ 73.0717776, 19.0421052 ], [ 73.0720127, 19.0420572 ] ] } },
{ "type": "Feature", "properties": { "name": null, "highway": "residential" }, "geometry": { "type": "LineString", "coordinates": [ [ 73.0718072, 19.0421905 ], [ 73.0718162, 19.0422557 ], [ 73.0718196, 19.0422708 ], [ 73.0718726, 19.0425113 ], [ 73.0718823, 19.042543 ], [ 73.0718984, 19.0426151 ], [ 73.0719022, 19.0426323 ] ] } },
{ "type": "Feature", "properties": { "name": null, "highway": "residential" }, "geometry": { "type": "LineString", "coordinates": [ [ 73.0720592, 19.0426285 ], [ 73.0720494, 19.0425558 ], [ 73.072044, 19.0425391 ], [ 73.0720298, 19.0425302 ], [ 73.0718823, 19.042543 ] ] } },
{ "type": "Feature", "properties": { "name": null, "highway": "residential" }, "geometry": { "type": "LineString", "coordinates": [ [ 73.0715218, 19.0437199 ], [ 73.071603, 19.0433798 ], [ 73.0717391, 19.0430814 ] ] } },
{ "type": "Feature", "properties": { "name": null, "highway": "path" }, "geometry": { "type": "LineString", "coordinates": [ [ 73.0718196, 19.0422708 ], [ 73.0719241, 19.0422469 ] ] } },
{ "type": "Feature", "properties": { "name": null, "highway": "steps" }, "geometry": { "type": "LineString", "coordinates": [ [ 73.0719241, 19.0422469 ], [ 73.0719136, 19.0421692 ] ] } },
{ "type": "Feature", "properties": { "name": null, "highway": "residential" }, "geometry": { "type": "LineString", "coordinates": [ [ 73.071863, 19.0405438 ], [ 73.0717768, 19.0406214 ], [ 73.0717645, 19.0406325 ], [ 73.0717617, 19.040635 ], [ 73.0717587, 19.0406377 ] ] } },
{ "type": "Feature", "properties": { "name": null, "highway": "service" }, "geometry": { "type": "LineString", "coordinates": [ [ 73.0717768, 19.0406214 ], [ 73.0720499, 19.0408806 ], [ 73.0721478, 19.0409841 ], [ 73.0721628, 19.041012 ], [ 73.0721681, 19.0410421 ], [ 73.072142, 19.0410887 ], [ 73.0719913, 19.0412207 ], [ 73.0719537, 19.0412284 ], [ 73.071641, 19.0412243 ] ] } },
{ "type": "Feature", "properties": { "name": null, "highway": "residential" }, "geometry": { "type": "LineString", "coordinates": [ [ 73.0716392, 19.0413036 ], [ 73.071641, 19.0412243 ], [ 73.0716425, 19.0411553 ], [ 73.0716425, 19.0410163 ] ] } },
{ "type": "Feature", "properties": { "name": null, "highway": "residential" }, "geometry": { "type": "LineString", "coordinates": [ [ 73.071863, 19.0405438 ], [ 73.0719576, 19.0404726 ], [ 73.072064, 19.0404099 ], [ 73.0722553, 19.0403607 ], [ 73.0723279, 19.040342 ], [ 73.0725421, 19.0402869 ], [ 73.0725997, 19.0402916 ], [ 73.072627, 19.0403036 ] ] } },
{ "type": "Feature", "properties": { "name": null, "highway": "service" }, "geometry": { "type": "LineString", "coordinates": [ [ 73.0722553, 19.0403607 ], [ 73.0722745, 19.0404024 ], [ 73.0722985, 19.0404614 ], [ 73.072306, 19.0404799 ] ] } },
{ "type": "Feature", "properties": { "name": null, "highway": "service" }, "geometry": { "type": "LineString", "coordinates": [ [ 73.0722985, 19.0404614 ], [ 73.0725063, 19.0404113 ], [ 73.0725252, 19.0404135 ], [ 73.0725457, 19.0404232 ], [ 73.0725662, 19.0404434 ] ] } },
{ "type": "Feature", "properties": { "name": null, "highway": "service" }, "geometry": { "type": "LineString", "coordinates": [ [ 73.0721803, 19.0408446 ], [ 73.0722658, 19.0408175 ], [ 73.0725457, 19.0407802 ], [ 73.0726096, 19.0407616 ], [ 73.0726782, 19.0407378 ], [ 73.072701, 19.0407214 ], [ 73.0727042, 19.0407087 ], [ 73.0726458, 19.0405611 ] ] } },
{ "type": "Feature", "properties": { "name": null, "highway": "service" }, "geometry": { "type": "LineString", "coordinates": [ [ 73.072627, 19.0403036 ], [ 73.0726613, 19.0404121 ], [ 73.0728085, 19.0407017 ], [ 73.0728208, 19.0407081 ], [ 73.07285, 19.0407118 ], [ 73.0729572, 19.0406902 ], [ 73.0729647, 19.0406813 ], [ 73.0729682, 19.0406678 ], [ 73.072825, 19.0403838 ], [ 73.0728074, 19.040352 ] ] } },
{ "type": "Feature", "properties": { "name": null, "highway": "residential" }, "geometry": { "type": "LineString", "coordinates": [ [ 73.072627, 19.0403036 ], [ 73.0727048, 19.0403341 ], [ 73.0727461, 19.0403423 ], [ 73.0728074, 19.040352 ] ] } },
{ "type": "Feature", "properties": { "name": null, "highway": "residential" }, "geometry": { "type": "LineString", "coordinates": [ [ 73.0723279, 19.040342 ], [ 73.0723142, 19.0402955 ], [ 73.0723109, 19.040285 ], [ 73.0722725, 19.040156 ], [ 73.072271, 19.0401381 ], [ 73.0722871, 19.0401291 ], [ 73.072555, 19.0400608 ], [ 73.0725762, 19.0400601 ], [ 73.0725923, 19.0400705 ], [ 73.0726324, 19.0401984 ], [ 73.0726329, 19.0402102 ], [ 73.072627, 19.0403036 ] ] } },
{ "type": "Feature", "properties": { "name": null, "highway": "residential" }, "geometry": { "type": "LineString", "coordinates": [ [ 73.0723156, 19.0402837 ], [ 73.0726324, 19.0401984 ] ] } },
{ "type": "Feature", "properties": { "name": null, "highway": "residential" }, "geometry": { "type": "LineString", "coordinates": [ [ 73.0682494, 19.0392385 ], [ 73.0682343, 19.039213 ], [ 73.0682272, 19.039202 ], [ 73.0682225, 19.0391948 ], [ 73.0682131, 19.0391863 ], [ 73.0682056, 19.0391799 ], [ 73.0681948, 19.0391734 ] ] } },
{ "type": "Feature", "properties": { "name": null, "highway": "residential" }, "geometry": { "type": "LineString", "coordinates": [ [ 73.0678266, 19.0392257 ], [ 73.0678904, 19.0393037 ], [ 73.067986, 19.0394204 ] ] } },
{ "type": "Feature", "properties": { "name": null, "highway": "residential" }, "geometry": { "type": "LineString", "coordinates": [ [ 73.0682236, 19.0392738 ], [ 73.0682371, 19.0392534 ], [ 73.0682494, 19.0392385 ], [ 73.0682603, 19.039222 ], [ 73.0683152, 19.0391831 ] ] } },
{ "type": "Feature", "properties": { "name": null, "highway": "residential" }, "geometry": { "type": "LineString", "coordinates": [ [ 73.0683571, 19.0392329 ], [ 73.0682967, 19.0392734 ], [ 73.0680679, 19.0394334 ] ] } },
{ "type": "Feature", "properties": { "name": null, "highway": "residential" }, "geometry": { "type": "LineString", "coordinates": [ [ 73.068355, 19.0394442 ], [ 73.0681555, 19.0395828 ], [ 73.0681448, 19.0395946 ], [ 73.068148, 19.0396112 ], [ 73.068245, 19.0397301 ], [ 73.0682619, 19.0397301 ], [ 73.0682931, 19.0397135 ], [ 73.0684721, 19.0395733 ] ] } },
{ "type": "Feature", "properties": { "name": null, "highway": "residential" }, "geometry": { "type": "LineString", "coordinates": [ [ 73.0684705, 19.0393674 ], [ 73.0684002, 19.0394134 ], [ 73.0683661, 19.0394364 ], [ 73.068355, 19.0394442 ] ] } },
{ "type": "Feature", "properties": { "name": null, "highway": "residential" }, "geometry": { "type": "LineString", "coordinates": [ [ 73.0684721, 19.0395733 ], [ 73.0684715, 19.0395621 ], [ 73.0683661, 19.0394364 ] ] } },
{ "type": "Feature", "properties": { "name": null, "highway": "residential" }, "geometry": { "type": "LineString", "coordinates": [ [ 73.0686017, 19.0395253 ], [ 73.0685326, 19.0395738 ], [ 73.0685134, 19.039586 ], [ 73.0683083, 19.0397334 ] ] } },
{ "type": "Feature", "properties": { "name": null, "highway": "residential" }, "geometry": { "type": "LineString", "coordinates": [ [ 73.0685134, 19.039586 ], [ 73.0685872, 19.0396696 ], [ 73.0685919, 19.0396816 ], [ 73.0685832, 19.0396916 ], [ 73.0683965, 19.0398249 ] ] } },
{ "type": "Feature", "properties": { "name": null, "highway": "residential" }, "geometry": { "type": "LineString", "coordinates": [ [ 73.0672207, 19.0348119 ], [ 73.067521, 19.0344114 ] ] } },
{ "type": "Feature", "properties": { "name": null, "highway": "residential" }, "geometry": { "type": "LineString", "coordinates": [ [ 73.0674144, 19.0349466 ], [ 73.0677264, 19.0345435 ] ] } },
{ "type": "Feature", "properties": { "name": null, "highway": "residential" }, "geometry": { "type": "LineString", "coordinates": [ [ 73.064219, 19.0393815 ], [ 73.0641977, 19.0391872 ], [ 73.0641801, 19.0390292 ], [ 73.064134, 19.0386109 ] ] } },
{ "type": "Feature", "properties": { "name": null, "highway": "residential" }, "geometry": { "type": "LineString", "coordinates": [ [ 73.0642288, 19.038626 ], [ 73.0642253, 19.0385933 ], [ 73.0642219, 19.0385606 ] ] } },
{ "type": "Feature", "properties": { "name": null, "highway": "residential" }, "geometry": { "type": "LineString", "coordinates": [ [ 73.0640987, 19.0385733 ], [ 73.0641295, 19.0385708 ], [ 73.0642219, 19.0385606 ], [ 73.0644069, 19.0385421 ], [ 73.0644399, 19.0385361 ], [ 73.064466, 19.0385224 ], [ 73.0644834, 19.0385021 ], [ 73.0644909, 19.0384704 ], [ 73.0644845, 19.0384074 ], [ 73.0644619, 19.0382891 ], [ 73.0644538, 19.0382721 ], [ 73.064444, 19.0382661 ], [ 73.0644156, 19.0382661 ] ] } },
{ "type": "Feature", "properties": { "name": null, "highway": "residential" }, "geometry": { "type": "LineString", "coordinates": [ [ 73.064134, 19.0386109 ], [ 73.0641326, 19.0385961 ], [ 73.0641295, 19.0385708 ] ] } },
{ "type": "Feature", "properties": { "name": null, "highway": "residential" }, "geometry": { "type": "LineString", "coordinates": [ [ 73.0677017, 19.0452334 ], [ 73.0676611, 19.045239 ], [ 73.0676437, 19.0452408 ], [ 73.0675049, 19.0452559 ] ] } },
{ "type": "Feature", "properties": { "name": null, "highway": "residential" }, "geometry": { "type": "LineString", "coordinates": [ [ 73.0676179, 19.0450626 ], [ 73.0676085, 19.045056 ], [ 73.0674759, 19.045071 ], [ 73.0674701, 19.0450768 ], [ 73.0674683, 19.0450854 ], [ 73.0674849, 19.0452466 ], [ 73.0674883, 19.0452548 ], [ 73.0674962, 19.0452564 ], [ 73.0675049, 19.0452559 ] ] } },
{ "type": "Feature", "properties": { "name": null, "highway": "residential" }, "geometry": { "type": "LineString", "coordinates": [ [ 73.0676437, 19.0452408 ], [ 73.0676234, 19.0450721 ], [ 73.0676179, 19.0450626 ] ] } },
{ "type": "Feature", "properties": { "name": null, "highway": "residential" }, "geometry": { "type": "LineString", "coordinates": [ [ 73.0677073, 19.0452697 ], [ 73.067664, 19.0452744 ], [ 73.06765, 19.0452762 ], [ 73.0674985, 19.0452955 ], [ 73.0674901, 19.0453016 ], [ 73.0674866, 19.0453138 ], [ 73.0675075, 19.0454457 ], [ 73.0675194, 19.0454565 ], [ 73.0675537, 19.0454655 ], [ 73.0676522, 19.045465 ], [ 73.0676665, 19.0454641 ], [ 73.0676733, 19.0454626 ] ] } },
{ "type": "Feature", "properties": { "name": null, "highway": "residential" }, "geometry": { "type": "LineString", "coordinates": [ [ 73.0676733, 19.0454626 ], [ 73.0676749, 19.0454552 ], [ 73.06765, 19.0452762 ] ] } },
{ "type": "Feature", "properties": { "name": null, "highway": "residential" }, "geometry": { "type": "LineString", "coordinates": [ [ 73.0675263, 19.0455311 ], [ 73.0675472, 19.0456899 ], [ 73.0675517, 19.0456974 ], [ 73.0675611, 19.0457012 ], [ 73.0676933, 19.0456824 ], [ 73.0677032, 19.0456758 ], [ 73.0677042, 19.0456617 ], [ 73.0676787, 19.0454925 ] ] } },
{ "type": "Feature", "properties": { "name": null, "highway": "residential" }, "geometry": { "type": "LineString", "coordinates": [ [ 73.0677407, 19.0454874 ], [ 73.0676878, 19.0454913 ], [ 73.0676787, 19.0454925 ], [ 73.0675482, 19.0455096 ] ] } },
{ "type": "Feature", "properties": { "name": null, "highway": "residential" }, "geometry": { "type": "LineString", "coordinates": [ [ 73.0675482, 19.0455096 ], [ 73.0675373, 19.0455152 ], [ 73.0675274, 19.0455256 ], [ 73.0675263, 19.0455311 ] ] } },
{ "type": "Feature", "properties": { "name": null, "highway": "residential" }, "geometry": { "type": "LineString", "coordinates": [ [ 73.0674298, 19.0447488 ], [ 73.067441, 19.0448314 ], [ 73.0674474, 19.0448714 ] ] } },
{ "type": "Feature", "properties": { "name": null, "highway": "service" }, "geometry": { "type": "LineString", "coordinates": [ [ 73.0763838, 19.0359569 ], [ 73.0763541, 19.0359312 ], [ 73.0763301, 19.0359303 ], [ 73.076297, 19.0359547 ], [ 73.0761594, 19.0360804 ], [ 73.0761297, 19.0361089 ], [ 73.0759804, 19.0362536 ], [ 73.075946, 19.0362858 ], [ 73.0759276, 19.0363209 ] ] } },
{ "type": "Feature", "properties": { "name": null, "highway": "residential" }, "geometry": { "type": "LineString", "coordinates": [ [ 73.0646236, 19.0440807 ], [ 73.06453, 19.0440925 ], [ 73.0644911, 19.0441322 ], [ 73.0646029, 19.0448555 ] ] } },
{ "type": "Feature", "properties": { "name": null, "highway": "residential" }, "geometry": { "type": "LineString", "coordinates": [ [ 73.0644911, 19.0441322 ], [ 73.0644003, 19.0441661 ], [ 73.0643599, 19.0441948 ], [ 73.0643249, 19.0442357 ], [ 73.0643065, 19.0442583 ] ] } },
{ "type": "Feature", "properties": { "name": null, "highway": "residential" }, "geometry": { "type": "LineString", "coordinates": [ [ 73.0646886, 19.0445586 ], [ 73.0647436, 19.0445515 ], [ 73.0649883, 19.04452 ], [ 73.0650083, 19.0445179 ], [ 73.065028, 19.0445259 ], [ 73.0650305, 19.0445351 ], [ 73.0650484, 19.0446812 ], [ 73.0650631, 19.0448006 ], [ 73.0650752, 19.0448977 ], [ 73.0650812, 19.0449479 ], [ 73.065092, 19.0450353 ] ] } },
{ "type": "Feature", "properties": { "name": null, "highway": "residential" }, "geometry": { "type": "LineString", "coordinates": [ [ 73.0650631, 19.0448006 ], [ 73.0649957, 19.0448012 ], [ 73.0649883, 19.0447903 ], [ 73.0649748, 19.0447009 ], [ 73.0649835, 19.0446894 ], [ 73.0650484, 19.0446812 ] ] } },
{ "type": "Feature", "properties": { "name": null, "highway": "service" }, "geometry": { "type": "LineString", "coordinates": [ [ 73.0650812, 19.0449479 ], [ 73.064863, 19.0449754 ] ] } },
{ "type": "Feature", "properties": { "name": null, "highway": "service" }, "geometry": { "type": "LineString", "coordinates": [ [ 73.0640605, 19.0444928 ], [ 73.0642765, 19.0444724 ] ] } },
{ "type": "Feature", "properties": { "name": null, "highway": "service" }, "geometry": { "type": "LineString", "coordinates": [ [ 73.0640692, 19.0398387 ], [ 73.0639105, 19.0398566 ] ] } },
{ "type": "Feature", "properties": { "name": null, "highway": "service" }, "geometry": { "type": "LineString", "coordinates": [ [ 73.0634597, 19.0394654 ], [ 73.063564, 19.0395348 ], [ 73.0635999, 19.0395357 ], [ 73.0638611, 19.0395044 ] ] } },
{ "type": "Feature", "properties": { "name": null, "highway": "service" }, "geometry": { "type": "LineString", "coordinates": [ [ 73.0635999, 19.0395357 ], [ 73.0636458, 19.0398496 ], [ 73.0636523, 19.0398739 ], [ 73.0636734, 19.0398844 ], [ 73.0638595, 19.0398644 ] ] } },
{ "type": "Feature", "properties": { "name": null, "highway": "residential" }, "geometry": { "type": "LineString", "coordinates": [ [ 73.0681461, 19.0395654 ], [ 73.0683861, 19.0393941 ], [ 73.0684537, 19.0393475 ] ] } },
{ "type": "Feature", "properties": { "name": null, "highway": "service" }, "geometry": { "type": "LineString", "coordinates": [ [ 73.0783697, 19.0368191 ], [ 73.0784032, 19.0368528 ], [ 73.078465, 19.0369107 ] ] } },
{ "type": "Feature", "properties": { "name": null, "highway": "residential" }, "geometry": { "type": "LineString", "coordinates": [ [ 73.0748285, 19.0495782 ], [ 73.0746865, 19.0495978 ], [ 73.0746531, 19.0496024 ], [ 73.0740781, 19.0496702 ], [ 73.0740493, 19.0496702 ], [ 73.0740318, 19.049656 ], [ 73.073993, 19.0494454 ], [ 73.0739968, 19.0494241 ], [ 73.0740231, 19.0494064 ], [ 73.0746216, 19.0493432 ], [ 73.0746524, 19.04934 ], [ 73.0747896, 19.0493255 ] ] } },
{ "type": "Feature", "properties": { "name": null, "highway": "service" }, "geometry": { "type": "LineString", "coordinates": [ [ 73.0746865, 19.0495978 ], [ 73.0746524, 19.04934 ] ] } },
{ "type": "Feature", "properties": { "name": null, "highway": "residential" }, "geometry": { "type": "LineString", "coordinates": [ [ 73.0747396, 19.0489917 ], [ 73.0746574, 19.0490028 ], [ 73.0746434, 19.0490045 ], [ 73.0746208, 19.0490074 ], [ 73.0739774, 19.0490884 ], [ 73.0739551, 19.0490928 ], [ 73.0739375, 19.0491031 ], [ 73.0739362, 19.0491229 ], [ 73.0739673, 19.0493522 ], [ 73.0739706, 19.049365 ], [ 73.0739794, 19.049372 ], [ 73.0740202, 19.0493693 ] ] } },
{ "type": "Feature", "properties": { "name": null, "highway": "residential" }, "geometry": { "type": "LineString", "coordinates": [ [ 73.074664, 19.0492894 ], [ 73.0746208, 19.0490074 ] ] } },
{ "type": "Feature", "properties": { "name": null, "highway": "tertiary" }, "geometry": { "type": "LineString", "coordinates": [ [ 73.0747932, 19.0443697 ], [ 73.0748738, 19.0443712 ], [ 73.0749378, 19.0443597 ], [ 73.0750347, 19.0443392 ], [ 73.0753244, 19.0442007 ], [ 73.0754806, 19.0441467 ], [ 73.0762512, 19.0437493 ], [ 73.0773157, 19.0432003 ], [ 73.0774398, 19.0431304 ] ] } },
{ "type": "Feature", "properties": { "name": null, "highway": "tertiary" }, "geometry": { "type": "LineString", "coordinates": [ [ 73.0753244, 19.0442007 ], [ 73.0752497, 19.0440009 ] ] } },
{ "type": "Feature", "properties": { "name": null, "highway": "residential" }, "geometry": { "type": "LineString", "coordinates": [ [ 73.0733785, 19.0395754 ], [ 73.0731797, 19.0395943 ], [ 73.071589, 19.0400669 ] ] } },
{ "type": "Feature", "properties": { "name": null, "highway": "tertiary" }, "geometry": { "type": "LineString", "coordinates": [ [ 73.0740609, 19.0413079 ], [ 73.0744591, 19.0423028 ], [ 73.0750471, 19.0437722 ], [ 73.0750498, 19.0438744 ], [ 73.0750358, 19.0439882 ] ] } },
{ "type": "Feature", "properties": { "name": "Gharkul Road", "highway": "primary" }, "geometry": { "type": "LineString", "coordinates": [ [ 73.0723016, 19.0413914 ], [ 73.072435, 19.0413952 ], [ 73.0726728, 19.041376 ], [ 73.0738594, 19.0413208 ], [ 73.0740609, 19.0413079 ] ] } },
{ "type": "Feature", "properties": { "name": null, "highway": "tertiary" }, "geometry": { "type": "LineString", "coordinates": [ [ 73.0741805, 19.0412138 ], [ 73.0738053, 19.0403023 ], [ 73.0734924, 19.0395423 ], [ 73.0733785, 19.0395754 ] ] } },
{ "type": "Feature", "properties": { "name": null, "highway": "tertiary" }, "geometry": { "type": "LineString", "coordinates": [ [ 73.0733785, 19.0395754 ], [ 73.0736778, 19.0403404 ], [ 73.0740227, 19.0412222 ] ] } },
{ "type": "Feature", "properties": { "name": "Gharkul Road", "highway": "primary" }, "geometry": { "type": "LineString", "coordinates": [ [ 73.0740609, 19.0413079 ], [ 73.0742179, 19.0412979 ] ] } },
{ "type": "Feature", "properties": { "name": "Gharkul Road", "highway": "primary" }, "geometry": { "type": "LineString", "coordinates": [ [ 73.0740227, 19.0412222 ], [ 73.0738581, 19.0412309 ] ] } },
{ "type": "Feature", "properties": { "name": "Gharkul Road", "highway": "primary" }, "geometry": { "type": "LineString", "coordinates": [ [ 73.0741805, 19.0412138 ], [ 73.0740227, 19.0412222 ] ] } },
{ "type": "Feature", "properties": { "name": null, "highway": "tertiary_link" }, "geometry": { "type": "LineString", "coordinates": [ [ 73.0750347, 19.0443392 ], [ 73.0750051, 19.0444134 ], [ 73.0749902, 19.0444702 ], [ 73.0749817, 19.0445153 ], [ 73.0749646, 19.0446383 ] ] } },
{ "type": "Feature", "properties": { "name": null, "highway": "tertiary_link" }, "geometry": { "type": "LineString", "coordinates": [ [ 73.0762512, 19.0437493 ], [ 73.0761916, 19.0436584 ] ] } },
{ "type": "Feature", "properties": { "name": null, "highway": "residential" }, "geometry": { "type": "LineString", "coordinates": [ [ 73.0773157, 19.0432003 ], [ 73.0772504, 19.0431133 ], [ 73.076952, 19.0427349 ], [ 73.0762802, 19.041871 ], [ 73.0759594, 19.0414639 ] ] } },
{ "type": "Feature", "properties": { "name": null, "highway": "tertiary_link" }, "geometry": { "type": "LineString", "coordinates": [ [ 73.0736778, 19.0403404 ], [ 73.0738053, 19.0403023 ] ] } },
{ "type": "Feature", "properties": { "name": "Raghunath Road", "highway": "secondary" }, "geometry": { "type": "LineString", "coordinates": [ [ 73.0723016, 19.0413914 ], [ 73.0723146, 19.0419071 ], [ 73.0723373, 19.0420848 ], [ 73.0723928, 19.0425447 ], [ 73.0725687, 19.0439792 ] ] } },
{ "type": "Feature", "properties": { "name": null, "highway": "residential" }, "geometry": { "type": "LineString", "coordinates": [ [ 73.0725687, 19.0439792 ], [ 73.0718759, 19.0440427 ], [ 73.0715973, 19.0440415 ], [ 73.0713938, 19.0440406 ], [ 73.0713175, 19.0440626 ], [ 73.0712817, 19.0441333 ], [ 73.0712692, 19.0441759 ] ] } },
{ "type": "Feature", "properties": { "name": null, "highway": "service" }, "geometry": { "type": "LineString", "coordinates": [ [ 73.0744603, 19.0441255 ], [ 73.074447, 19.044137 ], [ 73.0743921, 19.0441829 ] ] } },
{ "type": "Feature", "properties": { "name": null, "highway": "residential" }, "geometry": { "type": "LineString", "coordinates": [ [ 73.0736277, 19.0516334 ], [ 73.0739632, 19.0515974 ], [ 73.0739953, 19.0515974 ], [ 73.0740143, 19.0516154 ], [ 73.0740676, 19.0519577 ] ] } },
{ "type": "Feature", "properties": { "name": null, "highway": "residential" }, "geometry": { "type": "LineString", "coordinates": [ [ 73.0659204, 19.0459505 ], [ 73.0659298, 19.046003 ], [ 73.065931, 19.0460128 ], [ 73.0659705, 19.0462319 ] ] } },
{ "type": "Feature", "properties": { "name": null, "highway": "residential" }, "geometry": { "type": "LineString", "coordinates": [ [ 73.065931, 19.0460128 ], [ 73.0658765, 19.0460188 ], [ 73.0658361, 19.0460232 ], [ 73.0658269, 19.0460298 ], [ 73.0658269, 19.0460416 ], [ 73.0658569, 19.0462451 ] ] } },
{ "type": "Feature", "properties": { "name": null, "highway": "residential" }, "geometry": { "type": "LineString", "coordinates": [ [ 73.0657974, 19.0459653 ], [ 73.0658036, 19.0460044 ], [ 73.0658422, 19.0462479 ] ] } },
{ "type": "Feature", "properties": { "name": null, "highway": "residential" }, "geometry": { "type": "LineString", "coordinates": [ [ 73.0656626, 19.0462733 ], [ 73.0656915, 19.0462699 ], [ 73.0658138, 19.0462555 ] ] } },
{ "type": "Feature", "properties": { "name": null, "highway": "residential" }, "geometry": { "type": "LineString", "coordinates": [ [ 73.0671148, 19.0538325 ], [ 73.0670102, 19.0538454 ], [ 73.0669613, 19.0538411 ], [ 73.066564, 19.0538068 ], [ 73.0665419, 19.0538148 ], [ 73.0664771, 19.0544201 ], [ 73.0664805, 19.0544507 ], [ 73.0665129, 19.0544555 ], [ 73.0667088, 19.0544716 ], [ 73.0667394, 19.0544748 ], [ 73.0667582, 19.0544942 ], [ 73.0667479, 19.0545666 ], [ 73.0666943, 19.0550514 ] ] } },
{ "type": "Feature", "properties": { "name": null, "highway": "residential" }, "geometry": { "type": "LineString", "coordinates": [ [ 73.0671755, 19.0539183 ], [ 73.067114, 19.0540226 ], [ 73.0671009, 19.054054 ], [ 73.0671134, 19.0540777 ], [ 73.0671184, 19.0541155 ], [ 73.0671175, 19.0545007 ] ] } },
{ "type": "Feature", "properties": { "name": null, "highway": "residential" }, "geometry": { "type": "LineString", "coordinates": [ [ 73.0669613, 19.0538411 ], [ 73.0669882, 19.0539499 ], [ 73.0670131, 19.0539879 ], [ 73.0670408, 19.0540232 ], [ 73.0671009, 19.054054 ] ] } },
{ "type": "Feature", "properties": { "name": null, "highway": "residential" }, "geometry": { "type": "LineString", "coordinates": [ [ 73.0672629, 19.0535824 ], [ 73.0672642, 19.0535337 ], [ 73.0672646, 19.0535171 ], [ 73.067266, 19.0534651 ], [ 73.0672828, 19.0528253 ], [ 73.067294, 19.0526573 ] ] } },
{ "type": "Feature", "properties": { "name": null, "highway": "service" }, "geometry": { "type": "LineString", "coordinates": [ [ 73.0672264, 19.0526395 ], [ 73.067294, 19.0526573 ] ] } },
{ "type": "Feature", "properties": { "name": null, "highway": "residential" }, "geometry": { "type": "LineString", "coordinates": [ [ 73.067138, 19.0551502 ], [ 73.0671282, 19.0552205 ] ] } },
{ "type": "Feature", "properties": { "name": null, "highway": "residential" }, "geometry": { "type": "LineString", "coordinates": [ [ 73.0672615, 19.0552161 ], [ 73.0672688, 19.0551408 ] ] } },
{ "type": "Feature", "properties": { "name": null, "highway": "service" }, "geometry": { "type": "LineString", "coordinates": [ [ 73.0672264, 19.0526395 ], [ 73.0667731, 19.0525097 ] ] } },
{ "type": "Feature", "properties": { "name": null, "highway": "residential" }, "geometry": { "type": "LineString", "coordinates": [ [ 73.0679162, 19.0526386 ], [ 73.0678585, 19.0528158 ], [ 73.0678593, 19.0528665 ], [ 73.0678699, 19.0530388 ], [ 73.067858, 19.0531338 ], [ 73.0678256, 19.0531499 ], [ 73.0678018, 19.0531756 ], [ 73.067802, 19.053214 ], [ 73.0678213, 19.0532552 ], [ 73.0680505, 19.0537133 ], [ 73.0680436, 19.0537616 ], [ 73.0680154, 19.0537957 ], [ 73.0678631, 19.0538051 ], [ 73.067723, 19.0537761 ], [ 73.0676298, 19.0537568 ], [ 73.0675257, 19.0537451 ] ] } },
{ "type": "Feature", "properties": { "name": null, "highway": "residential" }, "geometry": { "type": "LineString", "coordinates": [ [ 73.067723, 19.0537761 ], [ 73.0676931, 19.0537034 ], [ 73.0676427, 19.0536284 ], [ 73.0675923, 19.0535564 ], [ 73.0674968, 19.0535016 ], [ 73.0673959, 19.0534742 ], [ 73.067266, 19.0534651 ] ] } },
{ "type": "Feature", "properties": { "name": null, "highway": "residential" }, "geometry": { "type": "LineString", "coordinates": [ [ 73.0669588, 19.053757 ], [ 73.0669752, 19.0537044 ], [ 73.0669996, 19.0536556 ], [ 73.0670216, 19.0536092 ], [ 73.0670612, 19.0535573 ], [ 73.0670971, 19.0535156 ], [ 73.0671311, 19.0534895 ], [ 73.067183, 19.0534809 ] ] } },
{ "type": "Feature", "properties": { "name": null, "highway": "residential" }, "geometry": { "type": "LineString", "coordinates": [ [ 73.0675244, 19.0538095 ], [ 73.0676326, 19.0538492 ], [ 73.067656, 19.0538519 ], [ 73.0676906, 19.053856 ], [ 73.0678195, 19.0538712 ], [ 73.0679772, 19.0538781 ], [ 73.0680341, 19.0538795 ], [ 73.0680677, 19.0538933 ], [ 73.0680721, 19.0539361 ], [ 73.0680735, 19.0541597 ], [ 73.0679469, 19.0547242 ], [ 73.0679411, 19.0547498 ], [ 73.0679206, 19.0548413 ] ] } },
{ "type": "Feature", "properties": { "name": null, "highway": "residential" }, "geometry": { "type": "LineString", "coordinates": [ [ 73.0676906, 19.053856 ], [ 73.0675935, 19.0539856 ], [ 73.0675195, 19.0540627 ], [ 73.0674573, 19.054089 ], [ 73.067362, 19.0540877 ] ] } },
{ "type": "Feature", "properties": { "name": null, "highway": "service" }, "geometry": { "type": "LineString", "coordinates": [ [ 73.0667731, 19.0525097 ], [ 73.066712, 19.052491 ] ] } },
{ "type": "Feature", "properties": { "name": null, "highway": "service" }, "geometry": { "type": "LineString", "coordinates": [ [ 73.067294, 19.0526573 ], [ 73.0678585, 19.0528158 ] ] } },
{ "type": "Feature", "properties": { "name": null, "highway": "residential" }, "geometry": { "type": "LineString", "coordinates": [ [ 73.0697684, 19.051899 ], [ 73.0698027, 19.0518935 ], [ 73.0698462, 19.0518879 ], [ 73.0701394, 19.05185 ], [ 73.0701522, 19.0518422 ], [ 73.0701596, 19.0518213 ], [ 73.0701339, 19.0516335 ], [ 73.0701265, 19.051617 ], [ 73.0701072, 19.0516144 ], [ 73.0698147, 19.0516535 ], [ 73.0697705, 19.0516596 ], [ 73.069739, 19.0516636 ] ] } },
{ "type": "Feature", "properties": { "name": null, "highway": "residential" }, "geometry": { "type": "LineString", "coordinates": [ [ 73.0698462, 19.0518879 ], [ 73.0698147, 19.0516535 ] ] } },
{ "type": "Feature", "properties": { "name": null, "highway": "residential" }, "geometry": { "type": "LineString", "coordinates": [ [ 73.0693562, 19.0520749 ], [ 73.0693746, 19.0520225 ], [ 73.0693807, 19.0519956 ], [ 73.0693783, 19.0518495 ], [ 73.0694013, 19.0518251 ], [ 73.069451, 19.0518095 ], [ 73.0695688, 19.051797 ], [ 73.0696397, 19.0517895 ], [ 73.0696688, 19.0517864 ], [ 73.0697533, 19.0517775 ] ] } },
{ "type": "Feature", "properties": { "name": null, "highway": "residential" }, "geometry": { "type": "LineString", "coordinates": [ [ 73.0696397, 19.0517895 ], [ 73.0696754, 19.0520451 ], [ 73.0696745, 19.0520642 ], [ 73.0696561, 19.0520712 ], [ 73.0694694, 19.0520199 ], [ 73.0693807, 19.0519956 ] ] } },
{ "type": "Feature", "properties": { "name": null, "highway": "residential" }, "geometry": { "type": "LineString", "coordinates": [ [ 73.0697748, 19.0519478 ], [ 73.0698054, 19.0519438 ], [ 73.069836, 19.0519397 ], [ 73.0701114, 19.0519032 ], [ 73.0701307, 19.0519043 ], [ 73.0701468, 19.0519225 ], [ 73.0701951, 19.052243 ], [ 73.0701919, 19.0522704 ], [ 73.070164, 19.0522917 ], [ 73.0698938, 19.0523236 ], [ 73.0698634, 19.0523268 ], [ 73.0698246, 19.0523331 ] ] } },
{ "type": "Feature", "properties": { "name": null, "highway": "residential" }, "geometry": { "type": "LineString", "coordinates": [ [ 73.069836, 19.0519397 ], [ 73.0698889, 19.0522909 ], [ 73.0698938, 19.0523236 ] ] } },
{ "type": "Feature", "properties": { "name": null, "highway": "service" }, "geometry": { "type": "LineString", "coordinates": [ [ 73.0753734, 19.052783 ], [ 73.075362, 19.0526842 ], [ 73.0753605, 19.0526707 ], [ 73.0753437, 19.0524904 ] ] } },
{ "type": "Feature", "properties": { "name": null, "highway": "service" }, "geometry": { "type": "LineString", "coordinates": [ [ 73.0753605, 19.0526707 ], [ 73.0753905, 19.0526678 ], [ 73.0755361, 19.052654 ], [ 73.0755086, 19.052457 ], [ 73.0755074, 19.0524491 ], [ 73.0755001, 19.0524014 ] ] } },
{ "type": "Feature", "properties": { "name": null, "highway": "service" }, "geometry": { "type": "LineString", "coordinates": [ [ 73.0755361, 19.052654 ], [ 73.0755381, 19.0526698 ], [ 73.0755502, 19.0527622 ] ] } },
{ "type": "Feature", "properties": { "name": null, "highway": "residential" }, "geometry": { "type": "LineString", "coordinates": [ [ 73.0780372, 19.0501488 ], [ 73.0779689, 19.0500761 ], [ 73.0779528, 19.0500605 ], [ 73.0776532, 19.0497676 ], [ 73.0776446, 19.0497473 ], [ 73.077651, 19.049722 ], [ 73.0778002, 19.0495901 ], [ 73.0778184, 19.049581 ], [ 73.0778442, 19.0495891 ], [ 73.0781355, 19.0498951 ], [ 73.0781628, 19.0499238 ], [ 73.0782365, 19.0499981 ] ] } },
{ "type": "Feature", "properties": { "name": null, "highway": "residential" }, "geometry": { "type": "LineString", "coordinates": [ [ 73.0779528, 19.0500605 ], [ 73.0781355, 19.0498951 ] ] } },
{ "type": "Feature", "properties": { "name": null, "highway": "tertiary" }, "geometry": { "type": "LineString", "coordinates": [ [ 73.0709164, 19.055474 ], [ 73.0710481, 19.0554559 ] ] } },
{ "type": "Feature", "properties": { "name": null, "highway": "tertiary" }, "geometry": { "type": "LineString", "coordinates": [ [ 73.0710419, 19.0554046 ], [ 73.0709118, 19.0554201 ] ] } },
{ "type": "Feature", "properties": { "name": null, "highway": "residential" }, "geometry": { "type": "LineString", "coordinates": [ [ 73.0716903, 19.0487664 ], [ 73.0716855, 19.0487289 ], [ 73.0716808, 19.048692 ], [ 73.071627, 19.0482687 ], [ 73.0716152, 19.0482514 ], [ 73.0715863, 19.0482534 ], [ 73.071435, 19.0482676 ], [ 73.0714189, 19.0482768 ], [ 73.0714167, 19.0483021 ], [ 73.0714714, 19.0487098 ], [ 73.0714756, 19.0487412 ], [ 73.0714818, 19.0487871 ] ] } },
{ "type": "Feature", "properties": { "name": null, "highway": "residential" }, "geometry": { "type": "LineString", "coordinates": [ [ 73.0714714, 19.0487098 ], [ 73.0716808, 19.048692 ] ] } },
{ "type": "Feature", "properties": { "name": null, "highway": "residential" }, "geometry": { "type": "LineString", "coordinates": [ [ 73.0711647, 19.0488182 ], [ 73.0711468, 19.0487013 ], [ 73.071093, 19.0483502 ], [ 73.071093, 19.0483206 ], [ 73.0711095, 19.0483032 ], [ 73.0711454, 19.0482841 ], [ 73.0713284, 19.0482737 ], [ 73.0713588, 19.048285 ], [ 73.0713818, 19.0483093 ], [ 73.0714187, 19.0486738 ], [ 73.0714307, 19.0487921 ] ] } },
{ "type": "Feature", "properties": { "name": null, "highway": "residential" }, "geometry": { "type": "LineString", "coordinates": [ [ 73.0627047, 19.0432336 ], [ 73.0625665, 19.0432489 ], [ 73.0625517, 19.0432505 ], [ 73.062537, 19.0432521 ], [ 73.0625104, 19.043255 ] ] } },
{ "type": "Feature", "properties": { "name": null, "highway": "residential" }, "geometry": { "type": "LineString", "coordinates": [ [ 73.0627595, 19.0435507 ], [ 73.0626768, 19.0435596 ], [ 73.0626661, 19.0435608 ], [ 73.0625812, 19.0435703 ], [ 73.0620005, 19.0436351 ], [ 73.0619769, 19.0436229 ], [ 73.0619651, 19.0435864 ], [ 73.0619393, 19.0433693 ], [ 73.0619447, 19.043348 ], [ 73.0619844, 19.0433399 ], [ 73.0622505, 19.0432984 ] ] } },
{ "type": "Feature", "properties": { "name": null, "highway": "residential" }, "geometry": { "type": "LineString", "coordinates": [ [ 73.0619844, 19.0433399 ], [ 73.0620048, 19.0434657 ] ] } },
{ "type": "Feature", "properties": { "name": null, "highway": "residential" }, "geometry": { "type": "LineString", "coordinates": [ [ 73.062537, 19.0432521 ], [ 73.0625812, 19.0435703 ] ] } },
{ "type": "Feature", "properties": { "name": null, "highway": "service" }, "geometry": { "type": "LineString", "coordinates": [ [ 73.064173, 19.0401705 ], [ 73.0642374, 19.0406008 ] ] } },
{ "type": "Feature", "properties": { "name": null, "highway": "residential" }, "geometry": { "type": "LineString", "coordinates": [ [ 73.0643125, 19.0401514 ], [ 73.0642202, 19.0401642 ], [ 73.064173, 19.0401705 ], [ 73.0641157, 19.0401778 ] ] } },
{ "type": "Feature", "properties": { "name": null, "highway": "residential" }, "geometry": { "type": "LineString", "coordinates": [ [ 73.0641432, 19.0403874 ], [ 73.0640063, 19.040403 ], [ 73.0637616, 19.0404317 ] ] } },
{ "type": "Feature", "properties": { "name": null, "highway": "service" }, "geometry": { "type": "LineString", "coordinates": [ [ 73.0640551, 19.0390466 ], [ 73.0636394, 19.0391048 ] ] } },
{ "type": "Feature", "properties": { "name": null, "highway": "service" }, "geometry": { "type": "LineString", "coordinates": [ [ 73.0636394, 19.0391048 ], [ 73.063529, 19.0391179 ] ] } },
{ "type": "Feature", "properties": { "name": null, "highway": "service" }, "geometry": { "type": "LineString", "coordinates": [ [ 73.0641801, 19.0390292 ], [ 73.0641422, 19.0390345 ], [ 73.0641236, 19.0390371 ], [ 73.0640551, 19.0390466 ] ] } },
{ "type": "Feature", "properties": { "name": null, "highway": "service" }, "geometry": { "type": "LineString", "coordinates": [ [ 73.0641977, 19.0391872 ], [ 73.0641864, 19.039189 ], [ 73.0641756, 19.03919 ], [ 73.0641848, 19.0392744 ] ] } },
{ "type": "Feature", "properties": { "name": null, "highway": "service" }, "geometry": { "type": "LineString", "coordinates": [ [ 73.0641756, 19.03919 ], [ 73.0641746, 19.0391792 ], [ 73.0641683, 19.0391092 ] ] } },
{ "type": "Feature", "properties": { "name": null, "highway": "service" }, "geometry": { "type": "LineString", "coordinates": [ [ 73.0641685, 19.0393887 ], [ 73.0641538, 19.0392899 ], [ 73.0641493, 19.0392571 ] ] } },
{ "type": "Feature", "properties": { "name": null, "highway": "residential" }, "geometry": { "type": "LineString", "coordinates": [ [ 73.0637173, 19.0357228 ], [ 73.0635685, 19.0355232 ] ] } },
{ "type": "Feature", "properties": { "name": null, "highway": "residential" }, "geometry": { "type": "LineString", "coordinates": [ [ 73.0713341, 19.0413007 ], [ 73.0713323, 19.0411936 ], [ 73.0713316, 19.0411522 ], [ 73.0713285, 19.0409651 ], [ 73.0713331, 19.0409416 ], [ 73.0713478, 19.0409268 ], [ 73.0715419, 19.0409268 ], [ 73.0715631, 19.0409294 ], [ 73.0715769, 19.0409398 ], [ 73.0715739, 19.0411706 ], [ 73.0715723, 19.041303 ] ] } },
{ "type": "Feature", "properties": { "name": null, "highway": "service" }, "geometry": { "type": "LineString", "coordinates": [ [ 73.0713323, 19.0411936 ], [ 73.0714863, 19.0411959 ] ] } },
{ "type": "Feature", "properties": { "name": null, "highway": "residential" }, "geometry": { "type": "LineString", "coordinates": [ [ 73.0599938, 19.0319923 ], [ 73.0600386, 19.0319608 ], [ 73.0602626, 19.0318039 ], [ 73.0602815, 19.0318009 ], [ 73.0603083, 19.0318054 ], [ 73.0604368, 19.0319552 ], [ 73.0604384, 19.0319738 ], [ 73.0604124, 19.0320014 ], [ 73.0601737, 19.0321556 ], [ 73.060145, 19.0321742 ] ] } },
{ "type": "Feature", "properties": { "name": null, "highway": "residential" }, "geometry": { "type": "LineString", "coordinates": [ [ 73.0600185, 19.0314972 ], [ 73.0600646, 19.0315488 ], [ 73.0602359, 19.0317381 ], [ 73.0602409, 19.031758 ], [ 73.060226, 19.031774 ], [ 73.0600007, 19.0319221 ], [ 73.0599572, 19.0319487 ] ] } },
{ "type": "Feature", "properties": { "name": null, "highway": "residential" }, "geometry": { "type": "LineString", "coordinates": [ [ 73.0600432, 19.0314787 ], [ 73.0600869, 19.0315275 ], [ 73.0600997, 19.0315422 ] ] } },
{ "type": "Feature", "properties": { "name": null, "highway": "residential" }, "geometry": { "type": "LineString", "coordinates": [ [ 73.0597566, 19.0317339 ], [ 73.059706, 19.0317627 ], [ 73.0597009, 19.0317656 ], [ 73.0596959, 19.0317685 ], [ 73.0596576, 19.0317483 ], [ 73.0596204, 19.0317357 ], [ 73.059593, 19.0317335 ], [ 73.0595545, 19.0317446 ], [ 73.0594485, 19.0318845 ], [ 73.0597507, 19.0322361 ], [ 73.0599287, 19.032102 ], [ 73.0599328, 19.0320896 ], [ 73.0599249, 19.0320766 ], [ 73.0596959, 19.0317685 ] ] } },
{ "type": "Feature", "properties": { "name": null, "highway": "residential" }, "geometry": { "type": "LineString", "coordinates": [ [ 73.0599249, 19.0320766 ], [ 73.0599335, 19.0320704 ], [ 73.0600119, 19.0320138 ] ] } },
{ "type": "Feature", "properties": { "name": null, "highway": "residential" }, "geometry": { "type": "LineString", "coordinates": [ [ 73.0594485, 19.0318845 ], [ 73.0593434, 19.0320373 ], [ 73.0592281, 19.0322124 ], [ 73.0592249, 19.0322366 ], [ 73.0592345, 19.0322861 ], [ 73.0593837, 19.0324897 ], [ 73.0594086, 19.0324954 ], [ 73.0594456, 19.0324891 ], [ 73.0596009, 19.0323621 ], [ 73.0597507, 19.0322361 ] ] } },
{ "type": "Feature", "properties": { "name": null, "highway": "residential" }, "geometry": { "type": "LineString", "coordinates": [ [ 73.0593434, 19.0320373 ], [ 73.0596009, 19.0323621 ] ] } },
{ "type": "Feature", "properties": { "name": null, "highway": "residential" }, "geometry": { "type": "LineString", "coordinates": [ [ 73.060075, 19.0326084 ], [ 73.0600842, 19.0326033 ], [ 73.0600886, 19.0326009 ], [ 73.0601348, 19.0325754 ] ] } },
{ "type": "Feature", "properties": { "name": null, "highway": "residential" }, "geometry": { "type": "LineString", "coordinates": [ [ 73.0596583, 19.032655 ], [ 73.0597994, 19.0325577 ], [ 73.0599922, 19.0324285 ] ] } },
{ "type": "Feature", "properties": { "name": null, "highway": "residential" }, "geometry": { "type": "LineString", "coordinates": [ [ 73.0597994, 19.0325577 ], [ 73.0599493, 19.0327451 ] ] } },
{ "type": "Feature", "properties": { "name": null, "highway": "service" }, "geometry": { "type": "LineString", "coordinates": [ [ 73.0641218, 19.0449191 ], [ 73.0642837, 19.044906 ] ] } },
{ "type": "Feature", "properties": { "name": null, "highway": "service" }, "geometry": { "type": "LineString", "coordinates": [ [ 73.064093, 19.0447188 ], [ 73.0642799, 19.0446987 ] ] } },
{ "type": "Feature", "properties": { "name": null, "highway": "residential" }, "geometry": { "type": "LineString", "coordinates": [ [ 73.0579556, 19.027709 ], [ 73.057851, 19.0277252 ], [ 73.0578251, 19.0277293 ], [ 73.0574645, 19.027781 ], [ 73.0574195, 19.027496 ], [ 73.0574141, 19.0274615 ], [ 73.0574195, 19.0274229 ], [ 73.0574431, 19.0273854 ], [ 73.0574957, 19.0273418 ], [ 73.0575518, 19.027326 ], [ 73.0576118, 19.0273223 ] ] } },
{ "type": "Feature", "properties": { "name": null, "highway": "residential" }, "geometry": { "type": "LineString", "coordinates": [ [ 73.0574645, 19.027781 ], [ 73.0574914, 19.0279636 ] ] } },
{ "type": "Feature", "properties": { "name": null, "highway": "residential" }, "geometry": { "type": "LineString", "coordinates": [ [ 73.0578251, 19.0277293 ], [ 73.0578692, 19.0279062 ], [ 73.0578597, 19.0279226 ], [ 73.0578104, 19.0279517 ], [ 73.0577109, 19.0279919 ] ] } },
{ "type": "Feature", "properties": { "name": null, "highway": "residential" }, "geometry": { "type": "LineString", "coordinates": [ [ 73.0586643, 19.0299878 ], [ 73.0586511, 19.0299607 ], [ 73.0585605, 19.0297751 ], [ 73.0585518, 19.0297713 ], [ 73.058535, 19.0297702 ], [ 73.0585106, 19.0297768 ], [ 73.0584985, 19.0297883 ], [ 73.0584915, 19.0298168 ], [ 73.0584817, 19.0298338 ], [ 73.0584539, 19.0298496 ], [ 73.0582515, 19.0298895 ], [ 73.0582192, 19.0298942 ] ] } },
{ "type": "Feature", "properties": { "name": null, "highway": "service" }, "geometry": { "type": "LineString", "coordinates": [ [ 73.0543205, 19.0249021 ], [ 73.0543821, 19.0248113 ] ] } },
{ "type": "Feature", "properties": { "name": null, "highway": "service" }, "geometry": { "type": "LineString", "coordinates": [ [ 73.0553851, 19.0256247 ], [ 73.0554491, 19.0255333 ] ] } },
{ "type": "Feature", "properties": { "name": null, "highway": "residential" }, "geometry": { "type": "LineString", "coordinates": [ [ 73.0575313, 19.0289501 ], [ 73.0574116, 19.0289686 ] ] } },
{ "type": "Feature", "properties": { "name": null, "highway": "residential" }, "geometry": { "type": "LineString", "coordinates": [ [ 73.057948, 19.0272665 ], [ 73.0578746, 19.027357 ], [ 73.0577961, 19.0274571 ], [ 73.0577107, 19.0275256 ], [ 73.057584, 19.0275843 ], [ 73.0575731, 19.0275965 ], [ 73.0575686, 19.0276317 ], [ 73.0576044, 19.0277003 ], [ 73.0576347, 19.0277069 ], [ 73.0576968, 19.0277036 ], [ 73.0577892, 19.0276712 ], [ 73.0579551, 19.0276278 ] ] } },
{ "type": "Feature", "properties": { "name": null, "highway": "residential" }, "geometry": { "type": "LineString", "coordinates": [ [ 73.0575364, 19.0275923 ], [ 73.0575202, 19.0276005 ], [ 73.0575183, 19.0276163 ], [ 73.0575412, 19.0277147 ] ] } },
{ "type": "Feature", "properties": { "name": null, "highway": "residential" }, "geometry": { "type": "LineString", "coordinates": [ [ 73.0569333, 19.0356319 ], [ 73.0569427, 19.035642 ], [ 73.056967, 19.0356613 ], [ 73.0569929, 19.0356645 ], [ 73.057162, 19.0356476 ], [ 73.0571841, 19.0356355 ], [ 73.0571863, 19.035609 ], [ 73.0571688, 19.0355724 ], [ 73.0571437, 19.0355563 ], [ 73.0571075, 19.0355591 ], [ 73.0569939, 19.0355879 ], [ 73.0569629, 19.035591 ], [ 73.0569336, 19.0355698 ], [ 73.056906, 19.0355417 ] ] } },
{ "type": "Feature", "properties": { "name": null, "highway": "residential" }, "geometry": { "type": "LineString", "coordinates": [ [ 73.0577622, 19.0352714 ], [ 73.0577299, 19.0349709 ] ] } },
{ "type": "Feature", "properties": { "name": null, "highway": "residential" }, "geometry": { "type": "LineString", "coordinates": [ [ 73.0579082, 19.0343805 ], [ 73.0579286, 19.0345507 ], [ 73.0579518, 19.0347444 ] ] } },
{ "type": "Feature", "properties": { "name": null, "highway": "residential" }, "geometry": { "type": "LineString", "coordinates": [ [ 73.0583016, 19.0345144 ], [ 73.0579795, 19.0345478 ], [ 73.0579286, 19.0345507 ] ] } },
{ "type": "Feature", "properties": { "name": null, "highway": "residential" }, "geometry": { "type": "LineString", "coordinates": [ [ 73.0576672, 19.0301825 ], [ 73.0577784, 19.0301586 ] ] } },
{ "type": "Feature", "properties": { "name": null, "highway": "residential" }, "geometry": { "type": "LineString", "coordinates": [ [ 73.0464283, 19.0272239 ], [ 73.0465244, 19.0273235 ] ] } },
{ "type": "Feature", "properties": { "name": null, "highway": "residential" }, "geometry": { "type": "LineString", "coordinates": [ [ 73.0467911, 19.0273054 ], [ 73.0466983, 19.0273557 ] ] } },
{ "type": "Feature", "properties": { "name": null, "highway": "residential" }, "geometry": { "type": "LineString", "coordinates": [ [ 73.0464908, 19.0280891 ], [ 73.0464628, 19.0281114 ], [ 73.0464104, 19.0281531 ] ] } },
{ "type": "Feature", "properties": { "name": null, "highway": "residential" }, "geometry": { "type": "LineString", "coordinates": [ [ 73.0463035, 19.0278833 ], [ 73.0462977, 19.0279285 ], [ 73.0462641, 19.0280044 ] ] } },
{ "type": "Feature", "properties": { "name": null, "highway": "residential" }, "geometry": { "type": "LineString", "coordinates": [ [ 73.0461336, 19.0277946 ], [ 73.0463035, 19.0278833 ] ] } },
{ "type": "Feature", "properties": { "name": null, "highway": "residential" }, "geometry": { "type": "LineString", "coordinates": [ [ 73.0464908, 19.0280891 ], [ 73.0465538, 19.0280689 ], [ 73.0465861, 19.028071 ], [ 73.046635, 19.0280852 ] ] } },
{ "type": "Feature", "properties": { "name": null, "highway": "residential" }, "geometry": { "type": "LineString", "coordinates": [ [ 73.0464108, 19.0275857 ], [ 73.0464068, 19.0276165 ], [ 73.0464077, 19.0276608 ], [ 73.0464196, 19.0276834 ], [ 73.0464638, 19.0277017 ], [ 73.0464897, 19.0277079 ], [ 73.0465095, 19.0277164 ], [ 73.0465135, 19.0277286 ], [ 73.0465115, 19.0277582 ], [ 73.046514, 19.0277727 ], [ 73.0465244, 19.0277817 ], [ 73.0465389, 19.0277793 ], [ 73.046588, 19.027746 ], [ 73.0466014, 19.0277413 ], [ 73.0466208, 19.0277427 ], [ 73.0466357, 19.0277427 ], [ 73.0466496, 19.0277366 ], [ 73.0466541, 19.0277051 ], [ 73.0466536, 19.0276469 ], [ 73.0466447, 19.0276159 ], [ 73.0466268, 19.027576 ], [ 73.0466004, 19.0275638 ], [ 73.0465587, 19.0275492 ], [ 73.0465056, 19.0275516 ], [ 73.0464713, 19.0275586 ], [ 73.0464559, 19.0275697 ], [ 73.0464405, 19.0275769 ], [ 73.0464108, 19.0275857 ] ] } },
{ "type": "Feature", "properties": { "name": null, "highway": "residential" }, "geometry": { "type": "LineString", "coordinates": [ [ 73.0462834, 19.0275043 ], [ 73.0464108, 19.0275857 ] ] } },
{ "type": "Feature", "properties": { "name": null, "highway": "residential" }, "geometry": { "type": "LineString", "coordinates": [ [ 73.0466496, 19.0277366 ], [ 73.0467212, 19.0277967 ] ] } },
{ "type": "Feature", "properties": { "name": null, "highway": "residential" }, "geometry": { "type": "LineString", "coordinates": [ [ 73.0466536, 19.0276469 ], [ 73.0467755, 19.027641 ] ] } },
{ "type": "Feature", "properties": { "name": null, "highway": "residential" }, "geometry": { "type": "LineString", "coordinates": [ [ 73.0463035, 19.0278833 ], [ 73.0463675, 19.0279152 ], [ 73.0464147, 19.0279365 ], [ 73.0464587, 19.0279771 ], [ 73.046477, 19.028043 ], [ 73.0464908, 19.0280891 ] ] } },
{ "type": "Feature", "properties": { "name": null, "highway": "residential" }, "geometry": { "type": "LineString", "coordinates": [ [ 73.0460146, 19.0282902 ], [ 73.0461152, 19.0282107 ], [ 73.0462068, 19.0281548 ] ] } },
{ "type": "Feature", "properties": { "name": null, "highway": "residential" }, "geometry": { "type": "LineString", "coordinates": [ [ 73.0464065, 19.0284516 ], [ 73.0464038, 19.0283169 ] ] } },
{ "type": "Feature", "properties": { "name": null, "highway": "residential" }, "geometry": { "type": "LineString", "coordinates": [ [ 73.0457722, 19.0281906 ], [ 73.0458764, 19.0282334 ], [ 73.0459487, 19.0282631 ], [ 73.0460146, 19.0282902 ] ] } },
{ "type": "Feature", "properties": { "name": null, "highway": "residential" }, "geometry": { "type": "LineString", "coordinates": [ [ 73.0646042, 19.0354529 ], [ 73.0645449, 19.0354639 ], [ 73.064483, 19.0354591 ], [ 73.0644304, 19.0354213 ], [ 73.0643928, 19.0353479 ], [ 73.0643922, 19.0353065 ], [ 73.0644204, 19.0352687 ], [ 73.0645024, 19.0352178 ], [ 73.0645725, 19.0352017 ] ] } },
{ "type": "Feature", "properties": { "name": null, "highway": "residential" }, "geometry": { "type": "LineString", "coordinates": [ [ 73.0647364, 19.0356581 ], [ 73.0647062, 19.035624 ] ] } },
{ "type": "Feature", "properties": { "name": null, "highway": "residential" }, "geometry": { "type": "LineString", "coordinates": [ [ 73.0677714, 19.0392651 ], [ 73.067827, 19.0393359 ], [ 73.0678532, 19.0393695 ] ] } },
{ "type": "Feature", "properties": { "name": null, "highway": "residential" }, "geometry": { "type": "LineString", "coordinates": [ [ 73.0677363, 19.0399233 ], [ 73.0677872, 19.0398873 ], [ 73.0680819, 19.0396798 ] ] } },
{ "type": "Feature", "properties": { "name": null, "highway": "residential" }, "geometry": { "type": "LineString", "coordinates": [ [ 73.068217, 19.0331211 ], [ 73.0682534, 19.0330701 ], [ 73.0684116, 19.0328492 ] ] } },
{ "type": "Feature", "properties": { "name": null, "highway": "tertiary" }, "geometry": { "type": "LineString", "coordinates": [ [ 73.0676355, 19.0328154 ], [ 73.0676822, 19.0327532 ] ] } },
{ "type": "Feature", "properties": { "name": "Kharghar Station Road", "highway": "tertiary" }, "geometry": { "type": "LineString", "coordinates": [ [ 73.0689172, 19.0336039 ], [ 73.068217, 19.0331211 ], [ 73.0676822, 19.0327532 ] ] } },
{ "type": "Feature", "properties": { "name": "Kharghar Station Road", "highway": "tertiary" }, "geometry": { "type": "LineString", "coordinates": [ [ 73.0676822, 19.0327532 ], [ 73.0676386, 19.0327236 ] ] } },
{ "type": "Feature", "properties": { "name": null, "highway": "tertiary" }, "geometry": { "type": "LineString", "coordinates": [ [ 73.0676386, 19.0327236 ], [ 73.0675927, 19.032787 ] ] } },
{ "type": "Feature", "properties": { "name": null, "highway": "residential" }, "geometry": { "type": "LineString", "coordinates": [ [ 73.0679598, 19.0323841 ], [ 73.0680421, 19.0324403 ], [ 73.0683312, 19.0326378 ], [ 73.0684543, 19.0327291 ], [ 73.0684748, 19.0327331 ], [ 73.0685099, 19.0327218 ], [ 73.0685509, 19.0326701 ], [ 73.068621, 19.0325586 ], [ 73.0686219, 19.0325327 ], [ 73.0685971, 19.0325125 ], [ 73.0682321, 19.0322645 ], [ 73.0681909, 19.0322362 ], [ 73.0681124, 19.0321824 ] ] } },
{ "type": "Feature", "properties": { "name": "Kharghar Station Road", "highway": "residential" }, "geometry": { "type": "LineString", "coordinates": [ [ 73.0714286, 19.0354346 ], [ 73.0714203, 19.0353094 ] ] } },
{ "type": "Feature", "properties": { "name": null, "highway": "tertiary_link" }, "geometry": { "type": "LineString", "coordinates": [ [ 73.0700592, 19.0344915 ], [ 73.0701182, 19.0344234 ] ] } },
{ "type": "Feature", "properties": { "name": null, "highway": "primary_link" }, "geometry": { "type": "LineString", "coordinates": [ [ 73.0638392, 19.0348178 ], [ 73.0639753, 19.0350046 ] ] } },
{ "type": "Feature", "properties": { "name": null, "highway": "residential" }, "geometry": { "type": "LineString", "coordinates": [ [ 73.0768354, 19.0331654 ], [ 73.0771821, 19.0335239 ], [ 73.0774216, 19.0337717 ], [ 73.0774326, 19.0337899 ], [ 73.0774246, 19.033829 ], [ 73.0770919, 19.0341205 ], [ 73.0769176, 19.0342741 ] ] } },
{ "type": "Feature", "properties": { "name": null, "highway": "residential" }, "geometry": { "type": "LineString", "coordinates": [ [ 73.076808, 19.0331894 ], [ 73.0764789, 19.0334785 ], [ 73.0763245, 19.0336141 ] ] } },
{ "type": "Feature", "properties": { "name": null, "highway": "residential" }, "geometry": { "type": "LineString", "coordinates": [ [ 73.0765542, 19.0336767 ], [ 73.0764774, 19.0337523 ], [ 73.0764758, 19.0337709 ], [ 73.0764869, 19.033797 ], [ 73.0765381, 19.0338477 ] ] } },
{ "type": "Feature", "properties": { "name": null, "highway": "residential" }, "geometry": { "type": "LineString", "coordinates": [ [ 73.0768598, 19.0334681 ], [ 73.0768065, 19.0334204 ], [ 73.0767116, 19.0333356 ] ] } },
{ "type": "Feature", "properties": { "name": null, "highway": "residential" }, "geometry": { "type": "LineString", "coordinates": [ [ 73.0768065, 19.0334204 ], [ 73.0769008, 19.0333416 ], [ 73.0769221, 19.0333378 ], [ 73.0769473, 19.033352 ], [ 73.0770183, 19.0334116 ] ] } },
{ "type": "Feature", "properties": { "name": null, "highway": "residential" }, "geometry": { "type": "LineString", "coordinates": [ [ 73.0765947, 19.0337121 ], [ 73.0768598, 19.0334681 ], [ 73.0772062, 19.0338096 ], [ 73.0772805, 19.0338828 ] ] } },
{ "type": "Feature", "properties": { "name": null, "highway": "residential" }, "geometry": { "type": "LineString", "coordinates": [ [ 73.0769608, 19.0340437 ], [ 73.0772062, 19.0338096 ] ] } },
{ "type": "Feature", "properties": { "name": null, "highway": "residential" }, "geometry": { "type": "LineString", "coordinates": [ [ 73.0724658, 19.0342009 ], [ 73.0724958, 19.0342326 ], [ 73.0725494, 19.0342907 ] ] } },
{ "type": "Feature", "properties": { "name": null, "highway": "residential" }, "geometry": { "type": "LineString", "coordinates": [ [ 73.0731695, 19.0337242 ], [ 73.0731193, 19.0336677 ], [ 73.0730866, 19.0336367 ] ] } },
{ "type": "Feature", "properties": { "name": null, "highway": "residential" }, "geometry": { "type": "LineString", "coordinates": [ [ 73.0721891, 19.0340141 ], [ 73.072099, 19.0340916 ], [ 73.0721053, 19.0341028 ], [ 73.0721209, 19.0341129 ], [ 73.0721428, 19.0341093 ], [ 73.0721597, 19.034104 ], [ 73.0721866, 19.0341028 ], [ 73.0722123, 19.0341064 ], [ 73.0722473, 19.03412 ], [ 73.0722736, 19.0341312 ], [ 73.0722999, 19.0341277 ], [ 73.0723077, 19.0341251 ] ] } },
{ "type": "Feature", "properties": { "name": null, "highway": "residential" }, "geometry": { "type": "LineString", "coordinates": [ [ 73.0718094, 19.0342101 ], [ 73.0718302, 19.0341913 ], [ 73.071851, 19.0341725 ], [ 73.071888, 19.0341391 ], [ 73.0721373, 19.0339138 ], [ 73.072142, 19.0339021 ], [ 73.0721313, 19.0338869 ], [ 73.0721087, 19.033865 ], [ 73.0720723, 19.0338296 ], [ 73.0720556, 19.0338255 ], [ 73.0719612, 19.0339077 ], [ 73.0719482, 19.0339232 ], [ 73.0719337, 19.0339582 ], [ 73.0719358, 19.0339892 ], [ 73.0719509, 19.0340008 ], [ 73.0719718, 19.0339968 ], [ 73.072013, 19.0339542 ], [ 73.0721087, 19.033865 ] ] } },
{ "type": "Feature", "properties": { "name": null, "highway": "residential" }, "geometry": { "type": "LineString", "coordinates": [ [ 73.071851, 19.0341725 ], [ 73.0716085, 19.0339904 ], [ 73.0715965, 19.0339678 ], [ 73.0716045, 19.0339406 ], [ 73.0717659, 19.0337167 ], [ 73.0719809, 19.0335186 ], [ 73.0720038, 19.0335148 ], [ 73.0720552, 19.0335467 ], [ 73.072285, 19.033764 ], [ 73.0722877, 19.033787 ], [ 73.0721715, 19.0338841 ] ] } },
{ "type": "Feature", "properties": { "name": null, "highway": "residential" }, "geometry": { "type": "LineString", "coordinates": [ [ 73.0723836, 19.0345559 ], [ 73.0724467, 19.0346196 ], [ 73.0724602, 19.0346333 ], [ 73.0726485, 19.0348144 ], [ 73.0728173, 19.0349768 ], [ 73.0728401, 19.0349987 ], [ 73.0728774, 19.0350413 ] ] } },
{ "type": "Feature", "properties": { "name": null, "highway": "residential" }, "geometry": { "type": "LineString", "coordinates": [ [ 73.0724602, 19.0346333 ], [ 73.0725719, 19.034527 ], [ 73.0725847, 19.0345197 ], [ 73.0726, 19.0345206 ], [ 73.0727913, 19.0346932 ], [ 73.072956, 19.0348418 ], [ 73.0729637, 19.0348523 ], [ 73.0729619, 19.0348632 ], [ 73.0728173, 19.0349768 ] ] } },
{ "type": "Feature", "properties": { "name": null, "highway": "residential" }, "geometry": { "type": "LineString", "coordinates": [ [ 73.0726485, 19.0348144 ], [ 73.0727913, 19.0346932 ] ] } },
{ "type": "Feature", "properties": { "name": null, "highway": "residential" }, "geometry": { "type": "LineString", "coordinates": [ [ 73.0723205, 19.0345013 ], [ 73.0723836, 19.0345559 ] ] } },
{ "type": "Feature", "properties": { "name": null, "highway": "residential" }, "geometry": { "type": "LineString", "coordinates": [ [ 73.0715513, 19.0340427 ], [ 73.0714957, 19.0340841 ], [ 73.071484, 19.0341227 ], [ 73.0715089, 19.0341696 ], [ 73.0717147, 19.0343491 ], [ 73.071979, 19.0345285 ] ] } },
{ "type": "Feature", "properties": { "name": null, "highway": "tertiary" }, "geometry": { "type": "LineString", "coordinates": [ [ 73.0578252, 19.0269054 ], [ 73.0577561, 19.0270123 ], [ 73.0577555, 19.0270654 ] ] } },
{ "type": "Feature", "properties": { "name": null, "highway": "tertiary" }, "geometry": { "type": "LineString", "coordinates": [ [ 73.0577555, 19.0270654 ], [ 73.0577993, 19.0270402 ], [ 73.057876, 19.0269335 ] ] } },
{ "type": "Feature", "properties": { "name": null, "highway": "tertiary" }, "geometry": { "type": "LineString", "coordinates": [ [ 73.0580935, 19.0265557 ], [ 73.0578252, 19.0269054 ] ] } },
{ "type": "Feature", "properties": { "name": null, "highway": "tertiary" }, "geometry": { "type": "LineString", "coordinates": [ [ 73.0581361, 19.0265847 ], [ 73.0582023, 19.0265031 ], [ 73.0581983, 19.0264733 ] ] } },
{ "type": "Feature", "properties": { "name": null, "highway": "tertiary" }, "geometry": { "type": "LineString", "coordinates": [ [ 73.0581983, 19.0264733 ], [ 73.0581581, 19.026477 ], [ 73.0580935, 19.0265557 ] ] } },
{ "type": "Feature", "properties": { "name": null, "highway": "secondary" }, "geometry": { "type": "LineString", "coordinates": [ [ 73.0752181, 19.0466184 ], [ 73.075164, 19.046712 ] ] } },
{ "type": "Feature", "properties": { "name": null, "highway": "secondary" }, "geometry": { "type": "LineString", "coordinates": [ [ 73.0752774, 19.0467007 ], [ 73.0752181, 19.0466184 ] ] } },
{ "type": "Feature", "properties": { "name": null, "highway": "service" }, "geometry": { "type": "LineString", "coordinates": [ [ 73.0643747, 19.0649284 ], [ 73.0644371, 19.0649597 ], [ 73.0644546, 19.0649636 ] ] } },
{ "type": "Feature", "properties": { "name": null, "highway": "service" }, "geometry": { "type": "LineString", "coordinates": [ [ 73.0646412, 19.0648811 ], [ 73.064661, 19.0648406 ], [ 73.0646852, 19.0647658 ], [ 73.064707, 19.0646972 ] ] } },
{ "type": "Feature", "properties": { "name": null, "highway": "service" }, "geometry": { "type": "LineString", "coordinates": [ [ 73.0643068, 19.0644602 ], [ 73.0641736, 19.0647114 ] ] } },
{ "type": "Feature", "properties": { "name": null, "highway": "service" }, "geometry": { "type": "LineString", "coordinates": [ [ 73.0641736, 19.0647114 ], [ 73.064207, 19.0648236 ] ] } },
{ "type": "Feature", "properties": { "name": null, "highway": "service" }, "geometry": { "type": "LineString", "coordinates": [ [ 73.0622758, 19.0653264 ], [ 73.0622421, 19.0653317 ], [ 73.0622238, 19.0653464 ], [ 73.0622102, 19.0653765 ], [ 73.0622007, 19.0654399 ], [ 73.0622544, 19.0661782 ], [ 73.0623023, 19.0668367 ] ] } },
{ "type": "Feature", "properties": { "name": null, "highway": "service" }, "geometry": { "type": "LineString", "coordinates": [ [ 73.0648972, 19.0677217 ], [ 73.0649035, 19.0676817 ], [ 73.0648991, 19.0675731 ] ] } },
{ "type": "Feature", "properties": { "name": null, "highway": "service" }, "geometry": { "type": "LineString", "coordinates": [ [ 73.0648145, 19.067781 ], [ 73.0648972, 19.0677217 ] ] } },
{ "type": "Feature", "properties": { "name": null, "highway": "service" }, "geometry": { "type": "LineString", "coordinates": [ [ 73.0647076, 19.0671601 ], [ 73.0646679, 19.0670089 ] ] } },
{ "type": "Feature", "properties": { "name": null, "highway": "service" }, "geometry": { "type": "LineString", "coordinates": [ [ 73.0646679, 19.0670089 ], [ 73.0646432, 19.0669148 ] ] } },
{ "type": "Feature", "properties": { "name": null, "highway": "service" }, "geometry": { "type": "LineString", "coordinates": [ [ 73.0654017, 19.0653361 ], [ 73.0653981, 19.0653409 ], [ 73.0653541, 19.0653696 ], [ 73.06528, 19.06549 ] ] } },
{ "type": "Feature", "properties": { "name": null, "highway": "service" }, "geometry": { "type": "LineString", "coordinates": [ [ 73.0676162, 19.0664427 ], [ 73.0676545, 19.0664162 ], [ 73.0678686, 19.0662963 ], [ 73.0677166, 19.0659409 ] ] } },
{ "type": "Feature", "properties": { "name": null, "highway": "service" }, "geometry": { "type": "LineString", "coordinates": [ [ 73.0676162, 19.0664427 ], [ 73.0676648, 19.0664574 ], [ 73.0678218, 19.0663989 ] ] } },
{ "type": "Feature", "properties": { "name": null, "highway": "service" }, "geometry": { "type": "LineString", "coordinates": [ [ 73.0734586, 19.0326149 ], [ 73.0734732, 19.0326018 ], [ 73.0734957, 19.0325817 ], [ 73.0737554, 19.0323495 ], [ 73.0734399, 19.0320338 ], [ 73.0731897, 19.0322773 ], [ 73.0734957, 19.0325817 ] ] } },
{ "type": "Feature", "properties": { "name": null, "highway": "residential" }, "geometry": { "type": "LineString", "coordinates": [ [ 73.0678817, 19.0465008 ], [ 73.0678165, 19.0465096 ], [ 73.0675026, 19.0465479 ] ] } },
{ "type": "Feature", "properties": { "name": null, "highway": "residential" }, "geometry": { "type": "LineString", "coordinates": [ [ 73.0674313, 19.0466566 ], [ 73.0672019, 19.0466836 ] ] } },
{ "type": "Feature", "properties": { "name": null, "highway": "residential" }, "geometry": { "type": "LineString", "coordinates": [ [ 73.070983, 19.0496636 ], [ 73.0710197, 19.0494957 ] ] } },
{ "type": "Feature", "properties": { "name": null, "highway": "residential" }, "geometry": { "type": "LineString", "coordinates": [ [ 73.0711519, 19.0497384 ], [ 73.071246, 19.0496148 ], [ 73.0712873, 19.0495746 ], [ 73.0713386, 19.0495462 ], [ 73.0713811, 19.0495485 ], [ 73.0714312, 19.0495627 ], [ 73.0714775, 19.0495911 ], [ 73.0714963, 19.0496183 ], [ 73.0715226, 19.0496668 ] ] } },
{ "type": "Feature", "properties": { "name": null, "highway": "residential" }, "geometry": { "type": "LineString", "coordinates": [ [ 73.0713615, 19.049936 ], [ 73.0715368, 19.0497218 ] ] } },
{ "type": "Feature", "properties": { "name": null, "highway": "residential" }, "geometry": { "type": "LineString", "coordinates": [ [ 73.0705834, 19.0503257 ], [ 73.0705789, 19.0502847 ], [ 73.0705333, 19.049786 ], [ 73.0705108, 19.0496555 ], [ 73.0705228, 19.0495993 ], [ 73.0705718, 19.0495594 ], [ 73.0707412, 19.0495331 ] ] } },
{ "type": "Feature", "properties": { "name": null, "highway": "residential" }, "geometry": { "type": "LineString", "coordinates": [ [ 73.0719506, 19.0495332 ], [ 73.0722881, 19.0497784 ], [ 73.0724255, 19.049898 ] ] } },
{ "type": "Feature", "properties": { "name": null, "highway": "residential" }, "geometry": { "type": "LineString", "coordinates": [ [ 73.0723918, 19.0503992 ], [ 73.0721812, 19.0501997 ] ] } },
{ "type": "Feature", "properties": { "name": null, "highway": "residential" }, "geometry": { "type": "LineString", "coordinates": [ [ 73.0723918, 19.0503992 ], [ 73.0724696, 19.0502993 ] ] } },
{ "type": "Feature", "properties": { "name": null, "highway": "residential" }, "geometry": { "type": "LineString", "coordinates": [ [ 73.0717335, 19.0501748 ], [ 73.0719427, 19.0499474 ] ] } },
{ "type": "Feature", "properties": { "name": null, "highway": "residential" }, "geometry": { "type": "LineString", "coordinates": [ [ 73.0715804, 19.0503702 ], [ 73.0718536, 19.0505259 ] ] } },
{ "type": "Feature", "properties": { "name": null, "highway": "residential" }, "geometry": { "type": "LineString", "coordinates": [ [ 73.0715486, 19.0509376 ], [ 73.0713105, 19.0507 ] ] } },
{ "type": "Feature", "properties": { "name": null, "highway": "residential" }, "geometry": { "type": "LineString", "coordinates": [ [ 73.0708663, 19.0506804 ], [ 73.0710884, 19.0508712 ] ] } },
{ "type": "Feature", "properties": { "name": null, "highway": "residential" }, "geometry": { "type": "LineString", "coordinates": [ [ 73.0706044, 19.0505682 ], [ 73.0707775, 19.0505608 ], [ 73.0708214, 19.0505464 ], [ 73.0708535, 19.0505312 ], [ 73.0708834, 19.0505367 ], [ 73.0709097, 19.0505588 ], [ 73.0709432, 19.0505918 ] ] } },
{ "type": "Feature", "properties": { "name": null, "highway": "residential" }, "geometry": { "type": "LineString", "coordinates": [ [ 73.0707879, 19.0499121 ], [ 73.0710321, 19.0500695 ] ] } },
{ "type": "Feature", "properties": { "name": null, "highway": "residential" }, "geometry": { "type": "LineString", "coordinates": [ [ 73.0705869, 19.0488789 ], [ 73.0706026, 19.0489768 ], [ 73.0706257, 19.0491212 ], [ 73.0706171, 19.0491456 ], [ 73.070586, 19.0491699 ], [ 73.0705452, 19.0492064 ], [ 73.0705463, 19.0492358 ], [ 73.0705484, 19.0492662 ], [ 73.0705656, 19.0492896 ], [ 73.0705881, 19.0493017 ], [ 73.0706407, 19.0492997 ] ] } },
{ "type": "Feature", "properties": { "name": null, "highway": "service" }, "geometry": { "type": "LineString", "coordinates": [ [ 73.0626196, 19.0373245 ], [ 73.0627615, 19.0372155 ] ] } },
{ "type": "Feature", "properties": { "name": null, "highway": "residential" }, "geometry": { "type": "LineString", "coordinates": [ [ 73.0808139, 19.0518075 ], [ 73.0808554, 19.0518023 ], [ 73.0808695, 19.0518005 ], [ 73.0808833, 19.0517963 ], [ 73.0808901, 19.0517888 ], [ 73.0808904, 19.0517754 ], [ 73.0808626, 19.0515826 ], [ 73.0808638, 19.0515709 ], [ 73.0808728, 19.051562 ], [ 73.0808896, 19.0515565 ], [ 73.0812845, 19.0515045 ] ] } },
{ "type": "Feature", "properties": { "name": null, "highway": "residential" }, "geometry": { "type": "LineString", "coordinates": [ [ 73.0812764, 19.0514583 ], [ 73.0812788, 19.0514718 ], [ 73.0812845, 19.0515045 ], [ 73.0813165, 19.0517315 ] ] } },
{ "type": "Feature", "properties": { "name": null, "highway": "residential" }, "geometry": { "type": "LineString", "coordinates": [ [ 73.0687746, 19.0479003 ], [ 73.0686605, 19.0479156 ], [ 73.0683115, 19.0479624 ], [ 73.0683021, 19.0479621 ], [ 73.0682951, 19.0479598 ], [ 73.0682905, 19.0479554 ], [ 73.0682874, 19.0479464 ], [ 73.0682529, 19.0476536 ], [ 73.0682421, 19.0475508 ] ] } },
{ "type": "Feature", "properties": { "name": null, "highway": "residential" }, "geometry": { "type": "LineString", "coordinates": [ [ 73.0686671, 19.0479527 ], [ 73.0686923, 19.0481793 ] ] } },
{ "type": "Feature", "properties": { "name": null, "highway": "residential" }, "geometry": { "type": "LineString", "coordinates": [ [ 73.0728788, 19.0359642 ], [ 73.0726767, 19.0358294 ] ] } },
{ "type": "Feature", "properties": { "name": null, "highway": "service" }, "geometry": { "type": "LineString", "coordinates": [ [ 73.0676068, 19.0603502 ], [ 73.0679738, 19.0607439 ], [ 73.0683789, 19.061153 ], [ 73.0686351, 19.0615261 ], [ 73.0696012, 19.0634177 ] ] } },
{ "type": "Feature", "properties": { "name": null, "highway": "residential" }, "geometry": { "type": "LineString", "coordinates": [ [ 73.0785539, 19.0706565 ], [ 73.0786302, 19.0706413 ], [ 73.0786719, 19.0706343 ] ] } },
{ "type": "Feature", "properties": { "name": null, "highway": "residential" }, "geometry": { "type": "LineString", "coordinates": [ [ 73.0791261, 19.0708804 ], [ 73.0791117, 19.0708083 ], [ 73.0791055, 19.0707687 ] ] } },
{ "type": "Feature", "properties": { "name": null, "highway": "secondary_link" }, "geometry": { "type": "LineString", "coordinates": [ [ 73.0748111, 19.06934 ], [ 73.0748043, 19.0692293 ] ] } },
{ "type": "Feature", "properties": { "name": null, "highway": "residential" }, "geometry": { "type": "LineString", "coordinates": [ [ 73.0607872, 19.0657486 ], [ 73.0610685, 19.0657781 ] ] } },
{ "type": "Feature", "properties": { "name": null, "highway": "residential" }, "geometry": { "type": "LineString", "coordinates": [ [ 73.0788089, 19.0717601 ], [ 73.0788927, 19.0717434 ], [ 73.0792084, 19.0716806 ] ] } },
{ "type": "Feature", "properties": { "name": null, "highway": "residential" }, "geometry": { "type": "LineString", "coordinates": [ [ 73.07887, 19.0720298 ], [ 73.0789346, 19.0720183 ], [ 73.0789456, 19.0720159 ], [ 73.0790172, 19.0720001 ] ] } },
{ "type": "Feature", "properties": { "name": null, "highway": "service" }, "geometry": { "type": "LineString", "coordinates": [ [ 73.0642048, 19.0629526 ], [ 73.0643873, 19.0635115 ] ] } },
{ "type": "Feature", "properties": { "name": null, "highway": "service" }, "geometry": { "type": "LineString", "coordinates": [ [ 73.0622544, 19.0661782 ], [ 73.0629216, 19.0663545 ], [ 73.0629593, 19.0663871 ], [ 73.0629903, 19.0664307 ], [ 73.0630119, 19.0664977 ], [ 73.0629282, 19.0668536 ], [ 73.0629062, 19.0668878 ], [ 73.0628695, 19.0669153 ], [ 73.0628219, 19.0669362 ], [ 73.0627484, 19.0669454 ], [ 73.0626733, 19.0669394 ], [ 73.0624902, 19.0668887 ], [ 73.0623023, 19.0668367 ] ] } },
{ "type": "Feature", "properties": { "name": null, "highway": "service" }, "geometry": { "type": "LineString", "coordinates": [ [ 73.0624902, 19.0668887 ], [ 73.0624615, 19.0671849 ], [ 73.0624503, 19.06744 ], [ 73.0624503, 19.0675212 ], [ 73.062445, 19.0676006 ], [ 73.0625254, 19.0677274 ] ] } },
{ "type": "Feature", "properties": { "name": null, "highway": "construction" }, "geometry": { "type": "LineString", "coordinates": [ [ 73.0787185, 19.0464181 ], [ 73.0778678, 19.0471655 ] ] } },
{ "type": "Feature", "properties": { "name": null, "highway": "residential" }, "geometry": { "type": "LineString", "coordinates": [ [ 73.073103, 19.037265 ], [ 73.0730047, 19.037353 ], [ 73.0729215, 19.0373866 ], [ 73.0728651, 19.0373805 ], [ 73.0727399, 19.0373611 ], [ 73.0726186, 19.0373593 ] ] } },
{ "type": "Feature", "properties": { "name": null, "highway": "tertiary" }, "geometry": { "type": "LineString", "coordinates": [ [ 73.0774398, 19.0431304 ], [ 73.077515, 19.043066 ] ] } },
{ "type": "Feature", "properties": { "name": null, "highway": "tertiary" }, "geometry": { "type": "LineString", "coordinates": [ [ 73.0774476, 19.0429871 ], [ 73.077366, 19.0430476 ] ] } },
{ "type": "Feature", "properties": { "name": null, "highway": "service" }, "geometry": { "type": "LineString", "coordinates": [ [ 73.0895263, 19.0210003 ], [ 73.0894288, 19.021045 ], [ 73.0893109, 19.0210891 ], [ 73.0892232, 19.02111 ], [ 73.0891633, 19.0211114 ], [ 73.0891, 19.0211124 ] ] } },
{ "type": "Feature", "properties": { "name": null, "highway": "service" }, "geometry": { "type": "LineString", "coordinates": [ [ 73.0891633, 19.0211114 ], [ 73.0891515, 19.0210383 ], [ 73.089144, 19.0210008 ], [ 73.0891139, 19.0209582 ] ] } },
{ "type": "Feature", "properties": { "name": null, "highway": "residential" }, "geometry": { "type": "LineString", "coordinates": [ [ 73.0851178, 19.0189134 ], [ 73.0850268, 19.018971 ], [ 73.0849942, 19.0189847 ], [ 73.0848444, 19.0190988 ], [ 73.084844, 19.0191193 ], [ 73.0852313, 19.019598 ], [ 73.0852577, 19.0196076 ], [ 73.0853145, 19.0195916 ], [ 73.0854034, 19.0195172 ], [ 73.0855266, 19.019414 ] ] } },
{ "type": "Feature", "properties": { "name": "Mansarovar Station Road", "highway": "secondary" }, "geometry": { "type": "LineString", "coordinates": [ [ 73.0875742, 19.0185821 ], [ 73.0882072, 19.0193269 ], [ 73.0886497, 19.0198871 ] ] } },
{ "type": "Feature", "properties": { "name": null, "highway": "secondary_link" }, "geometry": { "type": "LineString", "coordinates": [ [ 73.087683, 19.0185032 ], [ 73.0875742, 19.0185821 ] ] } },
{ "type": "Feature", "properties": { "name": null, "highway": "service" }, "geometry": { "type": "LineString", "coordinates": [ [ 73.0649597, 19.0529617 ], [ 73.0650729, 19.0529704 ], [ 73.0651792, 19.0529753 ], [ 73.0652056, 19.0529619 ], [ 73.0652154, 19.0528709 ], [ 73.0652269, 19.0528545 ], [ 73.0652487, 19.0528508 ], [ 73.0657045, 19.052873 ], [ 73.0664679, 19.0529454 ], [ 73.0664945, 19.0529568 ], [ 73.0665108, 19.052978 ], [ 73.0665229, 19.0530239 ], [ 73.0664962, 19.0532818 ], [ 73.0664851, 19.0532985 ], [ 73.0664576, 19.0533054 ], [ 73.0663146, 19.0532927 ], [ 73.0662564, 19.0537631 ] ] } },
{ "type": "Feature", "properties": { "name": null, "highway": "service" }, "geometry": { "type": "LineString", "coordinates": [ [ 73.0663343, 19.0549765 ], [ 73.0663384, 19.0549407 ], [ 73.0664657, 19.0538254 ], [ 73.0664535, 19.0537941 ], [ 73.0664189, 19.0537792 ], [ 73.0662564, 19.0537631 ] ] } },
{ "type": "Feature", "properties": { "name": null, "highway": "service" }, "geometry": { "type": "LineString", "coordinates": [ [ 73.0656688, 19.0548908 ], [ 73.0656714, 19.0548496 ], [ 73.065673, 19.0548098 ] ] } },
{ "type": "Feature", "properties": { "name": null, "highway": "service" }, "geometry": { "type": "LineString", "coordinates": [ [ 73.0650378, 19.054764 ], [ 73.065673, 19.0548098 ] ] } },
{ "type": "Feature", "properties": { "name": null, "highway": "service" }, "geometry": { "type": "LineString", "coordinates": [ [ 73.065673, 19.0548098 ], [ 73.066047, 19.0548451 ] ] } },
{ "type": "Feature", "properties": { "name": null, "highway": "service" }, "geometry": { "type": "LineString", "coordinates": [ [ 73.0651424, 19.0536559 ], [ 73.0662564, 19.0537631 ] ] } },
{ "type": "Feature", "properties": { "name": null, "highway": "service" }, "geometry": { "type": "LineString", "coordinates": [ [ 73.0651579, 19.0534867 ], [ 73.0651716, 19.0533375 ] ] } },
{ "type": "Feature", "properties": { "name": null, "highway": "service" }, "geometry": { "type": "LineString", "coordinates": [ [ 73.0651716, 19.0533375 ], [ 73.0651809, 19.0532353 ] ] } },
{ "type": "Feature", "properties": { "name": null, "highway": "service" }, "geometry": { "type": "LineString", "coordinates": [ [ 73.065024, 19.0539543 ], [ 73.065084, 19.0534092 ], [ 73.0651044, 19.0532241 ] ] } },
{ "type": "Feature", "properties": { "name": null, "highway": "service" }, "geometry": { "type": "LineString", "coordinates": [ [ 73.0649199, 19.0533972 ], [ 73.065016, 19.0534042 ], [ 73.065084, 19.0534092 ] ] } },
{ "type": "Feature", "properties": { "name": null, "highway": "residential" }, "geometry": { "type": "LineString", "coordinates": [ [ 73.0896386, 19.0360785 ], [ 73.089671, 19.0361346 ], [ 73.089691, 19.0361722 ], [ 73.0898568, 19.0364835 ], [ 73.0898792, 19.0364925 ], [ 73.0900407, 19.0364215 ], [ 73.0900495, 19.0363998 ], [ 73.0898859, 19.0360842 ], [ 73.0898663, 19.0360465 ], [ 73.0898322, 19.0359872 ] ] } },
{ "type": "Feature", "properties": { "name": null, "highway": "residential" }, "geometry": { "type": "LineString", "coordinates": [ [ 73.089691, 19.0361722 ], [ 73.0898859, 19.0360842 ] ] } },
{ "type": "Feature", "properties": { "name": null, "highway": "tertiary_link" }, "geometry": { "type": "LineString", "coordinates": [ [ 73.0818072, 19.0681126 ], [ 73.0818589, 19.0682073 ] ] } },
{ "type": "Feature", "properties": { "name": null, "highway": "residential" }, "geometry": { "type": "LineString", "coordinates": [ [ 73.0822459, 19.0680718 ], [ 73.0821959, 19.0679767 ] ] } },
{ "type": "Feature", "properties": { "name": null, "highway": "residential" }, "geometry": { "type": "LineString", "coordinates": [ [ 73.0701635, 19.0397515 ], [ 73.0701612, 19.0397196 ], [ 73.0701304, 19.0392954 ], [ 73.0701393, 19.0392686 ], [ 73.0701622, 19.0392525 ], [ 73.0703825, 19.0392218 ], [ 73.0704544, 19.0392088 ] ] } },
{ "type": "Feature", "properties": { "name": null, "highway": "secondary_link" }, "geometry": { "type": "LineString", "coordinates": [ [ 73.0859066, 19.0333247 ], [ 73.085991, 19.0332848 ] ] } },
{ "type": "Feature", "properties": { "name": null, "highway": "residential" }, "geometry": { "type": "LineString", "coordinates": [ [ 73.0900095, 19.0128864 ], [ 73.0899983, 19.0129746 ], [ 73.0899511, 19.0130496 ], [ 73.0898792, 19.0131136 ], [ 73.089802, 19.0131643 ], [ 73.089728, 19.0131622 ], [ 73.0896722, 19.0131196 ], [ 73.0892846, 19.0126451 ], [ 73.0892859, 19.0126114 ], [ 73.0897031, 19.0122037 ], [ 73.0897612, 19.0121469 ] ] } },
{ "type": "Feature", "properties": { "name": null, "highway": "residential" }, "geometry": { "type": "LineString", "coordinates": [ [ 73.0900095, 19.0128864 ], [ 73.0900149, 19.0128535 ], [ 73.090025, 19.0128222 ], [ 73.0900498, 19.0127935 ], [ 73.0900875, 19.0127361 ], [ 73.0900995, 19.0126578 ], [ 73.0901124, 19.0125378 ], [ 73.0900931, 19.0124882 ], [ 73.0900544, 19.0124569 ], [ 73.0900075, 19.0124317 ], [ 73.0899702, 19.0124162 ], [ 73.0899209, 19.0124123 ], [ 73.0898868, 19.0124129 ], [ 73.0898665, 19.0124003 ] ] } },
{ "type": "Feature", "properties": { "name": null, "highway": "residential" }, "geometry": { "type": "LineString", "coordinates": [ [ 73.089956, 19.0122987 ], [ 73.0898895, 19.0123747 ], [ 73.0898823, 19.0123827 ], [ 73.0898665, 19.0124003 ], [ 73.0898549, 19.0124123 ] ] } },
{ "type": "Feature", "properties": { "name": null, "highway": "residential" }, "geometry": { "type": "LineString", "coordinates": [ [ 73.0854009, 19.0185734 ], [ 73.0855022, 19.0187113 ], [ 73.0855539, 19.0187818 ], [ 73.0859177, 19.0193054 ], [ 73.0859167, 19.0193365 ], [ 73.0858797, 19.0194084 ], [ 73.0858491, 19.0194609 ], [ 73.0857418, 19.0195304 ], [ 73.0856576, 19.0195849 ] ] } },
{ "type": "Feature", "properties": { "name": null, "highway": "service" }, "geometry": { "type": "LineString", "coordinates": [ [ 73.0743633, 19.0438759 ], [ 73.0744142, 19.043831 ], [ 73.074317, 19.0435895 ], [ 73.0738795, 19.0425023 ] ] } },
{ "type": "Feature", "properties": { "name": null, "highway": "service" }, "geometry": { "type": "LineString", "coordinates": [ [ 73.0742752, 19.0439536 ], [ 73.0743447, 19.0438923 ], [ 73.0743633, 19.0438759 ] ] } },
{ "type": "Feature", "properties": { "name": null, "highway": "service" }, "geometry": { "type": "LineString", "coordinates": [ [ 73.0737413, 19.0436738 ], [ 73.074317, 19.0435895 ] ] } },
{ "type": "Feature", "properties": { "name": null, "highway": "service" }, "geometry": { "type": "LineString", "coordinates": [ [ 73.0688486, 19.0306384 ], [ 73.0689215, 19.0306651 ] ] } },
{ "type": "Feature", "properties": { "name": null, "highway": "secondary_link" }, "geometry": { "type": "LineString", "coordinates": [ [ 73.0723146, 19.0419071 ], [ 73.0723905, 19.0419025 ] ] } },
{ "type": "Feature", "properties": { "name": null, "highway": "service" }, "geometry": { "type": "LineString", "coordinates": [ [ 73.0681566, 19.0386065 ], [ 73.0679852, 19.0384054 ] ] } },
{ "type": "Feature", "properties": { "name": null, "highway": "service" }, "geometry": { "type": "LineString", "coordinates": [ [ 73.0682611, 19.0387291 ], [ 73.0681566, 19.0386065 ] ] } },
{ "type": "Feature", "properties": { "name": null, "highway": "service" }, "geometry": { "type": "LineString", "coordinates": [ [ 73.0682728, 19.0387429 ], [ 73.0682611, 19.0387291 ] ] } },
{ "type": "Feature", "properties": { "name": null, "highway": "service" }, "geometry": { "type": "LineString", "coordinates": [ [ 73.0688189, 19.0383142 ], [ 73.0687187, 19.0381831 ] ] } },
{ "type": "Feature", "properties": { "name": null, "highway": "service" }, "geometry": { "type": "LineString", "coordinates": [ [ 73.0688309, 19.0383299 ], [ 73.0688189, 19.0383142 ] ] } },
{ "type": "Feature", "properties": { "name": null, "highway": "residential" }, "geometry": { "type": "LineString", "coordinates": [ [ 73.0790353, 19.0489747 ], [ 73.0788587, 19.0488204 ], [ 73.0788464, 19.0487958 ], [ 73.0788474, 19.048774 ], [ 73.0788582, 19.0487407 ], [ 73.0788783, 19.0487189 ], [ 73.0791195, 19.0485173 ], [ 73.079188, 19.04846 ] ] } },
{ "type": "Feature", "properties": { "name": null, "highway": "residential" }, "geometry": { "type": "LineString", "coordinates": [ [ 73.0792241, 19.0491396 ], [ 73.0791205, 19.049051 ], [ 73.0790828, 19.0490188 ] ] } },
{ "type": "Feature", "properties": { "name": null, "highway": "residential" }, "geometry": { "type": "LineString", "coordinates": [ [ 73.0812141, 19.0466516 ], [ 73.081202, 19.0464648 ], [ 73.0811982, 19.0464061 ] ] } },
{ "type": "Feature", "properties": { "name": null, "highway": "residential" }, "geometry": { "type": "LineString", "coordinates": [ [ 73.0812195, 19.0467026 ], [ 73.0815205, 19.0466725 ], [ 73.0816054, 19.046664 ] ] } },
{ "type": "Feature", "properties": { "name": null, "highway": "residential" }, "geometry": { "type": "LineString", "coordinates": [ [ 73.0830584, 19.0459724 ], [ 73.082829, 19.0460007 ], [ 73.0826094, 19.0460279 ], [ 73.0823884, 19.046057 ] ] } },
{ "type": "Feature", "properties": { "name": null, "highway": "residential" }, "geometry": { "type": "LineString", "coordinates": [ [ 73.0825633, 19.0455456 ], [ 73.0825576, 19.0454852 ], [ 73.0825383, 19.0452822 ], [ 73.0825233, 19.0452565 ] ] } },
{ "type": "Feature", "properties": { "name": null, "highway": "residential" }, "geometry": { "type": "LineString", "coordinates": [ [ 73.0823344, 19.0455679 ], [ 73.0825633, 19.0455456 ] ] } },
{ "type": "Feature", "properties": { "name": null, "highway": "residential" }, "geometry": { "type": "LineString", "coordinates": [ [ 73.082582, 19.045741 ], [ 73.0823565, 19.0457684 ] ] } },
{ "type": "Feature", "properties": { "name": null, "highway": "residential" }, "geometry": { "type": "LineString", "coordinates": [ [ 73.082582, 19.045741 ], [ 73.0825633, 19.0455456 ] ] } },
{ "type": "Feature", "properties": { "name": null, "highway": "residential" }, "geometry": { "type": "LineString", "coordinates": [ [ 73.0828518, 19.0456163 ], [ 73.0830177, 19.045601 ] ] } },
{ "type": "Feature", "properties": { "name": null, "highway": "residential" }, "geometry": { "type": "LineString", "coordinates": [ [ 73.0825576, 19.0454852 ], [ 73.0827052, 19.0454713 ], [ 73.0827289, 19.0454606 ], [ 73.0827421, 19.0454338 ], [ 73.0827271, 19.0452618 ], [ 73.0827279, 19.0452525 ], [ 73.0827352, 19.0452388 ], [ 73.0827622, 19.045225 ], [ 73.0829263, 19.0452063 ], [ 73.0829573, 19.0452152 ], [ 73.0829784, 19.0452533 ], [ 73.0829919, 19.0453724 ], [ 73.0830177, 19.045601 ], [ 73.0830584, 19.0459724 ], [ 73.083073, 19.0461042 ] ] } },
{ "type": "Feature", "properties": { "name": null, "highway": "residential" }, "geometry": { "type": "LineString", "coordinates": [ [ 73.0825865, 19.0457885 ], [ 73.0827742, 19.0457741 ], [ 73.0828016, 19.0457857 ], [ 73.0828101, 19.0458152 ], [ 73.082829, 19.0460007 ] ] } },
{ "type": "Feature", "properties": { "name": null, "highway": "residential" }, "geometry": { "type": "LineString", "coordinates": [ [ 73.083453, 19.0455439 ], [ 73.0836455, 19.0455257 ] ] } },
{ "type": "Feature", "properties": { "name": null, "highway": "residential" }, "geometry": { "type": "LineString", "coordinates": [ [ 73.0834113, 19.0451834 ], [ 73.0834165, 19.0451706 ], [ 73.0834307, 19.0451562 ], [ 73.0834452, 19.0451515 ], [ 73.0836229, 19.0451362 ], [ 73.0836351, 19.0451382 ], [ 73.0836434, 19.0451455 ], [ 73.0836457, 19.0451543 ], [ 73.0836594, 19.0453311 ], [ 73.0836628, 19.0453417 ], [ 73.0836679, 19.0453463 ], [ 73.0836747, 19.0453485 ], [ 73.0838676, 19.0453345 ], [ 73.083846, 19.0451263 ], [ 73.0838488, 19.0451163 ], [ 73.0838563, 19.045107 ], [ 73.0838646, 19.0451023 ], [ 73.083875, 19.0451006 ], [ 73.0840698, 19.0450806 ], [ 73.0840923, 19.0450852 ], [ 73.0840993, 19.0450928 ], [ 73.0841037, 19.0451041 ], [ 73.0841067, 19.0451251 ] ] } },
{ "type": "Feature", "properties": { "name": null, "highway": "residential" }, "geometry": { "type": "LineString", "coordinates": [ [ 73.0838676, 19.0453345 ], [ 73.083874, 19.0453846 ], [ 73.0839005, 19.0455935 ], [ 73.0839065, 19.045641 ], [ 73.0839384, 19.045892 ] ] } },
{ "type": "Feature", "properties": { "name": null, "highway": "residential" }, "geometry": { "type": "LineString", "coordinates": [ [ 73.0834992, 19.0459443 ], [ 73.0837266, 19.0459172 ], [ 73.0839384, 19.045892 ], [ 73.084176, 19.0458637 ] ] } },
{ "type": "Feature", "properties": { "name": null, "highway": "residential" }, "geometry": { "type": "LineString", "coordinates": [ [ 73.0837266, 19.0459172 ], [ 73.0837059, 19.0456796 ], [ 73.0837064, 19.045671 ], [ 73.0837103, 19.0456641 ], [ 73.0837178, 19.0456602 ], [ 73.0839065, 19.045641 ] ] } },
{ "type": "Feature", "properties": { "name": null, "highway": "residential" }, "geometry": { "type": "LineString", "coordinates": [ [ 73.0837773, 19.0460252 ], [ 73.0837907, 19.046137 ], [ 73.0838172, 19.0463568 ], [ 73.0838323, 19.0463774 ], [ 73.0838569, 19.0463809 ], [ 73.0839779, 19.0463684 ], [ 73.0840005, 19.0463532 ], [ 73.0840005, 19.0463309 ], [ 73.0839772, 19.046114 ], [ 73.0839654, 19.0460041 ] ] } },
{ "type": "Feature", "properties": { "name": null, "highway": "residential" }, "geometry": { "type": "LineString", "coordinates": [ [ 73.0835288, 19.0461675 ], [ 73.0837907, 19.046137 ] ] } },
{ "type": "Feature", "properties": { "name": null, "highway": "residential" }, "geometry": { "type": "LineString", "coordinates": [ [ 73.0839772, 19.046114 ], [ 73.0841971, 19.0460849 ] ] } },
{ "type": "Feature", "properties": { "name": null, "highway": "residential" }, "geometry": { "type": "LineString", "coordinates": [ [ 73.0835381, 19.0468914 ], [ 73.083545, 19.0469607 ], [ 73.0835583, 19.046975 ], [ 73.0835743, 19.0469795 ], [ 73.0837463, 19.046958 ], [ 73.0837662, 19.0469518 ], [ 73.0837756, 19.0469375 ], [ 73.0837395, 19.0466163 ] ] } },
{ "type": "Feature", "properties": { "name": null, "highway": "residential" }, "geometry": { "type": "LineString", "coordinates": [ [ 73.0829761, 19.0466392 ], [ 73.0831343, 19.0466192 ] ] } },
{ "type": "Feature", "properties": { "name": null, "highway": "residential" }, "geometry": { "type": "LineString", "coordinates": [ [ 73.0824199, 19.0462859 ], [ 73.0826757, 19.0462624 ], [ 73.0828663, 19.0462452 ], [ 73.0830856, 19.0462253 ] ] } },
{ "type": "Feature", "properties": { "name": null, "highway": "residential" }, "geometry": { "type": "LineString", "coordinates": [ [ 73.0824818, 19.0467829 ], [ 73.0827314, 19.0467498 ] ] } },
{ "type": "Feature", "properties": { "name": null, "highway": "residential" }, "geometry": { "type": "LineString", "coordinates": [ [ 73.0824573, 19.0465967 ], [ 73.0827104, 19.0465652 ] ] } },
{ "type": "Feature", "properties": { "name": null, "highway": "residential" }, "geometry": { "type": "LineString", "coordinates": [ [ 73.0827055, 19.0465226 ], [ 73.0828658, 19.0465089 ], [ 73.0828767, 19.046504 ], [ 73.082886, 19.0464966 ], [ 73.0828917, 19.0464858 ], [ 73.0828933, 19.0464733 ], [ 73.0828663, 19.0462452 ] ] } },
{ "type": "Feature", "properties": { "name": null, "highway": "residential" }, "geometry": { "type": "LineString", "coordinates": [ [ 73.0817912, 19.046248 ], [ 73.0823269, 19.0461879 ], [ 73.0823635, 19.0461838 ] ] } },
{ "type": "Feature", "properties": { "name": null, "highway": "residential" }, "geometry": { "type": "LineString", "coordinates": [ [ 73.0839005, 19.0455935 ], [ 73.0841485, 19.0455701 ] ] } },
{ "type": "Feature", "properties": { "name": null, "highway": "residential" }, "geometry": { "type": "LineString", "coordinates": [ [ 73.083874, 19.0453846 ], [ 73.0841285, 19.0453573 ] ] } },
{ "type": "Feature", "properties": { "name": null, "highway": "residential" }, "geometry": { "type": "LineString", "coordinates": [ [ 73.0823269, 19.0461879 ], [ 73.0823226, 19.0461401 ], [ 73.0822997, 19.0458824 ], [ 73.0822972, 19.0458675 ], [ 73.0822907, 19.0458579 ], [ 73.0822736, 19.0458523 ], [ 73.0822536, 19.0458528 ], [ 73.0819355, 19.0458872 ], [ 73.0817468, 19.0459076 ] ] } },
{ "type": "Feature", "properties": { "name": null, "highway": "residential" }, "geometry": { "type": "LineString", "coordinates": [ [ 73.0811603, 19.0475782 ], [ 73.0811228, 19.0472023 ], [ 73.0811153, 19.0471271 ] ] } },
{ "type": "Feature", "properties": { "name": null, "highway": "residential" }, "geometry": { "type": "LineString", "coordinates": [ [ 73.0815439, 19.047468 ], [ 73.0815213, 19.0472597 ], [ 73.081518, 19.0472403 ], [ 73.0815074, 19.0472284 ], [ 73.0814955, 19.0472284 ], [ 73.081214, 19.0472579 ], [ 73.0811994, 19.0472672 ], [ 73.0811921, 19.0472848 ], [ 73.081214, 19.047519 ], [ 73.0812213, 19.0475371 ], [ 73.0812312, 19.0475471 ], [ 73.0812484, 19.0475534 ], [ 73.0815879, 19.0475124 ], [ 73.0817174, 19.0474968 ] ] } },
{ "type": "Feature", "properties": { "name": null, "highway": "residential" }, "geometry": { "type": "LineString", "coordinates": [ [ 73.0817401, 19.0458565 ], [ 73.0819244, 19.0458386 ], [ 73.0821948, 19.0458124 ], [ 73.0822122, 19.0458053 ], [ 73.082222, 19.045796 ], [ 73.0822247, 19.0457876 ], [ 73.0822074, 19.0455989 ], [ 73.0822028, 19.0455875 ], [ 73.082193, 19.0455801 ], [ 73.0821824, 19.045578 ], [ 73.0819005, 19.0456088 ], [ 73.0817105, 19.0456295 ] ] } },
{ "type": "Feature", "properties": { "name": null, "highway": "residential" }, "geometry": { "type": "LineString", "coordinates": [ [ 73.0815787, 19.0444965 ], [ 73.0816978, 19.0444814 ], [ 73.0819711, 19.0444465 ], [ 73.0819883, 19.0444428 ], [ 73.0819995, 19.044433 ], [ 73.0820015, 19.0444224 ], [ 73.081976, 19.0442412 ], [ 73.0819701, 19.0442286 ], [ 73.0819613, 19.0442212 ], [ 73.0819461, 19.0442184 ], [ 73.0816638, 19.0442497 ], [ 73.0815489, 19.0442624 ] ] } },
{ "type": "Feature", "properties": { "name": null, "highway": "residential" }, "geometry": { "type": "LineString", "coordinates": [ [ 73.0817017, 19.0455645 ], [ 73.0818369, 19.0455523 ], [ 73.0822265, 19.0455172 ], [ 73.0822417, 19.0455107 ], [ 73.0822457, 19.0454986 ], [ 73.0822167, 19.0452295 ], [ 73.0822097, 19.0451649 ] ] } },
{ "type": "Feature", "properties": { "name": null, "highway": "residential" }, "geometry": { "type": "LineString", "coordinates": [ [ 73.0765047, 19.0333548 ], [ 73.0764816, 19.0333311 ], [ 73.0764705, 19.0333197 ], [ 73.0762271, 19.0330859 ], [ 73.0762208, 19.0330697 ], [ 73.0762208, 19.0330599 ], [ 73.0762266, 19.0330493 ], [ 73.0763237, 19.0329649 ], [ 73.076337, 19.0329589 ], [ 73.0763497, 19.0329617 ], [ 73.0764337, 19.033044 ], [ 73.0765995, 19.0332061 ] ] } },
{ "type": "Feature", "properties": { "name": null, "highway": "residential" }, "geometry": { "type": "LineString", "coordinates": [ [ 73.0764337, 19.033044 ], [ 73.0765942, 19.0329022 ], [ 73.0766186, 19.0328807 ], [ 73.076666, 19.0328388 ] ] } },
{ "type": "Feature", "properties": { "name": null, "highway": "residential" }, "geometry": { "type": "LineString", "coordinates": [ [ 73.0765942, 19.0329022 ], [ 73.0767415, 19.0330479 ], [ 73.0767459, 19.0330618 ], [ 73.0767449, 19.0330752 ], [ 73.0767371, 19.0330849 ], [ 73.0765995, 19.0332061 ], [ 73.0764705, 19.0333197 ] ] } },
{ "type": "Feature", "properties": { "name": null, "highway": "residential" }, "geometry": { "type": "LineString", "coordinates": [ [ 73.0764888, 19.0333712 ], [ 73.0764599, 19.0333962 ], [ 73.0764311, 19.0334213 ], [ 73.0762655, 19.033568 ], [ 73.0762439, 19.0335731 ], [ 73.0762214, 19.0335694 ], [ 73.0760311, 19.0333891 ], [ 73.0760213, 19.0333738 ], [ 73.0760179, 19.0333562 ], [ 73.0760189, 19.0333303 ], [ 73.0761591, 19.0331996 ], [ 73.0761777, 19.0331954 ], [ 73.0761949, 19.0332014 ], [ 73.0764311, 19.0334213 ] ] } },
{ "type": "Feature", "properties": { "name": null, "highway": "residential" }, "geometry": { "type": "LineString", "coordinates": [ [ 73.0755684, 19.0330519 ], [ 73.0755823, 19.0330662 ] ] } },
{ "type": "Feature", "properties": { "name": null, "highway": "residential" }, "geometry": { "type": "LineString", "coordinates": [ [ 73.0745452, 19.034217 ], [ 73.0747296, 19.0343876 ], [ 73.0747443, 19.0343932 ], [ 73.074757, 19.0343932 ], [ 73.0747698, 19.0343881 ], [ 73.0748769, 19.034292 ], [ 73.0749438, 19.034232 ] ] } },
{ "type": "Feature", "properties": { "name": null, "highway": "residential" }, "geometry": { "type": "LineString", "coordinates": [ [ 73.07458, 19.0341429 ], [ 73.0746585, 19.0340753 ], [ 73.074728, 19.0340155 ] ] } },
{ "type": "Feature", "properties": { "name": null, "highway": "residential" }, "geometry": { "type": "LineString", "coordinates": [ [ 73.0753629, 19.0342455 ], [ 73.0752533, 19.0343471 ], [ 73.075216, 19.0343803 ] ] } },
{ "type": "Feature", "properties": { "name": null, "highway": "residential" }, "geometry": { "type": "LineString", "coordinates": [ [ 73.0741843, 19.0341706 ], [ 73.0741892, 19.0341604 ], [ 73.0742063, 19.0341447 ], [ 73.0742336, 19.0341225 ] ] } },
{ "type": "Feature", "properties": { "name": null, "highway": "residential" }, "geometry": { "type": "LineString", "coordinates": [ [ 73.0750576, 19.0342191 ], [ 73.0749922, 19.0342806 ], [ 73.0748294, 19.0344312 ], [ 73.0748142, 19.0344478 ], [ 73.0747975, 19.0344529 ], [ 73.074774, 19.0344483 ], [ 73.0747294, 19.0344339 ], [ 73.0746529, 19.0344228 ], [ 73.0745519, 19.0344126 ], [ 73.0745072, 19.0343964 ], [ 73.0744751, 19.0343773 ], [ 73.074336, 19.0342305 ], [ 73.0742336, 19.0341225 ], [ 73.074183, 19.0340692 ] ] } },
{ "type": "Feature", "properties": { "name": null, "highway": "residential" }, "geometry": { "type": "LineString", "coordinates": [ [ 73.0744469, 19.0343975 ], [ 73.0744527, 19.0343933 ], [ 73.0744751, 19.0343773 ] ] } },
{ "type": "Feature", "properties": { "name": null, "highway": "residential" }, "geometry": { "type": "LineString", "coordinates": [ [ 73.0744751, 19.0343773 ], [ 73.0744901, 19.0343659 ], [ 73.0745052, 19.0343545 ] ] } },
{ "type": "Feature", "properties": { "name": null, "highway": "residential" }, "geometry": { "type": "LineString", "coordinates": [ [ 73.074336, 19.0342305 ], [ 73.0743499, 19.0342193 ], [ 73.0743637, 19.0342081 ] ] } },
{ "type": "Feature", "properties": { "name": null, "highway": "residential" }, "geometry": { "type": "LineString", "coordinates": [ [ 73.073354, 19.0346682 ], [ 73.0733949, 19.0347184 ], [ 73.0734915, 19.0348372 ], [ 73.0735013, 19.0348414 ], [ 73.0735111, 19.0348423 ], [ 73.073594, 19.0347881 ] ] } },
{ "type": "Feature", "properties": { "name": null, "highway": "residential" }, "geometry": { "type": "LineString", "coordinates": [ [ 73.066234, 19.0309365 ], [ 73.066467, 19.0310999 ], [ 73.0665734, 19.0311736 ] ] } },
{ "type": "Feature", "properties": { "name": null, "highway": "residential" }, "geometry": { "type": "LineString", "coordinates": [ [ 73.065799, 19.0309384 ], [ 73.0659481, 19.0310434 ], [ 73.0659819, 19.0310638 ], [ 73.0660118, 19.0310661 ], [ 73.0660383, 19.0310633 ], [ 73.0660643, 19.0310475 ], [ 73.0661643, 19.0309284 ], [ 73.0661903, 19.0309182 ], [ 73.0662136, 19.0309222 ], [ 73.066234, 19.0309365 ] ] } },
{ "type": "Feature", "properties": { "name": null, "highway": "residential" }, "geometry": { "type": "LineString", "coordinates": [ [ 73.0717041, 19.0384735 ], [ 73.0717069, 19.038507 ], [ 73.0717083, 19.0385242 ], [ 73.071733, 19.0388153 ], [ 73.0717384, 19.0388265 ], [ 73.0717492, 19.0388306 ], [ 73.0719409, 19.0388102 ], [ 73.0719551, 19.0388051 ], [ 73.071961, 19.0387963 ], [ 73.0720463, 19.0385678 ], [ 73.0720517, 19.0385442 ], [ 73.0720527, 19.0385312 ], [ 73.0720486, 19.0384854 ], [ 73.0720473, 19.0384711 ], [ 73.0720446, 19.0384405 ] ] } },
{ "type": "Feature", "properties": { "name": null, "highway": "residential" }, "geometry": { "type": "LineString", "coordinates": [ [ 73.0717083, 19.0385242 ], [ 73.0720486, 19.0384854 ] ] } },
{ "type": "Feature", "properties": { "name": null, "highway": "residential" }, "geometry": { "type": "LineString", "coordinates": [ [ 73.0713532, 19.0382332 ], [ 73.0713953, 19.0382292 ], [ 73.0714202, 19.0382269 ], [ 73.0715394, 19.0382156 ], [ 73.0715491, 19.0382189 ], [ 73.0715533, 19.038226 ], [ 73.0715536, 19.0382344 ], [ 73.0715682, 19.0384168 ], [ 73.0715704, 19.038445 ], [ 73.0715737, 19.0384858 ] ] } },
{ "type": "Feature", "properties": { "name": null, "highway": "residential" }, "geometry": { "type": "LineString", "coordinates": [ [ 73.0715682, 19.0384168 ], [ 73.0714562, 19.0384243 ], [ 73.0714447, 19.0384189 ], [ 73.0714385, 19.0384116 ], [ 73.0714363, 19.0384043 ], [ 73.0714202, 19.0382269 ] ] } },
{ "type": "Feature", "properties": { "name": null, "highway": "residential" }, "geometry": { "type": "LineString", "coordinates": [ [ 73.0721928, 19.0356679 ], [ 73.0722943, 19.0355358 ], [ 73.0723031, 19.0355173 ], [ 73.0722977, 19.0354988 ], [ 73.0721477, 19.0353898 ], [ 73.0721276, 19.035382 ], [ 73.072105, 19.0353796 ], [ 73.072081, 19.0353871 ], [ 73.0720565, 19.0354051 ], [ 73.0717982, 19.0356953 ], [ 73.071773, 19.0357227 ] ] } },
{ "type": "Feature", "properties": { "name": null, "highway": "residential" }, "geometry": { "type": "LineString", "coordinates": [ [ 73.0721839, 19.0357106 ], [ 73.0722349, 19.0357069 ], [ 73.0722536, 19.0356999 ], [ 73.0722658, 19.035686 ], [ 73.0723695, 19.0355406 ] ] } },
{ "type": "Feature", "properties": { "name": null, "highway": "residential" }, "geometry": { "type": "LineString", "coordinates": [ [ 73.0723296, 19.0355141 ], [ 73.0723695, 19.0355406 ], [ 73.0723936, 19.0355566 ], [ 73.0724304, 19.0355811 ] ] } },
{ "type": "Feature", "properties": { "name": null, "highway": "residential" }, "geometry": { "type": "LineString", "coordinates": [ [ 73.0726825, 19.0359689 ], [ 73.0726516, 19.0360059 ], [ 73.0726498, 19.0360147 ], [ 73.0726513, 19.0360215 ], [ 73.0726541, 19.0360257 ], [ 73.0726907, 19.036049 ], [ 73.0727059, 19.0360587 ], [ 73.0727764, 19.0361037 ] ] } },
{ "type": "Feature", "properties": { "name": null, "highway": "residential" }, "geometry": { "type": "LineString", "coordinates": [ [ 73.0726301, 19.0361134 ], [ 73.0726382, 19.0361102 ], [ 73.0726445, 19.0361064 ], [ 73.0726907, 19.036049 ] ] } },
{ "type": "Feature", "properties": { "name": null, "highway": "living_street" }, "geometry": { "type": "LineString", "coordinates": [ [ 73.0748462, 19.0354608 ], [ 73.0748937, 19.0354529 ], [ 73.0749133, 19.0354455 ], [ 73.0749261, 19.0354386 ], [ 73.0749629, 19.0354325 ], [ 73.0750285, 19.0354356 ] ] } },
{ "type": "Feature", "properties": { "name": null, "highway": "residential" }, "geometry": { "type": "LineString", "coordinates": [ [ 73.0750285, 19.0354356 ], [ 73.0750197, 19.0353241 ] ] } },
{ "type": "Feature", "properties": { "name": null, "highway": "residential" }, "geometry": { "type": "LineString", "coordinates": [ [ 73.0745204, 19.037425 ], [ 73.074566, 19.0373163 ], [ 73.0745797, 19.0373066 ], [ 73.0745954, 19.0373024 ], [ 73.074945, 19.0372741 ], [ 73.074964, 19.0372809 ], [ 73.0749738, 19.037293 ], [ 73.0749772, 19.0373055 ], [ 73.0749807, 19.0373413 ], [ 73.0750037, 19.0375766 ], [ 73.0749978, 19.0375929 ], [ 73.0749875, 19.0376049 ], [ 73.0749733, 19.0376095 ], [ 73.0749562, 19.0376072 ], [ 73.0747575, 19.0375095 ], [ 73.0745943, 19.0374292 ] ] } },
{ "type": "Feature", "properties": { "name": null, "highway": "residential" }, "geometry": { "type": "LineString", "coordinates": [ [ 73.0747575, 19.0375095 ], [ 73.0748644, 19.0373216 ] ] } },
{ "type": "Feature", "properties": { "name": null, "highway": "residential" }, "geometry": { "type": "LineString", "coordinates": [ [ 73.0748189, 19.0373236 ], [ 73.0748644, 19.0373216 ], [ 73.0749145, 19.0373194 ], [ 73.0749302, 19.0373263 ], [ 73.0749385, 19.0373416 ], [ 73.0749454, 19.0373718 ] ] } },
{ "type": "Feature", "properties": { "name": null, "highway": "residential" }, "geometry": { "type": "LineString", "coordinates": [ [ 73.0749807, 19.0373413 ], [ 73.075011, 19.0373385 ], [ 73.0750477, 19.0373369 ] ] } },
{ "type": "Feature", "properties": { "name": null, "highway": "service" }, "geometry": { "type": "LineString", "coordinates": [ [ 73.0746965, 19.0378546 ], [ 73.0747355, 19.0377947 ], [ 73.0748376, 19.0376377 ] ] } },
{ "type": "Feature", "properties": { "name": null, "highway": "residential" }, "geometry": { "type": "LineString", "coordinates": [ [ 73.0756937, 19.0366302 ], [ 73.0755388, 19.0366423 ], [ 73.0752804, 19.0366621 ], [ 73.0752677, 19.0366551 ], [ 73.0752608, 19.0366454 ], [ 73.0752598, 19.0366343 ], [ 73.0752554, 19.036581 ], [ 73.0752574, 19.0365689 ], [ 73.0752662, 19.0365592 ], [ 73.0753025, 19.0365383 ], [ 73.0753138, 19.0365235 ], [ 73.0753162, 19.0365101 ], [ 73.075304, 19.0363687 ], [ 73.0752961, 19.0363534 ], [ 73.0752853, 19.0363395 ], [ 73.0752362, 19.0362851 ], [ 73.0752214, 19.0362702 ], [ 73.0751962, 19.0362409 ] ] } },
{ "type": "Feature", "properties": { "name": null, "highway": "primary_link" }, "geometry": { "type": "LineString", "coordinates": [ [ 73.0655503, 19.0372055 ], [ 73.0654443, 19.0372839 ] ] } },
{ "type": "Feature", "properties": { "name": null, "highway": "service" }, "geometry": { "type": "LineString", "coordinates": [ [ 73.0713439, 19.0381472 ], [ 73.0712763, 19.0381517 ], [ 73.0711787, 19.0381581 ], [ 73.070479, 19.0382044 ], [ 73.0703961, 19.0382098 ], [ 73.0703516, 19.0382128 ] ] } },
{ "type": "Feature", "properties": { "name": null, "highway": "service" }, "geometry": { "type": "LineString", "coordinates": [ [ 73.0712175, 19.0387021 ], [ 73.0712094, 19.0385889 ], [ 73.0711787, 19.0381581 ] ] } },
{ "type": "Feature", "properties": { "name": null, "highway": "service" }, "geometry": { "type": "LineString", "coordinates": [ [ 73.0712094, 19.0385889 ], [ 73.0712934, 19.0385832 ], [ 73.0713937, 19.0385763 ] ] } },
{ "type": "Feature", "properties": { "name": null, "highway": "service" }, "geometry": { "type": "LineString", "coordinates": [ [ 73.0705055, 19.0385628 ], [ 73.070479, 19.0382044 ] ] } },
{ "type": "Feature", "properties": { "name": null, "highway": "residential" }, "geometry": { "type": "LineString", "coordinates": [ [ 73.070404, 19.041297 ], [ 73.0703981, 19.0413838 ] ] } },
{ "type": "Feature", "properties": { "name": null, "highway": "residential" }, "geometry": { "type": "LineString", "coordinates": [ [ 73.0713341, 19.0413007 ], [ 73.0713203, 19.0413905 ] ] } },
{ "type": "Feature", "properties": { "name": null, "highway": "tertiary" }, "geometry": { "type": "LineString", "coordinates": [ [ 73.0827704, 19.0555989 ], [ 73.0827432, 19.0554049 ], [ 73.0823082, 19.0521127 ], [ 73.0822899, 19.05197 ] ] } },
{ "type": "Feature", "properties": { "name": "Central Park Road", "highway": "primary" }, "geometry": { "type": "LineString", "coordinates": [ [ 73.0825185, 19.0519431 ], [ 73.0824006, 19.051957 ], [ 73.0822899, 19.05197 ] ] } },
{ "type": "Feature", "properties": { "name": null, "highway": "residential" }, "geometry": { "type": "LineString", "coordinates": [ [ 73.0743118, 19.0372765 ], [ 73.0744324, 19.0373674 ], [ 73.0744451, 19.0373715 ], [ 73.0744588, 19.0373715 ], [ 73.0744716, 19.037365 ], [ 73.0744888, 19.0373409 ], [ 73.0744892, 19.0373293 ], [ 73.0744879, 19.0372503 ], [ 73.0744871, 19.0372028 ], [ 73.0744817, 19.0371889 ], [ 73.0744733, 19.0371824 ], [ 73.0744577, 19.0371782 ], [ 73.0743164, 19.0371819 ], [ 73.0743061, 19.037187 ], [ 73.0743008, 19.0371972 ], [ 73.0743012, 19.0372563 ], [ 73.0743037, 19.0372661 ], [ 73.0743074, 19.0372721 ], [ 73.0743118, 19.0372765 ] ] } },
{ "type": "Feature", "properties": { "name": null, "highway": "residential" }, "geometry": { "type": "LineString", "coordinates": [ [ 73.0745281, 19.0372484 ], [ 73.0745105, 19.0372492 ], [ 73.0744879, 19.0372503 ] ] } },
{ "type": "Feature", "properties": { "name": null, "highway": "residential" }, "geometry": { "type": "LineString", "coordinates": [ [ 73.0751643, 19.0357549 ], [ 73.0750524, 19.0358566 ], [ 73.0750327, 19.0358751 ] ] } },
{ "type": "Feature", "properties": { "name": null, "highway": "residential" }, "geometry": { "type": "LineString", "coordinates": [ [ 73.0747903, 19.0361786 ], [ 73.0748001, 19.0362449 ], [ 73.0748604, 19.0364085 ], [ 73.0748761, 19.0364391 ], [ 73.0749163, 19.0364627 ], [ 73.074975, 19.0364752 ] ] } },
{ "type": "Feature", "properties": { "name": null, "highway": "residential" }, "geometry": { "type": "LineString", "coordinates": [ [ 73.0821553, 19.0437405 ], [ 73.0821624, 19.0437998 ], [ 73.0821643, 19.0438156 ], [ 73.0821662, 19.0438314 ], [ 73.0821795, 19.0439461 ], [ 73.0821943, 19.0440744 ], [ 73.08222, 19.044308 ], [ 73.0822609, 19.0446799 ] ] } },
{ "type": "Feature", "properties": { "name": null, "highway": "residential" }, "geometry": { "type": "LineString", "coordinates": [ [ 73.08222, 19.044308 ], [ 73.0822575, 19.0443345 ], [ 73.0826188, 19.0445896 ], [ 73.0826286, 19.0446058 ], [ 73.0826356, 19.0446413 ] ] } },
{ "type": "Feature", "properties": { "name": null, "highway": "residential" }, "geometry": { "type": "LineString", "coordinates": [ [ 73.0826188, 19.0445896 ], [ 73.0827224, 19.0444699 ] ] } },
{ "type": "Feature", "properties": { "name": null, "highway": "residential" }, "geometry": { "type": "LineString", "coordinates": [ [ 73.0822575, 19.0443345 ], [ 73.0823618, 19.0441998 ] ] } },
{ "type": "Feature", "properties": { "name": null, "highway": "residential" }, "geometry": { "type": "LineString", "coordinates": [ [ 73.082249, 19.043939 ], [ 73.0823129, 19.0439815 ], [ 73.0824403, 19.044066 ], [ 73.0824546, 19.0440716 ], [ 73.0824663, 19.0440716 ], [ 73.0824771, 19.044066 ], [ 73.0824997, 19.044041 ], [ 73.0825129, 19.0440368 ], [ 73.0825252, 19.0440387 ], [ 73.0828238, 19.0442551 ], [ 73.0828297, 19.0442649 ], [ 73.0828301, 19.0442769 ], [ 73.0828007, 19.0443205 ], [ 73.0827983, 19.0443302 ], [ 73.0827983, 19.0443381 ], [ 73.0828027, 19.0443469 ], [ 73.0829312, 19.0444359 ], [ 73.0829385, 19.0444461 ], [ 73.0829385, 19.0444605 ], [ 73.0829287, 19.0444753 ], [ 73.0828472, 19.0445645 ] ] } },
{ "type": "Feature", "properties": { "name": null, "highway": "residential" }, "geometry": { "type": "LineString", "coordinates": [ [ 73.0822214, 19.0440947 ], [ 73.0823129, 19.0439815 ] ] } },
{ "type": "Feature", "properties": { "name": null, "highway": "residential" }, "geometry": { "type": "LineString", "coordinates": [ [ 73.0832144, 19.0447025 ], [ 73.0832512, 19.0446987 ], [ 73.0833201, 19.0446915 ] ] } },
{ "type": "Feature", "properties": { "name": null, "highway": "residential" }, "geometry": { "type": "LineString", "coordinates": [ [ 73.074793, 19.0366261 ], [ 73.0748118, 19.0368324 ] ] } },
{ "type": "Feature", "properties": { "name": null, "highway": "residential" }, "geometry": { "type": "LineString", "coordinates": [ [ 73.074467, 19.0367568 ], [ 73.0745724, 19.0367819 ], [ 73.0745984, 19.0368004 ], [ 73.0746052, 19.0368227 ], [ 73.0746068, 19.0368495 ] ] } },
{ "type": "Feature", "properties": { "name": null, "highway": "residential" }, "geometry": { "type": "LineString", "coordinates": [ [ 73.078945, 19.0389443 ], [ 73.0790286, 19.038843 ], [ 73.0792404, 19.0387021 ], [ 73.0794257, 19.0385644 ], [ 73.0795525, 19.0384392 ], [ 73.0797266, 19.0383145 ], [ 73.0798661, 19.0382371 ] ] } },
{ "type": "Feature", "properties": { "name": null, "highway": "residential" }, "geometry": { "type": "LineString", "coordinates": [ [ 73.07852, 19.0396636 ], [ 73.0786607, 19.0398733 ], [ 73.0786919, 19.0399109 ], [ 73.0787319, 19.0399452 ], [ 73.0788939, 19.0400934 ], [ 73.0790047, 19.0402167 ], [ 73.0790691, 19.0403351 ], [ 73.0791353, 19.0404382 ], [ 73.0793272, 19.0407034 ] ] } },
{ "type": "Feature", "properties": { "name": null, "highway": "residential" }, "geometry": { "type": "LineString", "coordinates": [ [ 73.0793513, 19.0407587 ], [ 73.0793794, 19.0407972 ], [ 73.0793996, 19.0408077 ], [ 73.0794228, 19.0408086 ], [ 73.0794704, 19.0408025 ] ] } },
{ "type": "Feature", "properties": { "name": null, "highway": "residential" }, "geometry": { "type": "LineString", "coordinates": [ [ 73.0798736, 19.0403626 ], [ 73.0800145, 19.0404636 ], [ 73.0801425, 19.0405268 ], [ 73.0802987, 19.0405919 ], [ 73.0803727, 19.04063 ] ] } },
{ "type": "Feature", "properties": { "name": null, "highway": "residential" }, "geometry": { "type": "LineString", "coordinates": [ [ 73.0794825, 19.0408513 ], [ 73.079497, 19.0409474 ], [ 73.0795089, 19.0409605 ], [ 73.0795222, 19.0409639 ], [ 73.0795477, 19.0409706 ], [ 73.0800037, 19.0409419 ], [ 73.0806603, 19.0408572 ] ] } },
{ "type": "Feature", "properties": { "name": null, "highway": "residential" }, "geometry": { "type": "LineString", "coordinates": [ [ 73.0803617, 19.0396459 ], [ 73.0804385, 19.0396211 ], [ 73.0805485, 19.0396059 ], [ 73.0806261, 19.039599 ], [ 73.0807111, 19.0395846 ] ] } },
{ "type": "Feature", "properties": { "name": null, "highway": "residential" }, "geometry": { "type": "LineString", "coordinates": [ [ 73.0788685, 19.0387246 ], [ 73.0787966, 19.0386543 ], [ 73.0787407, 19.0385955 ] ] } },
{ "type": "Feature", "properties": { "name": null, "highway": "residential" }, "geometry": { "type": "LineString", "coordinates": [ [ 73.0808331, 19.0405878 ], [ 73.0807513, 19.0405986 ], [ 73.0807257, 19.0406022 ], [ 73.0807059, 19.0406192 ] ] } },
{ "type": "Feature", "properties": { "name": null, "highway": "residential" }, "geometry": { "type": "LineString", "coordinates": [ [ 73.0806412, 19.0406295 ], [ 73.0807059, 19.0406192 ] ] } },
{ "type": "Feature", "properties": { "name": null, "highway": "tertiary" }, "geometry": { "type": "LineString", "coordinates": [ [ 73.0738165, 19.037361 ], [ 73.0737782, 19.0374064 ] ] } },
{ "type": "Feature", "properties": { "name": null, "highway": "tertiary" }, "geometry": { "type": "LineString", "coordinates": [ [ 73.0736198, 19.0375941 ], [ 73.073603, 19.037614 ] ] } },
{ "type": "Feature", "properties": { "name": null, "highway": "residential" }, "geometry": { "type": "LineString", "coordinates": [ [ 73.0725467, 19.0353156 ], [ 73.0727883, 19.0350327 ] ] } },
{ "type": "Feature", "properties": { "name": null, "highway": "service" }, "geometry": { "type": "LineString", "coordinates": [ [ 73.0549749, 19.0261307 ], [ 73.0550936, 19.0259555 ], [ 73.0551088, 19.0259476 ], [ 73.0551269, 19.0259462 ], [ 73.0551421, 19.0259485 ], [ 73.0551699, 19.0259613 ] ] } },
{ "type": "Feature", "properties": { "name": null, "highway": "service" }, "geometry": { "type": "LineString", "coordinates": [ [ 73.0542756, 19.0282866 ], [ 73.0541565, 19.0277457 ] ] } },
{ "type": "Feature", "properties": { "name": null, "highway": "service" }, "geometry": { "type": "LineString", "coordinates": [ [ 73.0542452, 19.0271354 ], [ 73.0545291, 19.0272596 ], [ 73.0545655, 19.0272989 ], [ 73.0545798, 19.0273547 ], [ 73.0545916, 19.0274145 ], [ 73.0546014, 19.0274511 ], [ 73.0546166, 19.0274821 ], [ 73.0546849, 19.0275386 ] ] } },
{ "type": "Feature", "properties": { "name": null, "highway": "residential" }, "geometry": { "type": "LineString", "coordinates": [ [ 73.0565297, 19.0263956 ], [ 73.0564265, 19.0265383 ], [ 73.0562733, 19.0267068 ], [ 73.0561629, 19.0267851 ], [ 73.0559143, 19.0269228 ], [ 73.0558742, 19.0269358 ], [ 73.0557461, 19.0269774 ], [ 73.0556331, 19.027051 ], [ 73.0555001, 19.0272598 ], [ 73.0553419, 19.0277725 ], [ 73.0553208, 19.0278441 ], [ 73.0552071, 19.0283329 ], [ 73.0550978, 19.0288157 ] ] } },
{ "type": "Feature", "properties": { "name": null, "highway": "residential" }, "geometry": { "type": "LineString", "coordinates": [ [ 73.0565297, 19.0263956 ], [ 73.0565969, 19.0263099 ] ] } },
{ "type": "Feature", "properties": { "name": null, "highway": "tertiary" }, "geometry": { "type": "LineString", "coordinates": [ [ 73.0649051, 19.0377307 ], [ 73.0651662, 19.0376464 ], [ 73.065603, 19.0374757 ] ] } },
{ "type": "Feature", "properties": { "name": null, "highway": "residential" }, "geometry": { "type": "LineString", "coordinates": [ [ 73.0753778, 19.0378803 ], [ 73.0753978, 19.0380883 ] ] } },
{ "type": "Feature", "properties": { "name": null, "highway": "residential" }, "geometry": { "type": "LineString", "coordinates": [ [ 73.0753742, 19.0378437 ], [ 73.0753778, 19.0378803 ] ] } },
{ "type": "Feature", "properties": { "name": null, "highway": "residential" }, "geometry": { "type": "LineString", "coordinates": [ [ 73.0754391, 19.0379115 ], [ 73.0753938, 19.0374469 ], [ 73.0753911, 19.0374191 ], [ 73.0753848, 19.0373546 ] ] } },
{ "type": "Feature", "properties": { "name": null, "highway": "residential" }, "geometry": { "type": "LineString", "coordinates": [ [ 73.0758341, 19.0380614 ], [ 73.0758289, 19.0379945 ], [ 73.0757717, 19.0374415 ], [ 73.0757648, 19.0373744 ], [ 73.0757595, 19.0373232 ] ] } },
{ "type": "Feature", "properties": { "name": null, "highway": "residential" }, "geometry": { "type": "LineString", "coordinates": [ [ 73.0754512, 19.0374638 ], [ 73.0757717, 19.0374415 ] ] } },
{ "type": "Feature", "properties": { "name": null, "highway": "residential" }, "geometry": { "type": "LineString", "coordinates": [ [ 73.0753938, 19.0374469 ], [ 73.0754752, 19.0374383 ] ] } },
{ "type": "Feature", "properties": { "name": null, "highway": "residential" }, "geometry": { "type": "LineString", "coordinates": [ [ 73.0754562, 19.0380871 ], [ 73.0754391, 19.0379115 ] ] } },
{ "type": "Feature", "properties": { "name": null, "highway": "residential" }, "geometry": { "type": "LineString", "coordinates": [ [ 73.0752696, 19.0372838 ], [ 73.0755803, 19.0372635 ] ] } },
{ "type": "Feature", "properties": { "name": null, "highway": "service" }, "geometry": { "type": "LineString", "coordinates": [ [ 73.0811313, 19.042907 ], [ 73.0810525, 19.0429141 ], [ 73.0803368, 19.0430221 ] ] } },
{ "type": "Feature", "properties": { "name": null, "highway": "residential" }, "geometry": { "type": "LineString", "coordinates": [ [ 73.0808649, 19.0452869 ], [ 73.0813166, 19.0452366 ], [ 73.081419, 19.0452248 ] ] } },
{ "type": "Feature", "properties": { "name": null, "highway": "residential" }, "geometry": { "type": "LineString", "coordinates": [ [ 73.0770008, 19.0343525 ], [ 73.0769432, 19.0342996 ], [ 73.076939, 19.0342957 ], [ 73.0769176, 19.0342741 ], [ 73.0768811, 19.0342392 ] ] } },
{ "type": "Feature", "properties": { "name": null, "highway": "residential" }, "geometry": { "type": "LineString", "coordinates": [ [ 73.076808, 19.0331894 ], [ 73.0768354, 19.0331654 ], [ 73.0768501, 19.033154 ], [ 73.0768572, 19.0331496 ], [ 73.0769204, 19.0330935 ] ] } },
{ "type": "Feature", "properties": { "name": null, "highway": "residential" }, "geometry": { "type": "LineString", "coordinates": [ [ 73.0853287, 19.0688348 ], [ 73.0853436, 19.0689169 ], [ 73.0853515, 19.0689601 ], [ 73.0855397, 19.0699958 ], [ 73.0855481, 19.0700181 ], [ 73.0855625, 19.0700301 ], [ 73.0855803, 19.0700336 ], [ 73.0860639, 19.069969 ], [ 73.0860913, 19.0699591 ], [ 73.0861126, 19.0699389 ], [ 73.0861199, 19.0699182 ], [ 73.086121, 19.069895 ], [ 73.0860371, 19.0693579 ], [ 73.0859394, 19.0689204 ], [ 73.0859348, 19.0689011 ], [ 73.0859233, 19.0688862 ], [ 73.0859047, 19.0688784 ], [ 73.0853515, 19.0689601 ] ] } },
{ "type": "Feature", "properties": { "name": null, "highway": "residential" }, "geometry": { "type": "LineString", "coordinates": [ [ 73.0750285, 19.0354356 ], [ 73.0751207, 19.03544 ], [ 73.0751467, 19.0354469 ], [ 73.0751654, 19.0354562 ] ] } },
{ "type": "Feature", "properties": { "name": null, "highway": "service" }, "geometry": { "type": "LineString", "coordinates": [ [ 73.0639308, 19.0612274 ], [ 73.0644459, 19.0612452 ] ] } },
{ "type": "Feature", "properties": { "name": null, "highway": "service" }, "geometry": { "type": "LineString", "coordinates": [ [ 73.0644459, 19.0612452 ], [ 73.0645402, 19.0612484 ] ] } },
{ "type": "Feature", "properties": { "name": null, "highway": "service" }, "geometry": { "type": "LineString", "coordinates": [ [ 73.0634736, 19.0376216 ], [ 73.0647683, 19.0373427 ], [ 73.064822, 19.037358 ], [ 73.0649051, 19.0376571 ], [ 73.0649051, 19.0377307 ] ] } },
{ "type": "Feature", "properties": { "name": null, "highway": "residential" }, "geometry": { "type": "LineString", "coordinates": [ [ 73.0644884, 19.0430178 ], [ 73.0643858, 19.04303 ], [ 73.0642833, 19.0430423 ] ] } },
{ "type": "Feature", "properties": { "name": null, "highway": "residential" }, "geometry": { "type": "LineString", "coordinates": [ [ 73.0643357, 19.0435547 ], [ 73.0642833, 19.0430423 ], [ 73.0642204, 19.0424264 ], [ 73.064088, 19.0411577 ] ] } },
{ "type": "Feature", "properties": { "name": null, "highway": "residential" }, "geometry": { "type": "LineString", "coordinates": [ [ 73.0859962, 19.0687566 ], [ 73.085636, 19.0688073 ], [ 73.0854191, 19.0688239 ], [ 73.0853287, 19.0688348 ] ] } },
{ "type": "Feature", "properties": { "name": null, "highway": "residential" }, "geometry": { "type": "LineString", "coordinates": [ [ 73.08621, 19.069826 ], [ 73.0859962, 19.0687566 ] ] } },
{ "type": "Feature", "properties": { "name": null, "highway": "residential" }, "geometry": { "type": "LineString", "coordinates": [ [ 73.0693591, 19.0493042 ], [ 73.0693542, 19.049261 ], [ 73.0693101, 19.0488699 ], [ 73.0695117, 19.0488399 ], [ 73.0695506, 19.0492478 ], [ 73.0695539, 19.0492828 ] ] } },
{ "type": "Feature", "properties": { "name": null, "highway": "tertiary_link" }, "geometry": { "type": "LineString", "coordinates": [ [ 73.0775142, 19.0647161 ], [ 73.0776432, 19.0647051 ] ] } },
{ "type": "Feature", "properties": { "name": null, "highway": "service" }, "geometry": { "type": "LineString", "coordinates": [ [ 73.0776298, 19.0646024 ], [ 73.0777111, 19.0645956 ], [ 73.077753, 19.064592 ] ] } },
{ "type": "Feature", "properties": { "name": null, "highway": "service" }, "geometry": { "type": "LineString", "coordinates": [ [ 73.0792992, 19.0644747 ], [ 73.0792526, 19.0644673 ], [ 73.0792059, 19.0644599 ] ] } },
{ "type": "Feature", "properties": { "name": null, "highway": "residential" }, "geometry": { "type": "LineString", "coordinates": [ [ 73.0885909, 19.0137145 ], [ 73.08856, 19.0136743 ], [ 73.0883578, 19.0134119 ], [ 73.0886717, 19.0131968 ], [ 73.0888634, 19.0134594 ], [ 73.0888949, 19.0135025 ] ] } },
{ "type": "Feature", "properties": { "name": null, "highway": "residential" }, "geometry": { "type": "LineString", "coordinates": [ [ 73.0450227, 19.0240099 ], [ 73.0450059, 19.0240288 ], [ 73.0449731, 19.0240288 ], [ 73.0446875, 19.0237939 ] ] } },
{ "type": "Feature", "properties": { "name": "Service Road", "highway": "tertiary" }, "geometry": { "type": "LineString", "coordinates": [ [ 73.0609246, 19.0293039 ], [ 73.0603262, 19.0288915 ] ] } },
{ "type": "Feature", "properties": { "name": "Service Road", "highway": "tertiary" }, "geometry": { "type": "LineString", "coordinates": [ [ 73.0603262, 19.0288915 ], [ 73.0599173, 19.0286097 ], [ 73.0598689, 19.0285763 ] ] } },
{ "type": "Feature", "properties": { "name": null, "highway": "service" }, "geometry": { "type": "LineString", "coordinates": [ [ 73.0600321, 19.0283813 ], [ 73.0603501, 19.0285886 ], [ 73.0605246, 19.0285835 ] ] } },
{ "type": "Feature", "properties": { "name": null, "highway": "residential" }, "geometry": { "type": "LineString", "coordinates": [ [ 73.0576871, 19.029712 ], [ 73.0577661, 19.0296986 ], [ 73.0579791, 19.0296624 ], [ 73.0580145, 19.0296512 ], [ 73.0580169, 19.0296155 ], [ 73.0580298, 19.0295943 ], [ 73.0580475, 19.0295765 ], [ 73.0580523, 19.0295519 ], [ 73.0579555, 19.029117 ], [ 73.0579319, 19.0290958 ], [ 73.0578529, 19.0290936 ], [ 73.0576972, 19.0291215 ], [ 73.057571, 19.0291442 ] ] } },
{ "type": "Feature", "properties": { "name": null, "highway": "residential" }, "geometry": { "type": "LineString", "coordinates": [ [ 73.0757836, 19.0349474 ], [ 73.076058, 19.0346766 ] ] } },
{ "type": "Feature", "properties": { "name": null, "highway": "residential" }, "geometry": { "type": "LineString", "coordinates": [ [ 73.0744455, 19.0326742 ], [ 73.0745285, 19.0327554 ], [ 73.0747953, 19.0330162 ] ] } },
{ "type": "Feature", "properties": { "name": null, "highway": "residential" }, "geometry": { "type": "LineString", "coordinates": [ [ 73.0745285, 19.0327554 ], [ 73.0746884, 19.032615 ] ] } },
{ "type": "Feature", "properties": { "name": null, "highway": "residential" }, "geometry": { "type": "LineString", "coordinates": [ [ 73.087786, 19.022629 ], [ 73.0877521, 19.0225848 ], [ 73.0877395, 19.0225691 ], [ 73.0875347, 19.0223137 ], [ 73.0875386, 19.0222934 ], [ 73.0876644, 19.0222086 ], [ 73.0876956, 19.0222086 ], [ 73.0877268, 19.0222252 ], [ 73.0879015, 19.02245 ], [ 73.087913, 19.0224649 ], [ 73.0879589, 19.0225252 ] ] } },
{ "type": "Feature", "properties": { "name": null, "highway": "residential" }, "geometry": { "type": "LineString", "coordinates": [ [ 73.0877395, 19.0225691 ], [ 73.0879015, 19.02245 ] ] } },
{ "type": "Feature", "properties": { "name": null, "highway": "residential" }, "geometry": { "type": "LineString", "coordinates": [ [ 73.0860775, 19.0195781 ], [ 73.0861277, 19.0196367 ], [ 73.0862378, 19.0197894 ], [ 73.0862389, 19.0198029 ], [ 73.0861425, 19.0198735 ] ] } },
{ "type": "Feature", "properties": { "name": null, "highway": "residential" }, "geometry": { "type": "LineString", "coordinates": [ [ 73.0861775, 19.0157461 ], [ 73.086256, 19.0158422 ], [ 73.0863855, 19.0160009 ], [ 73.0864143, 19.016003 ], [ 73.0866077, 19.0158526 ], [ 73.0866062, 19.015836 ], [ 73.0865578, 19.0157739 ], [ 73.086537, 19.0157708 ], [ 73.0864573, 19.0158171 ], [ 73.0864398, 19.0158116 ], [ 73.0863723, 19.0157352 ], [ 73.0862693, 19.0156186 ] ] } },
{ "type": "Feature", "properties": { "name": null, "highway": "residential" }, "geometry": { "type": "LineString", "coordinates": [ [ 73.0877373, 19.015966 ], [ 73.0876209, 19.0160484 ], [ 73.0873987, 19.0162075 ], [ 73.0873935, 19.016241 ], [ 73.0874723, 19.0163431 ], [ 73.0874984, 19.0163475 ], [ 73.087563, 19.0163027 ], [ 73.0875802, 19.0163027 ], [ 73.0877179, 19.0164728 ], [ 73.0877403, 19.0164728 ], [ 73.0878724, 19.0163715 ], [ 73.087976, 19.016292 ] ] } },
{ "type": "Feature", "properties": { "name": null, "highway": "residential" }, "geometry": { "type": "LineString", "coordinates": [ [ 73.075832, 19.073703 ], [ 73.0758253, 19.0736743 ], [ 73.0755949, 19.0737381 ], [ 73.0756623, 19.0739133 ], [ 73.0758253, 19.0738719 ], [ 73.0758511, 19.0738496 ], [ 73.0758579, 19.0738177 ], [ 73.0758556, 19.073771 ], [ 73.075832, 19.073703 ] ] } },
{ "type": "Feature", "properties": { "name": null, "highway": "residential" }, "geometry": { "type": "LineString", "coordinates": [ [ 73.0758826, 19.0736887 ], [ 73.0758573, 19.0736959 ], [ 73.075832, 19.073703 ] ] } },
{ "type": "Feature", "properties": { "name": null, "highway": "service" }, "geometry": { "type": "LineString", "coordinates": [ [ 73.0619724, 19.0300268 ], [ 73.0619105, 19.0301179 ], [ 73.0619321, 19.0301754 ], [ 73.0619895, 19.0301725 ], [ 73.0620609, 19.0300878 ] ] } },
{ "type": "Feature", "properties": { "name": null, "highway": "service" }, "geometry": { "type": "LineString", "coordinates": [ [ 73.0623561, 19.0302915 ], [ 73.0622908, 19.030373 ], [ 73.0623056, 19.0304388 ], [ 73.0623806, 19.0304364 ], [ 73.06245, 19.0303563 ] ] } },
{ "type": "Feature", "properties": { "name": null, "highway": "service" }, "geometry": { "type": "LineString", "coordinates": [ [ 73.0623056, 19.0304388 ], [ 73.0622894, 19.0304595 ] ] } },
{ "type": "Feature", "properties": { "name": null, "highway": "service" }, "geometry": { "type": "LineString", "coordinates": [ [ 73.0619321, 19.0301754 ], [ 73.0619133, 19.0302021 ] ] } },
{ "type": "Feature", "properties": { "name": null, "highway": "residential" }, "geometry": { "type": "LineString", "coordinates": [ [ 73.0741337, 19.0334193 ], [ 73.0738489, 19.0336716 ] ] } },
{ "type": "Feature", "properties": { "name": null, "highway": "residential" }, "geometry": { "type": "LineString", "coordinates": [ [ 73.0742359, 19.0335103 ], [ 73.0739336, 19.0337707 ], [ 73.0739138, 19.0337678 ], [ 73.0738603, 19.0337104 ], [ 73.0738489, 19.0336716 ] ] } },
{ "type": "Feature", "properties": { "name": null, "highway": "residential" }, "geometry": { "type": "LineString", "coordinates": [ [ 73.0819532, 19.0593852 ], [ 73.081948, 19.0593426 ], [ 73.0819443, 19.0593118 ], [ 73.0819238, 19.0591314 ], [ 73.0819209, 19.0591177 ], [ 73.0819115, 19.0591115 ], [ 73.081897, 19.0591095 ], [ 73.0817696, 19.0591284 ], [ 73.0817338, 19.0591338 ], [ 73.0817142, 19.0591367 ] ] } },
{ "type": "Feature", "properties": { "name": null, "highway": "residential" }, "geometry": { "type": "LineString", "coordinates": [ [ 73.0817696, 19.0591284 ], [ 73.0817983, 19.0593075 ], [ 73.0818034, 19.0593189 ], [ 73.0818145, 19.0593246 ], [ 73.0819443, 19.0593118 ] ] } },
{ "type": "Feature", "properties": { "name": null, "highway": "service" }, "geometry": { "type": "LineString", "coordinates": [ [ 73.0644457, 19.0322249 ], [ 73.0645221, 19.0322696 ], [ 73.0646458, 19.032343 ] ] } },
{ "type": "Feature", "properties": { "name": null, "highway": "service" }, "geometry": { "type": "LineString", "coordinates": [ [ 73.0649038, 19.0325389 ], [ 73.0648526, 19.0325055 ], [ 73.0647921, 19.0324534 ] ] } },
{ "type": "Feature", "properties": { "name": null, "highway": "residential" }, "geometry": { "type": "LineString", "coordinates": [ [ 73.0886393, 19.0366539 ], [ 73.0884228, 19.0367572 ] ] } },
{ "type": "Feature", "properties": { "name": null, "highway": "residential" }, "geometry": { "type": "LineString", "coordinates": [ [ 73.0775231, 19.0706505 ], [ 73.0781503, 19.0704987 ], [ 73.0781781, 19.0705058 ], [ 73.0781907, 19.0705381 ], [ 73.0782741, 19.0709273 ], [ 73.0782665, 19.0709512 ], [ 73.0782248, 19.0709584 ], [ 73.0779861, 19.071005 ] ] } },
{ "type": "Feature", "properties": { "name": null, "highway": "residential" }, "geometry": { "type": "LineString", "coordinates": [ [ 73.0848539, 19.0689038 ], [ 73.0847501, 19.0689201 ] ] } },
{ "type": "Feature", "properties": { "name": null, "highway": "primary" }, "geometry": { "type": "LineString", "coordinates": [ [ 73.0831779, 19.0725276 ], [ 73.0831937, 19.072476 ], [ 73.0832128, 19.072436 ], [ 73.0832428, 19.0723967 ], [ 73.0832806, 19.0723595 ], [ 73.0838158, 19.0719032 ], [ 73.0839469, 19.0717849 ], [ 73.08403, 19.0716998 ], [ 73.0841048, 19.071616 ], [ 73.0843315, 19.0713514 ], [ 73.0844403, 19.0712238 ], [ 73.0845969, 19.0710165 ], [ 73.0846455, 19.0709398 ], [ 73.0846989, 19.0708496 ], [ 73.0847499, 19.0707439 ], [ 73.0847908, 19.0706386 ], [ 73.0848179, 19.0705529 ], [ 73.084842, 19.0704411 ], [ 73.0848608, 19.0703059 ], [ 73.0848774, 19.0701245 ], [ 73.0848858, 19.0699515 ], [ 73.0848732, 19.0697756 ], [ 73.0848279, 19.0694308 ], [ 73.0847501, 19.0689201 ] ] } },
{ "type": "Feature", "properties": { "name": null, "highway": "service" }, "geometry": { "type": "LineString", "coordinates": [ [ 73.0897638, 19.0245078 ], [ 73.0896002, 19.0242967 ], [ 73.0895366, 19.0242173 ] ] } },
{ "type": "Feature", "properties": { "name": null, "highway": "service" }, "geometry": { "type": "LineString", "coordinates": [ [ 73.0688217, 19.0685613 ], [ 73.0687794, 19.0686822 ], [ 73.0685238, 19.0694122 ], [ 73.0688087, 19.0695059 ], [ 73.0690805, 19.0687725 ], [ 73.0691235, 19.0686567 ] ] } },
{ "type": "Feature", "properties": { "name": null, "highway": "service" }, "geometry": { "type": "LineString", "coordinates": [ [ 73.0688476, 19.0684873 ], [ 73.0688217, 19.0685613 ] ] } },
{ "type": "Feature", "properties": { "name": null, "highway": "service" }, "geometry": { "type": "LineString", "coordinates": [ [ 73.0691235, 19.0686567 ], [ 73.0691494, 19.0685866 ] ] } },
{ "type": "Feature", "properties": { "name": null, "highway": "service" }, "geometry": { "type": "LineString", "coordinates": [ [ 73.0687794, 19.0686822 ], [ 73.0690805, 19.0687725 ] ] } },
{ "type": "Feature", "properties": { "name": null, "highway": "residential" }, "geometry": { "type": "LineString", "coordinates": [ [ 73.0892727, 19.0131705 ], [ 73.0895209, 19.0130007 ], [ 73.0894129, 19.0128752 ], [ 73.0891675, 19.0130332 ] ] } },
{ "type": "Feature", "properties": { "name": null, "highway": "residential" }, "geometry": { "type": "LineString", "coordinates": [ [ 73.0892384, 19.013194 ], [ 73.0892727, 19.0131705 ] ] } },
{ "type": "Feature", "properties": { "name": null, "highway": "residential" }, "geometry": { "type": "LineString", "coordinates": [ [ 73.0891675, 19.0130332 ], [ 73.0891229, 19.0130619 ] ] } },
{ "type": "Feature", "properties": { "name": null, "highway": "residential" }, "geometry": { "type": "LineString", "coordinates": [ [ 73.0690409, 19.0662257 ], [ 73.0689809, 19.066183 ], [ 73.0689584, 19.066167 ], [ 73.0688076, 19.0660483 ], [ 73.0687876, 19.0660448 ], [ 73.068771, 19.0660508 ], [ 73.0687283, 19.0661114 ], [ 73.0687283, 19.0661201 ], [ 73.068731, 19.0661292 ], [ 73.0687373, 19.0661351 ], [ 73.0689012, 19.0662543 ], [ 73.0689237, 19.0662707 ], [ 73.068975, 19.0663081 ] ] } },
{ "type": "Feature", "properties": { "name": null, "highway": "residential" }, "geometry": { "type": "LineString", "coordinates": [ [ 73.0689012, 19.0662543 ], [ 73.0689584, 19.066167 ] ] } },
{ "type": "Feature", "properties": { "name": null, "highway": "residential" }, "geometry": { "type": "LineString", "coordinates": [ [ 73.0690521, 19.0662117 ], [ 73.0689914, 19.0661634 ], [ 73.0688238, 19.0660329 ] ] } },
{ "type": "Feature", "properties": { "name": null, "highway": "service" }, "geometry": { "type": "LineString", "coordinates": [ [ 73.0873455, 19.0153425 ], [ 73.0872833, 19.0152627 ], [ 73.0872598, 19.0152345 ], [ 73.0869213, 19.0148285 ], [ 73.086862, 19.0147573 ] ] } },
{ "type": "Feature", "properties": { "name": null, "highway": "service" }, "geometry": { "type": "LineString", "coordinates": [ [ 73.0876114, 19.0151455 ], [ 73.0875611, 19.0150768 ], [ 73.0875332, 19.0150416 ], [ 73.0871278, 19.0145316 ], [ 73.0870735, 19.0144632 ] ] } },
{ "type": "Feature", "properties": { "name": null, "highway": "service" }, "geometry": { "type": "LineString", "coordinates": [ [ 73.0872598, 19.0152345 ], [ 73.0875332, 19.0150416 ] ] } },
{ "type": "Feature", "properties": { "name": null, "highway": "residential" }, "geometry": { "type": "LineString", "coordinates": [ [ 73.0713586, 19.0521182 ], [ 73.0713031, 19.0520753 ], [ 73.0712497, 19.0520537 ], [ 73.0711681, 19.0520558 ], [ 73.0708411, 19.0520978 ], [ 73.070793, 19.0520752 ], [ 73.0707737, 19.052029 ], [ 73.0707671, 19.0518687 ], [ 73.0707857, 19.0518282 ], [ 73.0712024, 19.0517768 ], [ 73.0712397, 19.0517847 ], [ 73.0712548, 19.0517997 ], [ 73.0712719, 19.0519727 ] ] } },
{ "type": "Feature", "properties": { "name": null, "highway": "residential" }, "geometry": { "type": "LineString", "coordinates": [ [ 73.0778412, 19.0434547 ], [ 73.0779241, 19.0433881 ], [ 73.078113, 19.0432366 ], [ 73.078143, 19.0432231 ], [ 73.0781746, 19.043247 ], [ 73.0784354, 19.0435428 ], [ 73.0784401, 19.0435727 ] ] } },
{ "type": "Feature", "properties": { "name": null, "highway": "residential" }, "geometry": { "type": "LineString", "coordinates": [ [ 73.0784401, 19.0435727 ], [ 73.0784338, 19.0435921 ], [ 73.0782303, 19.0437361 ] ] } },
{ "type": "Feature", "properties": { "name": null, "highway": "residential" }, "geometry": { "type": "LineString", "coordinates": [ [ 73.0782303, 19.0437361 ], [ 73.078209, 19.0437516 ], [ 73.0781354, 19.0438052 ] ] } },
{ "type": "Feature", "properties": { "name": null, "highway": "residential" }, "geometry": { "type": "LineString", "coordinates": [ [ 73.0677932, 19.0463092 ], [ 73.0677583, 19.0460743 ] ] } },
{ "type": "Feature", "properties": { "name": null, "highway": "residential" }, "geometry": { "type": "LineString", "coordinates": [ [ 73.0891759, 19.0140238 ], [ 73.0892276, 19.0140826 ], [ 73.0892595, 19.014119 ], [ 73.0893852, 19.0142621 ], [ 73.089417, 19.0142946 ], [ 73.0894586, 19.0143019 ], [ 73.0896134, 19.0141957 ], [ 73.0896189, 19.0141775 ], [ 73.0896114, 19.0141576 ], [ 73.0894618, 19.0139701 ], [ 73.0894237, 19.0139224 ], [ 73.0893856, 19.0138746 ] ] } },
{ "type": "Feature", "properties": { "name": null, "highway": "residential" }, "geometry": { "type": "LineString", "coordinates": [ [ 73.0892595, 19.014119 ], [ 73.0894618, 19.0139701 ] ] } },
{ "type": "Feature", "properties": { "name": null, "highway": "residential" }, "geometry": { "type": "LineString", "coordinates": [ [ 73.0714634, 19.0392124 ], [ 73.0714257, 19.0392156 ], [ 73.0711345, 19.0392398 ], [ 73.071116, 19.03925 ], [ 73.0710975, 19.0392675 ], [ 73.0710929, 19.0392923 ], [ 73.0711117, 19.0395324 ], [ 73.071115, 19.0395743 ] ] } },
{ "type": "Feature", "properties": { "name": null, "highway": "service" }, "geometry": { "type": "LineString", "coordinates": [ [ 73.0714369, 19.0389707 ], [ 73.0709267, 19.0390135 ], [ 73.0709174, 19.0390173 ], [ 73.0709107, 19.0390306 ], [ 73.0709261, 19.0391859 ], [ 73.0709334, 19.0391922 ], [ 73.0709509, 19.0391935 ], [ 73.0714571, 19.0391555 ] ] } },
{ "type": "Feature", "properties": { "name": null, "highway": "residential" }, "geometry": { "type": "LineString", "coordinates": [ [ 73.0753503, 19.0361563 ], [ 73.0753831, 19.0361268 ], [ 73.075542, 19.0359839 ], [ 73.0755479, 19.0359719 ], [ 73.0755442, 19.0359598 ], [ 73.0754245, 19.0358467 ], [ 73.0753844, 19.0358087 ] ] } },
{ "type": "Feature", "properties": { "name": null, "highway": "residential" }, "geometry": { "type": "LineString", "coordinates": [ [ 73.0731046, 19.0694341 ], [ 73.0731121, 19.0695996 ], [ 73.073114, 19.069634 ], [ 73.0731407, 19.0701336 ], [ 73.073154, 19.070184 ], [ 73.0731794, 19.0701975 ], [ 73.0733876, 19.0701826 ], [ 73.0734161, 19.0701677 ], [ 73.0734269, 19.0701427 ], [ 73.0734267, 19.0700783 ], [ 73.0734365, 19.0700536 ], [ 73.0734592, 19.0700462 ], [ 73.0737456, 19.0700258 ], [ 73.0737866, 19.0700069 ], [ 73.0737901, 19.0699765 ], [ 73.0737837, 19.0698877 ], [ 73.0737672, 19.0698644 ], [ 73.0737343, 19.0698654 ], [ 73.0736216, 19.0698676 ], [ 73.0735999, 19.0698426 ], [ 73.0735895, 19.0698003 ], [ 73.0735766, 19.0695949 ], [ 73.0735744, 19.0695589 ], [ 73.0735646, 19.069403 ] ] } },
{ "type": "Feature", "properties": { "name": null, "highway": "residential" }, "geometry": { "type": "LineString", "coordinates": [ [ 73.0733602, 19.0729762 ], [ 73.0733458, 19.0729294 ], [ 73.07327, 19.0726832 ], [ 73.0732696, 19.0726699 ], [ 73.0732764, 19.0726557 ], [ 73.0732894, 19.0726488 ], [ 73.0734259, 19.0726144 ], [ 73.0734463, 19.0726145 ], [ 73.0734618, 19.0726244 ], [ 73.0734688, 19.0726362 ], [ 73.0735224, 19.0728913 ], [ 73.0735325, 19.0729394 ] ] } },
{ "type": "Feature", "properties": { "name": null, "highway": "residential" }, "geometry": { "type": "LineString", "coordinates": [ [ 73.0764321, 19.0488467 ], [ 73.0764951, 19.0489033 ], [ 73.0766349, 19.0490415 ], [ 73.0766365, 19.0490493 ], [ 73.0766308, 19.049061 ], [ 73.0765682, 19.0491124 ], [ 73.0765553, 19.0491153 ], [ 73.076542, 19.0491085 ], [ 73.0764148, 19.0489739 ] ] } },
{ "type": "Feature", "properties": { "name": null, "highway": "footway" }, "geometry": { "type": "LineString", "coordinates": [ [ 73.0764148, 19.0489739 ], [ 73.0763574, 19.0489082 ] ] } },
{ "type": "Feature", "properties": { "name": null, "highway": "residential" }, "geometry": { "type": "LineString", "coordinates": [ [ 73.0697842, 19.0461094 ], [ 73.0698611, 19.0460998 ], [ 73.0701421, 19.0460648 ], [ 73.070149, 19.0460666 ], [ 73.0701538, 19.0460705 ], [ 73.0701547, 19.0460764 ], [ 73.070191, 19.0463573 ], [ 73.0701971, 19.0464046 ] ] } },
{ "type": "Feature", "properties": { "name": null, "highway": "residential" }, "geometry": { "type": "LineString", "coordinates": [ [ 73.0763601, 19.0489808 ], [ 73.0763874, 19.0490055 ], [ 73.0765349, 19.0491387 ], [ 73.0765421, 19.0491539 ], [ 73.0765388, 19.0491841 ], [ 73.0765126, 19.0492163 ], [ 73.0762952, 19.049396 ], [ 73.0762514, 19.0494322 ] ] } },
{ "type": "Feature", "properties": { "name": null, "highway": "residential" }, "geometry": { "type": "LineString", "coordinates": [ [ 73.0763874, 19.0490055 ], [ 73.0762759, 19.0491029 ], [ 73.0762623, 19.0491224 ], [ 73.0762567, 19.0491527 ], [ 73.0762952, 19.049396 ] ] } },
{ "type": "Feature", "properties": { "name": null, "highway": "residential" }, "geometry": { "type": "LineString", "coordinates": [ [ 73.0763167, 19.0489416 ], [ 73.0763601, 19.0489808 ] ] } },
{ "type": "Feature", "properties": { "name": null, "highway": "residential" }, "geometry": { "type": "LineString", "coordinates": [ [ 73.0762514, 19.0494322 ], [ 73.0762077, 19.0494683 ] ] } },
{ "type": "Feature", "properties": { "name": null, "highway": "residential" }, "geometry": { "type": "LineString", "coordinates": [ [ 73.0770624, 19.049144 ], [ 73.0770483, 19.0491273 ], [ 73.0768652, 19.0489327 ], [ 73.0768652, 19.0489192 ], [ 73.076868, 19.0489055 ], [ 73.0769087, 19.0488624 ], [ 73.0769246, 19.0488573 ], [ 73.0769436, 19.0488573 ], [ 73.0769637, 19.0488671 ], [ 73.0771164, 19.0490172 ], [ 73.0771284, 19.0490318 ], [ 73.0771324, 19.0490447 ], [ 73.0771283, 19.0490593 ], [ 73.0770483, 19.0491273 ] ] } },
{ "type": "Feature", "properties": { "name": null, "highway": "residential" }, "geometry": { "type": "LineString", "coordinates": [ [ 73.0770976, 19.0491823 ], [ 73.0770624, 19.049144 ] ] } },
{ "type": "Feature", "properties": { "name": null, "highway": "residential" }, "geometry": { "type": "LineString", "coordinates": [ [ 73.0881323, 19.0227272 ], [ 73.0880515, 19.0227926 ], [ 73.0877613, 19.0230278 ], [ 73.0876432, 19.02288 ], [ 73.0878922, 19.0226879 ] ] } },
{ "type": "Feature", "properties": { "name": null, "highway": "residential" }, "geometry": { "type": "LineString", "coordinates": [ [ 73.0876432, 19.02288 ], [ 73.0876013, 19.022833 ], [ 73.0875539, 19.02278 ] ] } },
{ "type": "Feature", "properties": { "name": "Jalvayu Vihar Marg", "highway": "secondary" }, "geometry": { "type": "LineString", "coordinates": [ [ 73.0708174, 19.0532122 ], [ 73.0707879, 19.0531815 ], [ 73.0707651, 19.0531444 ], [ 73.0707503, 19.0531049 ], [ 73.0707406, 19.0530564 ], [ 73.0706273, 19.0521915 ], [ 73.0705602, 19.0516799 ] ] } },
{ "type": "Feature", "properties": { "name": null, "highway": "residential" }, "geometry": { "type": "LineString", "coordinates": [ [ 73.0704464, 19.051692 ], [ 73.0705602, 19.0516799 ] ] } },
{ "type": "Feature", "properties": { "name": "Jalvayu Vihar Marg", "highway": "secondary" }, "geometry": { "type": "LineString", "coordinates": [ [ 73.0704464, 19.051692 ], [ 73.0706078, 19.052925 ], [ 73.0706226, 19.0530383 ], [ 73.0706259, 19.0530954 ], [ 73.0706248, 19.0531503 ], [ 73.0706175, 19.0531939 ], [ 73.0706068, 19.0532241 ] ] } },
{ "type": "Feature", "properties": { "name": "Jalvayu Vihar Marg", "highway": "secondary" }, "geometry": { "type": "LineString", "coordinates": [ [ 73.0704348, 19.0516034 ], [ 73.0704464, 19.051692 ] ] } },
{ "type": "Feature", "properties": { "name": "Jalvayu Vihar Marg", "highway": "secondary" }, "geometry": { "type": "LineString", "coordinates": [ [ 73.0705602, 19.0516799 ], [ 73.0705493, 19.0515916 ] ] } }
]
}
